t_s,state,copter_n,copter_e,copter_d,rover_n,rover_e,in_fov,occluded,bbox_cx,bbox_cy,px_err,vx_cmd,vy_cmd,loop_ms
0.0,ACQUIRE,0.01,-0.01,-8.81,0.51,-0.01,1,0,,,,0.0,0.0,4.5
0.05,ACQUIRE,0.01,-0.01,-8.92,0.59,-0.01,1,0,,,,0.0,0.0,1.4
0.1,ACQUIRE,0.01,-0.01,-8.92,0.66,-0.01,1,0,,,,0.0,0.0,0.8
0.15,ACQUIRE,0.01,-0.01,-9.03,0.74,-0.01,1,0,,,,0.0,0.0,1.5
0.2,ACQUIRE,0.01,-0.01,-9.03,0.81,-0.01,1,0,,,,0.0,0.0,0.8
0.25,ACQUIRE,0.01,-0.01,-9.13,0.89,-0.01,1,0,,,,0.0,0.0,1.5
0.3,ACQUIRE,0.01,-0.01,-9.13,0.97,-0.01,1,0,,,,0.0,0.0,0.6
0.35,ACQUIRE,0.01,-0.01,-9.22,1.04,-0.01,1,0,,,,0.0,0.0,1.4
0.4,ACQUIRE,0.01,-0.01,-9.22,1.12,-0.01,1,0,,,,0.0,0.0,0.7
0.45,ACQUIRE,0.01,-0.01,-9.3,1.19,-0.01,1,0,,,,0.0,0.0,1.4
0.5,ACQUIRE,0.01,-0.01,-9.3,1.27,-0.01,1,0,,,,0.0,0.0,0.7
0.55,ACQUIRE,0.01,-0.01,-9.38,1.34,-0.01,1,0,,,,0.0,0.0,1.2
0.6,ACQUIRE,0.01,-0.01,-9.38,1.42,-0.01,1,0,,,,0.0,0.0,0.8
0.65,ACQUIRE,0.01,-0.01,-9.44,1.49,-0.01,1,0,,,,0.0,0.0,1.4
0.7,ACQUIRE,0.01,-0.01,-9.44,1.57,-0.01,1,0,,,,0.0,0.0,0.8
0.75,ACQUIRE,0.01,-0.01,-9.49,1.64,-0.01,1,0,,,,0.0,0.0,1.5
0.8,ACQUIRE,0.01,-0.01,-9.49,1.72,-0.01,1,0,,,,0.0,0.0,0.8
0.85,ACQUIRE,0.01,-0.01,-9.53,1.79,-0.01,1,0,,,,0.0,0.0,1.5
0.9,ACQUIRE,0.01,-0.01,-9.53,1.87,-0.01,1,0,,,,0.0,0.0,0.7
0.95,ACQUIRE,0.01,-0.01,-9.56,1.94,-0.01,1,0,,,,0.0,0.0,1.5
1.0,ACQUIRE,0.01,-0.01,-9.56,2.02,-0.01,1,0,,,,0.0,0.0,0.9
1.05,ACQUIRE,0.01,-0.01,-9.58,2.09,-0.01,1,0,,,,0.0,0.0,1.4
1.1,ACQUIRE,0.01,-0.01,-9.58,2.17,-0.01,1,0,,,,0.0,0.0,0.8
1.15,ACQUIRE,0.01,-0.01,-9.59,2.24,-0.01,1,0,,,,0.0,0.0,1.5
1.2,ACQUIRE,0.01,-0.01,-9.59,2.32,-0.01,1,0,,,,0.0,0.0,0.8
1.25,ACQUIRE,0.01,-0.01,-9.59,2.39,-0.01,1,0,,,,0.0,0.0,1.3
1.3,ACQUIRE,0.01,-0.01,-9.59,2.47,-0.01,1,0,,,,0.0,0.0,0.8
1.35,ACQUIRE,0.01,-0.01,-9.59,2.54,-0.01,1,0,,,,0.0,0.0,1.4
1.4,ACQUIRE,0.01,-0.01,-9.59,2.62,-0.01,1,0,,,,0.0,0.0,0.9
1.45,ACQUIRE,0.01,-0.01,-9.58,2.69,-0.01,1,0,,,,0.0,0.0,1.6
1.5,ACQUIRE,0.01,-0.01,-9.58,2.77,-0.01,1,0,,,,0.0,0.0,0.8
1.55,ACQUIRE,0.01,-0.01,-9.58,2.84,-0.01,1,0,,,,0.0,0.0,1.3
1.6,ACQUIRE,0.01,-0.01,-9.58,2.92,-0.01,1,0,,,,0.0,0.0,0.6
1.65,ACQUIRE,0.01,-0.01,-9.57,2.99,-0.01,1,0,,,,0.0,0.0,1.6
1.7,ACQUIRE,0.01,-0.01,-9.57,3.07,-0.01,1,0,,,,0.0,0.0,0.8
1.75,ACQUIRE,0.01,-0.01,-9.56,3.14,-0.01,1,0,,,,0.0,0.0,1.5
1.8,ACQUIRE,0.01,-0.01,-9.56,3.22,-0.01,1,0,,,,0.0,0.0,0.8
1.85,ACQUIRE,0.01,-0.01,-9.55,3.29,-0.01,1,0,,,,0.0,0.0,1.2
1.9,ACQUIRE,0.01,-0.01,-9.55,3.37,-0.01,1,0,,,,0.0,0.0,0.8
1.95,ACQUIRE,0.01,-0.01,-9.55,3.44,-0.01,1,0,,,,0.0,0.0,1.4
2.0,ACQUIRE,0.01,-0.01,-9.55,3.52,-0.01,1,0,,,,0.0,0.0,0.9
2.05,ACQUIRE,0.01,-0.01,-9.54,3.59,-0.01,1,0,,,,0.0,0.0,1.4
2.1,ACQUIRE,0.01,-0.01,-9.54,3.67,-0.01,1,0,,,,0.0,0.0,0.6
2.15,ACQUIRE,0.01,-0.01,-9.54,3.74,-0.01,1,0,,,,0.0,0.0,1.2
2.2,ACQUIRE,0.01,-0.01,-9.54,3.82,-0.01,1,0,,,,0.0,0.0,0.8
2.25,ACQUIRE,0.01,-0.01,-9.54,3.89,-0.01,1,0,,,,0.0,0.0,1.6
2.3,ACQUIRE,0.01,-0.01,-9.54,3.97,-0.01,1,0,,,,0.0,0.0,0.8
2.35,ACQUIRE,0.01,-0.01,-9.54,4.04,-0.01,1,0,,,,0.0,0.0,1.5
2.4,ACQUIRE,0.01,-0.01,-9.54,4.12,-0.01,1,0,,,,0.0,0.0,0.8
2.45,ACQUIRE,0.01,-0.01,-9.54,4.19,-0.01,1,0,,,,0.0,0.0,1.5
2.5,ACQUIRE,0.01,-0.01,-9.54,4.27,-0.01,1,0,,,,0.0,0.0,0.8
2.55,ACQUIRE,0.01,-0.01,-9.54,4.34,-0.01,1,0,,,,0.0,0.0,1.5
2.6,ACQUIRE,0.01,-0.01,-9.54,4.42,-0.01,1,0,,,,0.0,0.0,0.9
2.65,ACQUIRE,0.01,-0.01,-9.54,4.49,-0.01,1,0,,,,0.0,0.0,1.3
2.7,ACQUIRE,0.01,-0.01,-9.54,4.57,-0.01,1,0,,,,0.0,0.0,0.6
2.75,ACQUIRE,0.01,-0.01,-9.54,4.65,-0.01,1,0,,,,0.0,0.0,4.2
2.8,ACQUIRE,0.01,-0.01,-9.54,4.72,-0.01,1,0,,,,0.0,0.0,0.8
2.85,ACQUIRE,0.01,-0.01,-9.54,4.8,-0.01,1,0,,,,0.0,0.0,1.5
2.9,ACQUIRE,0.01,-0.01,-9.54,4.87,-0.01,1,0,,,,0.0,0.0,0.8
2.95,ACQUIRE,0.01,-0.01,-9.54,4.95,-0.01,1,0,,,,0.0,0.0,1.4
3.0,ACQUIRE,0.01,-0.01,-9.54,5.02,-0.01,1,0,,,,0.0,0.0,0.8
3.05,ACQUIRE,0.01,-0.01,-9.55,5.1,-0.01,1,0,,,,0.0,0.0,1.5
3.1,ACQUIRE,0.01,-0.01,-9.55,5.17,-0.01,1,0,,,,0.0,0.0,0.8
3.15,ACQUIRE,0.01,-0.01,-9.55,5.25,-0.01,1,0,,,,0.0,0.0,1.5
3.2,ACQUIRE,0.01,-0.01,-9.55,5.32,-0.01,1,0,,,,0.0,0.0,0.9
3.25,ACQUIRE,0.01,-0.01,-9.55,5.4,-0.01,1,0,,,,0.0,0.0,1.4
3.3,ACQUIRE,0.01,-0.01,-9.55,5.47,-0.01,1,0,,,,0.0,0.0,0.8
3.35,ACQUIRE,0.01,-0.01,-9.55,5.55,-0.01,1,0,,,,0.0,0.0,1.4
3.4,ACQUIRE,0.01,-0.01,-9.55,5.62,-0.01,1,0,,,,0.0,0.0,0.8
3.45,ACQUIRE,0.01,-0.01,-9.55,5.7,-0.01,1,0,,,,0.0,0.0,1.5
3.5,ACQUIRE,0.01,-0.01,-9.55,5.77,-0.01,1,0,,,,0.0,0.0,0.8
3.55,ACQUIRE,0.01,-0.02,-9.55,5.85,-0.01,1,0,,,,0.0,0.0,1.6
3.61,ACQUIRE,0.01,-0.02,-9.55,5.92,-0.01,1,0,,,,0.0,0.0,0.8
3.66,ACQUIRE,0.01,-0.02,-9.56,6.0,-0.01,1,0,,,,0.0,0.0,1.3
3.71,ACQUIRE,0.01,-0.02,-9.56,6.07,-0.01,1,0,,,,0.0,0.0,0.8
3.76,ACQUIRE,0.01,-0.02,-9.56,6.15,-0.01,1,0,,,,0.0,0.0,1.1
3.81,ACQUIRE,0.01,-0.02,-9.56,6.22,-0.01,0,0,,,,0.0,0.0,0.6
3.86,ACQUIRE,0.01,-0.02,-9.56,6.3,-0.01,0,0,,,,0.0,0.0,1.5
3.91,ACQUIRE,0.01,-0.02,-9.56,6.37,-0.01,0,0,,,,0.0,0.0,0.8
3.96,ACQUIRE,0.01,-0.02,-9.56,6.45,-0.01,0,0,,,,0.0,0.0,1.5
4.01,ACQUIRE,0.01,-0.02,-9.56,6.52,-0.01,0,0,,,,0.0,0.0,0.8
4.06,ACQUIRE,0.01,-0.02,-9.56,6.6,-0.01,0,0,,,,0.0,0.0,1.4
4.11,ACQUIRE,0.01,-0.02,-9.56,6.67,-0.01,0,0,,,,0.0,0.0,0.8
4.16,ACQUIRE,0.01,-0.02,-9.56,6.75,-0.01,0,0,,,,0.0,0.0,1.4
4.21,ACQUIRE,0.01,-0.02,-9.56,6.82,-0.01,0,0,,,,0.0,0.0,0.8
4.26,ACQUIRE,0.01,-0.02,-9.56,6.9,-0.01,0,0,,,,0.0,0.0,1.5
4.31,ACQUIRE,0.01,-0.02,-9.56,6.97,-0.01,0,0,,,,0.0,0.0,0.7
4.36,ACQUIRE,0.01,-0.02,-9.56,7.05,-0.01,0,0,,,,0.0,0.0,1.2
4.41,ACQUIRE,0.01,-0.02,-9.56,7.12,-0.01,0,0,,,,0.0,0.0,0.8
4.46,ACQUIRE,0.01,-0.02,-9.57,7.2,-0.01,0,0,,,,0.0,0.0,1.3
4.51,ACQUIRE,0.01,-0.02,-9.57,7.27,-0.01,0,0,,,,0.0,0.0,0.7
4.56,ACQUIRE,0.02,-0.02,-9.57,7.35,-0.01,0,0,,,,0.0,0.0,1.5
4.61,ACQUIRE,0.02,-0.02,-9.57,7.42,-0.01,0,0,,,,0.0,0.0,0.8
4.66,ACQUIRE,0.02,-0.02,-9.57,7.5,-0.01,0,0,,,,0.0,0.0,1.5
4.71,ACQUIRE,0.02,-0.02,-9.57,7.57,-0.01,0,0,,,,0.0,0.0,0.8
4.76,ACQUIRE,0.02,-0.03,-9.57,7.65,-0.01,0,0,,,,0.0,0.0,1.2
4.81,ACQUIRE,0.02,-0.03,-9.57,7.72,-0.01,0,0,,,,0.0,0.0,0.8
4.86,ACQUIRE,0.02,-0.03,-9.57,7.8,-0.01,0,0,,,,0.0,0.0,1.3
4.91,ACQUIRE,0.02,-0.03,-9.57,7.87,-0.01,0,0,,,,0.0,0.0,0.8
4.96,ACQUIRE,0.02,-0.03,-9.57,7.95,-0.01,0,0,,,,0.0,0.0,1.4
5.01,ACQUIRE,0.02,-0.03,-9.57,8.02,-0.01,0,0,,,,0.0,0.0,0.7
5.06,ACQUIRE,0.02,-0.03,-9.57,8.1,-0.01,0,0,,,,0.0,0.0,4.3
5.11,ACQUIRE,0.02,-0.03,-9.57,8.17,-0.01,0,0,,,,0.0,0.0,0.8
5.16,ACQUIRE,0.02,-0.03,-9.57,8.25,-0.01,0,0,,,,0.0,0.0,1.3
5.21,ACQUIRE,0.02,-0.03,-9.57,8.33,-0.01,0,0,,,,0.0,0.0,0.8
5.26,ACQUIRE,0.02,-0.03,-9.57,8.4,-0.01,0,0,,,,0.0,0.0,1.3
5.31,ACQUIRE,0.02,-0.03,-9.57,8.48,-0.01,0,0,,,,0.0,0.0,0.8
5.36,ACQUIRE,0.02,-0.03,-9.57,8.55,-0.01,0,0,,,,0.0,0.0,1.4
5.41,ACQUIRE,0.02,-0.03,-9.57,8.63,-0.01,0,0,,,,0.0,0.0,0.8
5.46,ACQUIRE,0.02,-0.03,-9.57,8.7,-0.01,0,0,,,,0.0,0.0,1.5
5.51,ACQUIRE,0.02,-0.03,-9.57,8.78,-0.01,0,0,,,,0.0,0.0,0.9
5.56,ACQUIRE,0.02,-0.03,-9.57,8.85,-0.01,0,0,,,,0.0,0.0,1.4
5.61,ACQUIRE,0.02,-0.03,-9.57,8.93,-0.01,0,0,,,,0.0,0.0,0.6
5.66,ACQUIRE,0.02,-0.03,-9.57,9.0,-0.01,0,0,,,,0.0,0.0,1.3
5.71,ACQUIRE,0.02,-0.03,-9.57,9.08,-0.01,0,0,,,,0.0,0.0,0.8
5.76,ACQUIRE,0.03,-0.03,-9.57,9.15,-0.01,0,0,,,,0.0,0.0,1.5
5.81,ACQUIRE,0.03,-0.03,-9.57,9.23,-0.01,0,0,,,,0.0,0.0,0.8
5.86,ACQUIRE,0.03,-0.03,-9.57,9.3,-0.01,0,0,,,,0.0,0.0,1.3
5.91,ACQUIRE,0.03,-0.03,-9.57,9.38,-0.01,0,0,,,,0.0,0.0,0.7
5.96,ACQUIRE,0.03,-0.03,-9.57,9.45,-0.01,0,0,,,,0.0,0.0,1.7
6.01,ACQUIRE,0.03,-0.03,-9.57,9.53,-0.01,0,0,,,,0.0,0.0,0.8
6.06,ACQUIRE,0.03,-0.03,-9.57,9.6,-0.01,0,0,,,,0.0,0.0,1.4
6.11,ACQUIRE,0.03,-0.03,-9.57,9.68,-0.01,0,0,,,,0.0,0.0,0.8
6.16,ACQUIRE,0.03,-0.03,-9.57,9.75,-0.01,0,0,,,,0.0,0.0,1.5
6.21,ACQUIRE,0.03,-0.03,-9.57,9.83,-0.01,0,0,,,,0.0,0.0,0.7
6.26,ACQUIRE,0.03,-0.03,-9.57,9.9,-0.01,0,0,,,,0.0,0.0,1.5
6.31,ACQUIRE,0.03,-0.03,-9.57,9.98,-0.01,0,0,,,,0.0,0.0,0.6
6.36,ACQUIRE,0.03,-0.03,-9.57,10.05,-0.01,0,0,,,,0.0,0.0,1.7
6.41,ACQUIRE,0.03,-0.03,-9.57,10.13,-0.01,0,0,,,,0.0,0.0,0.8
6.46,ACQUIRE,0.03,-0.03,-9.57,10.2,-0.01,0,0,,,,0.0,0.0,1.1
6.51,ACQUIRE,0.03,-0.03,-9.57,10.28,-0.01,0,0,,,,0.0,0.0,0.8
6.56,ACQUIRE,0.03,-0.03,-9.57,10.35,-0.01,0,0,,,,0.0,0.0,1.4
6.61,ACQUIRE,0.03,-0.03,-9.57,10.43,-0.01,0,0,,,,0.0,0.0,0.9
6.66,ACQUIRE,0.03,-0.03,-9.57,10.5,-0.01,0,0,,,,0.0,0.0,1.5
6.71,ACQUIRE,0.03,-0.03,-9.57,10.58,-0.01,0,0,,,,0.0,0.0,0.8
6.76,ACQUIRE,0.03,-0.03,-9.58,10.65,-0.01,0,0,,,,0.0,0.0,1.5
6.81,ACQUIRE,0.03,-0.03,-9.58,10.73,-0.01,0,0,,,,0.0,0.0,0.8
6.86,ACQUIRE,0.03,-0.03,-9.58,10.8,-0.01,0,0,,,,0.0,0.0,1.4
6.91,ACQUIRE,0.03,-0.03,-9.58,10.88,-0.01,0,0,,,,0.0,0.0,0.8
6.96,ACQUIRE,0.03,-0.03,-9.58,10.95,-0.01,0,0,,,,0.0,0.0,1.3
7.01,ACQUIRE,0.03,-0.03,-9.58,11.03,-0.01,0,0,,,,0.0,0.0,0.6
7.06,ACQUIRE,0.03,-0.03,-9.58,11.1,-0.01,0,0,,,,0.0,0.0,1.2
7.11,ACQUIRE,0.03,-0.03,-9.58,11.18,-0.01,0,0,,,,0.0,0.0,0.8
7.16,ACQUIRE,0.03,-0.03,-9.58,11.25,-0.01,0,0,,,,0.0,0.0,1.4
7.21,ACQUIRE,0.03,-0.03,-9.58,11.33,-0.01,0,0,,,,0.0,0.0,0.8
7.26,ACQUIRE,0.03,-0.03,-9.58,11.4,-0.01,0,0,,,,0.0,0.0,1.4
7.31,ACQUIRE,0.03,-0.03,-9.58,11.48,-0.01,0,0,,,,0.0,0.0,0.8
7.36,ACQUIRE,0.03,-0.03,-9.58,11.56,-0.01,0,0,,,,0.0,0.0,1.8
7.41,ACQUIRE,0.03,-0.03,-9.58,11.63,-0.01,0,0,,,,0.0,0.0,0.8
7.46,ACQUIRE,0.02,-0.03,-9.58,11.71,-0.01,0,0,,,,0.0,0.0,4.7
7.51,ACQUIRE,0.02,-0.03,-9.58,11.78,-0.01,0,0,,,,0.0,0.0,0.6
7.56,ACQUIRE,0.02,-0.03,-9.58,11.86,-0.01,0,0,,,,0.0,0.0,1.3
7.61,ACQUIRE,0.02,-0.03,-9.58,11.93,-0.01,0,0,,,,0.0,0.0,0.8
7.66,ACQUIRE,0.02,-0.03,-9.58,12.01,-0.01,0,0,,,,0.0,0.0,1.3
7.71,ACQUIRE,0.02,-0.03,-9.58,12.08,-0.01,0,0,,,,0.0,0.0,0.8
7.76,ACQUIRE,0.02,-0.03,-9.58,12.16,-0.01,0,0,,,,0.0,0.0,1.4
7.81,ACQUIRE,0.02,-0.03,-9.58,12.23,-0.01,0,0,,,,0.0,0.0,0.8
7.86,ACQUIRE,0.02,-0.03,-9.58,12.31,-0.01,0,0,,,,0.0,0.0,1.3
7.91,ACQUIRE,0.02,-0.03,-9.58,12.38,-0.01,0,0,,,,0.0,0.0,0.9
7.96,ACQUIRE,0.02,-0.03,-9.58,12.46,-0.01,0,0,,,,0.0,0.0,1.4
8.01,ACQUIRE,0.02,-0.03,-9.58,12.53,-0.01,0,0,,,,0.0,0.0,0.8
8.06,ACQUIRE,0.02,-0.03,-9.58,12.61,-0.01,0,0,,,,0.0,0.0,1.3
8.11,ACQUIRE,0.02,-0.03,-9.58,12.68,-0.01,0,0,,,,0.0,0.0,0.6
8.16,ACQUIRE,0.02,-0.03,-9.58,12.76,-0.01,0,0,,,,0.0,0.0,1.6
8.21,ACQUIRE,0.02,-0.03,-9.58,12.83,-0.01,0,0,,,,0.0,0.0,0.8
8.26,ACQUIRE,0.02,-0.03,-9.58,12.91,-0.01,0,0,,,,0.0,0.0,1.6
8.31,ACQUIRE,0.02,-0.03,-9.58,12.98,-0.01,0,0,,,,0.0,0.0,0.8
8.36,ACQUIRE,0.02,-0.03,-9.58,13.06,-0.01,0,0,,,,0.0,0.0,1.4
8.41,ACQUIRE,0.02,-0.03,-9.58,13.13,-0.01,0,0,,,,0.0,0.0,0.8
8.46,ACQUIRE,0.02,-0.03,-9.58,13.21,-0.01,0,0,,,,0.0,0.0,1.5
8.51,ACQUIRE,0.02,-0.03,-9.58,13.28,-0.01,0,0,,,,0.0,0.0,0.8
8.56,ACQUIRE,0.02,-0.03,-9.58,13.36,-0.01,0,0,,,,0.0,0.0,1.5
8.61,ACQUIRE,0.02,-0.03,-9.58,13.43,-0.01,0,0,,,,0.0,0.0,0.8
8.66,ACQUIRE,0.02,-0.02,-9.58,13.51,-0.01,0,0,,,,0.0,0.0,1.6
8.71,ACQUIRE,0.02,-0.02,-9.58,13.58,-0.01,0,0,,,,0.0,0.0,0.8
8.76,ACQUIRE,0.02,-0.03,-9.58,13.66,-0.01,0,0,,,,0.0,0.0,1.5
8.81,ACQUIRE,0.02,-0.03,-9.58,13.73,-0.01,0,0,,,,0.0,0.0,0.8
8.86,ACQUIRE,0.02,-0.02,-9.58,13.81,-0.01,0,0,,,,0.0,0.0,1.4
8.91,ACQUIRE,0.02,-0.02,-9.58,13.88,-0.01,0,0,,,,0.0,0.0,0.8
8.96,ACQUIRE,0.02,-0.02,-9.58,13.96,-0.01,0,0,,,,0.0,0.0,1.5
9.01,ACQUIRE,0.02,-0.02,-9.58,14.03,-0.01,0,0,,,,0.0,0.0,0.8
9.06,ACQUIRE,0.02,-0.02,-9.58,14.11,-0.01,0,0,,,,0.0,0.0,1.4
9.11,ACQUIRE,0.02,-0.02,-9.58,14.18,-0.01,0,0,,,,0.0,0.0,0.8
9.16,ACQUIRE,0.02,-0.02,-9.58,14.26,-0.01,0,0,,,,0.0,0.0,1.3
9.21,ACQUIRE,0.02,-0.02,-9.58,14.33,-0.01,0,0,,,,0.0,0.0,0.6
9.26,ACQUIRE,0.02,-0.02,-9.58,14.41,-0.01,0,0,,,,0.0,0.0,1.5
9.31,ACQUIRE,0.02,-0.02,-9.58,14.48,-0.01,0,0,,,,0.0,0.0,0.8
9.36,ACQUIRE,0.02,-0.02,-9.58,14.56,-0.01,0,0,,,,0.0,0.0,1.5
9.41,ACQUIRE,0.02,-0.02,-9.58,14.63,-0.01,0,0,,,,0.0,0.0,0.8
9.46,ACQUIRE,0.02,-0.02,-9.58,14.71,-0.01,0,0,,,,0.0,0.0,1.3
9.51,ACQUIRE,0.02,-0.02,-9.58,14.79,-0.01,0,0,,,,0.0,0.0,0.8
9.56,ACQUIRE,0.02,-0.02,-9.58,14.86,-0.01,0,0,,,,0.0,0.0,1.5
9.61,ACQUIRE,0.02,-0.02,-9.58,14.94,-0.01,0,0,,,,0.0,0.0,0.7
9.66,ACQUIRE,0.02,-0.02,-9.58,15.01,-0.01,0,0,,,,0.0,0.0,1.2
9.71,ACQUIRE,0.02,-0.02,-9.58,15.09,-0.01,0,0,,,,0.0,0.0,0.6
9.76,ACQUIRE,0.02,-0.02,-9.58,15.16,-0.01,0,0,,,,0.0,0.0,1.4
9.81,ACQUIRE,0.02,-0.02,-9.58,15.24,-0.01,0,0,,,,0.0,0.0,0.6
9.86,ACQUIRE,0.02,-0.02,-9.58,15.31,-0.01,0,0,,,,0.0,0.0,4.2
9.91,ACQUIRE,0.02,-0.02,-9.58,15.39,-0.01,0,0,,,,0.0,0.0,0.8
9.96,ACQUIRE,0.02,-0.02,-9.58,15.46,-0.01,0,0,,,,0.0,0.0,1.4
10.01,ACQUIRE,0.02,-0.02,-9.58,15.54,-0.01,0,0,,,,0.0,0.0,0.8
10.06,ACQUIRE,0.02,-0.02,-9.58,15.61,-0.01,0,0,,,,0.0,0.0,1.5
10.11,ACQUIRE,0.02,-0.02,-9.58,15.69,-0.01,0,0,,,,0.0,0.0,0.8
10.16,ACQUIRE,0.02,-0.02,-9.58,15.76,-0.01,0,0,,,,0.0,0.0,1.3
10.21,ACQUIRE,0.02,-0.02,-9.58,15.84,-0.01,0,0,,,,0.0,0.0,0.6
10.26,ACQUIRE,0.02,-0.02,-9.58,15.91,-0.01,0,0,,,,0.0,0.0,1.3
10.32,ACQUIRE,0.02,-0.02,-9.58,15.99,-0.01,0,0,,,,0.0,0.0,0.8
10.37,ACQUIRE,0.02,-0.02,-9.58,16.06,-0.01,0,0,,,,0.0,0.0,1.3
10.42,ACQUIRE,0.02,-0.02,-9.58,16.14,-0.01,0,0,,,,0.0,0.0,0.8
10.47,ACQUIRE,0.02,-0.02,-9.58,16.21,-0.01,0,0,,,,0.0,0.0,1.4
10.52,ACQUIRE,0.02,-0.02,-9.58,16.29,-0.01,0,0,,,,0.0,0.0,0.8
10.57,ACQUIRE,0.02,-0.02,-9.58,16.36,-0.01,0,0,,,,0.0,0.0,1.4
10.62,ACQUIRE,0.02,-0.02,-9.58,16.44,-0.01,0,0,,,,0.0,0.0,0.9
10.67,ACQUIRE,0.02,-0.02,-9.58,16.51,-0.01,0,0,,,,0.0,0.0,1.5
10.72,ACQUIRE,0.02,-0.02,-9.58,16.59,-0.01,0,0,,,,0.0,0.0,0.8
10.77,ACQUIRE,0.02,-0.02,-9.58,16.66,-0.01,0,0,,,,0.0,0.0,1.4
10.82,ACQUIRE,0.02,-0.02,-9.58,16.74,-0.01,0,0,,,,0.0,0.0,0.8
10.87,ACQUIRE,0.02,-0.02,-9.58,16.81,-0.01,0,0,,,,0.0,0.0,1.5
10.92,ACQUIRE,0.02,-0.02,-9.58,16.89,-0.01,0,0,,,,0.0,0.0,0.8
10.97,ACQUIRE,0.02,-0.02,-9.58,16.96,-0.01,0,0,,,,0.0,0.0,1.4
11.02,ACQUIRE,0.02,-0.02,-9.58,17.04,-0.01,0,0,,,,0.0,0.0,0.8
11.07,ACQUIRE,0.02,-0.01,-9.58,17.11,-0.01,0,0,,,,0.0,0.0,1.2
11.12,ACQUIRE,0.02,-0.01,-9.58,17.19,-0.01,0,0,,,,0.0,0.0,0.8
11.17,ACQUIRE,0.02,-0.01,-9.58,17.26,-0.01,0,0,,,,0.0,0.0,1.3
11.22,ACQUIRE,0.02,-0.01,-9.58,17.34,-0.01,0,0,,,,0.0,0.0,0.8
11.27,ACQUIRE,0.02,-0.01,-9.58,17.41,-0.01,0,0,,,,0.0,0.0,1.3
11.32,ACQUIRE,0.02,-0.01,-9.58,17.49,-0.01,0,0,,,,0.0,0.0,1.0
11.37,ACQUIRE,0.02,-0.01,-9.58,17.56,-0.01,0,0,,,,0.0,0.0,1.7
11.42,ACQUIRE,0.02,-0.01,-9.58,17.64,-0.01,0,0,,,,0.0,0.0,0.8
11.47,ACQUIRE,0.02,-0.01,-9.58,17.71,-0.01,0,0,,,,0.0,0.0,1.5
11.52,ACQUIRE,0.02,-0.01,-9.58,17.79,-0.01,0,0,,,,0.0,0.0,0.8
11.57,ACQUIRE,0.02,-0.01,-9.58,17.86,-0.01,0,0,,,,0.0,0.0,1.6
11.62,ACQUIRE,0.02,-0.01,-9.58,17.94,-0.01,0,0,,,,0.0,0.0,0.8
11.67,ACQUIRE,0.02,-0.01,-9.58,18.01,-0.01,0,0,,,,0.0,0.0,1.5
11.72,ACQUIRE,0.02,-0.01,-9.58,18.09,-0.01,0,0,,,,0.0,0.0,0.8
11.77,ACQUIRE,0.01,-0.01,-9.58,18.16,-0.01,0,0,,,,0.0,0.0,1.4
11.82,ACQUIRE,0.01,-0.01,-9.58,18.24,-0.01,0,0,,,,0.0,0.0,1.0
11.87,ACQUIRE,0.01,-0.01,-9.58,18.32,-0.01,0,0,,,,0.0,0.0,1.4
11.92,ACQUIRE,0.01,-0.01,-9.58,18.39,-0.01,0,0,,,,0.0,0.0,0.8
11.97,ACQUIRE,0.01,-0.01,-9.58,18.47,-0.01,0,0,,,,0.0,0.0,1.4
12.02,ACQUIRE,0.01,-0.01,-9.58,18.54,-0.01,0,0,,,,0.0,0.0,0.8
12.07,ACQUIRE,0.01,-0.01,-9.58,18.62,-0.01,0,0,,,,0.0,0.0,1.5
12.12,ACQUIRE,0.01,-0.01,-9.58,18.69,-0.01,0,0,,,,0.0,0.0,0.8
12.17,ACQUIRE,0.01,-0.01,-9.58,18.77,-0.01,0,0,,,,0.0,0.0,1.4
12.22,ACQUIRE,0.01,-0.01,-9.58,18.84,-0.01,0,0,,,,0.0,0.0,0.8
12.27,ACQUIRE,0.01,-0.01,-9.58,18.92,-0.01,0,0,,,,0.0,0.0,4.6
12.32,ACQUIRE,0.01,-0.01,-9.58,18.99,-0.01,0,0,,,,0.0,0.0,0.6
12.37,ACQUIRE,0.01,-0.01,-9.58,19.07,-0.01,0,0,,,,0.0,0.0,1.5
12.42,ACQUIRE,0.01,-0.01,-9.58,19.14,-0.01,0,0,,,,0.0,0.0,0.6
12.47,ACQUIRE,0.01,-0.01,-9.58,19.22,-0.01,0,0,,,,0.0,0.0,1.3
12.52,ACQUIRE,0.01,-0.01,-9.58,19.29,-0.01,0,0,,,,0.0,0.0,0.8
12.57,ACQUIRE,0.01,-0.01,-9.58,19.37,-0.01,0,0,,,,0.0,0.0,1.4
12.62,ACQUIRE,0.01,-0.01,-9.58,19.44,-0.01,0,0,,,,0.0,0.0,0.8
12.67,ACQUIRE,0.01,-0.01,-9.58,19.52,-0.01,0,0,,,,0.0,0.0,1.4
12.72,ACQUIRE,0.01,-0.01,-9.58,19.59,-0.01,0,0,,,,0.0,0.0,0.8
12.77,ACQUIRE,0.01,-0.01,-9.58,19.67,-0.01,0,0,,,,0.0,0.0,1.5
12.82,ACQUIRE,0.01,-0.01,-9.58,19.74,-0.01,0,0,,,,0.0,0.0,0.8
12.87,ACQUIRE,0.01,-0.01,-9.58,19.82,-0.01,0,0,,,,0.0,0.0,1.7
12.92,ACQUIRE,0.01,-0.01,-9.58,19.89,-0.01,0,0,,,,0.0,0.0,0.9
12.97,ACQUIRE,0.01,-0.01,-9.58,19.97,-0.01,0,0,,,,0.0,0.0,1.5
13.02,ACQUIRE,0.01,-0.01,-9.58,20.04,-0.01,0,0,,,,0.0,0.0,0.9
13.07,ACQUIRE,0.01,-0.01,-9.58,20.12,-0.01,0,0,,,,0.0,0.0,1.4
13.12,ACQUIRE,0.01,-0.01,-9.58,20.19,-0.01,0,0,,,,0.0,0.0,0.8
13.17,ACQUIRE,0.01,-0.01,-9.58,20.27,-0.01,0,0,,,,0.0,0.0,1.2
13.22,ACQUIRE,0.01,-0.01,-9.58,20.34,-0.01,0,0,,,,0.0,0.0,0.8
13.27,ACQUIRE,0.01,-0.01,-9.58,20.42,-0.01,0,0,,,,0.0,0.0,1.5
13.32,ACQUIRE,0.01,-0.01,-9.58,20.49,-0.01,0,0,,,,0.0,0.0,0.8
13.37,ACQUIRE,0.01,-0.01,-9.58,20.57,-0.01,0,0,,,,0.0,0.0,1.4
13.42,ACQUIRE,0.01,-0.01,-9.58,20.64,-0.01,0,0,,,,0.0,0.0,0.8
13.47,ACQUIRE,0.01,-0.01,-9.58,20.72,-0.01,0,0,,,,0.0,0.0,1.3
13.52,ACQUIRE,0.01,-0.01,-9.58,20.79,-0.01,0,0,,,,0.0,0.0,0.7
13.57,ACQUIRE,0.01,-0.01,-9.58,20.87,-0.01,0,0,,,,0.0,0.0,1.5
13.62,ACQUIRE,0.01,-0.01,-9.58,20.94,-0.01,0,0,,,,0.0,0.0,0.8
13.67,ACQUIRE,0.01,-0.01,-9.58,21.02,-0.01,0,0,,,,0.0,0.0,1.6
13.72,ACQUIRE,0.01,-0.01,-9.58,21.09,-0.01,0,0,,,,0.0,0.0,0.8
13.77,ACQUIRE,0.01,-0.01,-9.58,21.17,-0.01,0,0,,,,0.0,0.0,1.5
13.82,ACQUIRE,0.01,-0.01,-9.58,21.24,-0.01,0,0,,,,0.0,0.0,0.8
13.87,ACQUIRE,0.01,-0.01,-9.58,21.32,-0.01,0,0,,,,0.0,0.0,1.3
13.92,ACQUIRE,0.01,-0.01,-9.58,21.39,-0.01,0,0,,,,0.0,0.0,0.8
13.97,ACQUIRE,0.01,-0.01,-9.58,21.47,-0.01,0,0,,,,0.0,0.0,1.4
14.02,ACQUIRE,0.01,-0.01,-9.58,21.54,-0.01,0,0,,,,0.0,0.0,0.6
14.07,ACQUIRE,0.01,-0.01,-9.58,21.62,-0.01,0,0,,,,0.0,0.0,1.3
14.12,ACQUIRE,0.01,-0.01,-9.58,21.7,-0.01,0,0,,,,0.0,0.0,0.8
14.17,ACQUIRE,0.01,-0.01,-9.58,21.77,-0.01,0,0,,,,0.0,0.0,1.6
14.22,ACQUIRE,0.01,-0.01,-9.58,21.85,-0.01,0,0,,,,0.0,0.0,0.9
14.27,ACQUIRE,0.01,-0.01,-9.58,21.92,-0.01,0,0,,,,0.0,0.0,1.6
14.32,ACQUIRE,0.01,-0.01,-9.58,22.0,-0.01,0,0,,,,0.0,0.0,0.8
14.37,ACQUIRE,0.02,-0.01,-9.58,22.07,-0.01,0,0,,,,0.0,0.0,1.5
14.42,ACQUIRE,0.02,-0.01,-9.58,22.15,-0.01,0,0,,,,0.0,0.0,0.8
14.47,ACQUIRE,0.02,-0.01,-9.58,22.22,-0.01,0,0,,,,0.0,0.0,1.4
14.52,ACQUIRE,0.02,-0.01,-9.58,22.3,-0.01,0,0,,,,0.0,0.0,0.8
14.57,ACQUIRE,0.02,-0.01,-9.58,22.37,-0.01,0,0,,,,0.0,0.0,1.4
14.62,ACQUIRE,0.02,-0.01,-9.58,22.45,-0.01,0,0,,,,0.0,0.0,0.8
14.67,ACQUIRE,0.02,-0.01,-9.58,22.52,-0.01,0,0,,,,0.0,0.0,4.3
14.72,ACQUIRE,0.02,-0.01,-9.58,22.6,-0.01,0,0,,,,0.0,0.0,0.8
14.77,ACQUIRE,0.02,-0.01,-9.58,22.67,-0.01,0,0,,,,0.0,0.0,1.6
14.82,ACQUIRE,0.02,-0.01,-9.58,22.75,-0.01,0,0,,,,0.0,0.0,0.9
14.87,ACQUIRE,0.02,-0.01,-9.58,22.82,-0.01,0,0,,,,0.0,0.0,1.6
14.92,ACQUIRE,0.02,-0.01,-9.58,22.9,-0.01,0,0,,,,0.0,0.0,0.8
14.97,ACQUIRE,0.02,-0.01,-9.58,22.97,-0.01,0,0,,,,0.0,0.0,1.6
15.02,ACQUIRE,0.02,-0.01,-9.58,23.05,-0.01,0,0,,,,0.0,0.0,0.8
15.07,ACQUIRE,0.02,-0.01,-9.58,23.12,-0.01,0,0,,,,0.0,0.0,1.5
15.12,ACQUIRE,0.02,-0.01,-9.58,23.2,-0.01,0,0,,,,0.0,0.0,1.0
15.17,ACQUIRE,0.02,-0.01,-9.58,23.27,-0.01,0,0,,,,0.0,0.0,1.6
15.22,ACQUIRE,0.02,-0.01,-9.58,23.35,-0.01,0,0,,,,0.0,0.0,0.9
15.27,ACQUIRE,0.02,-0.01,-9.58,23.42,-0.01,0,0,,,,0.0,0.0,1.4
15.32,ACQUIRE,0.02,-0.01,-9.58,23.5,-0.01,0,0,,,,0.0,0.0,0.8
15.37,ACQUIRE,0.02,-0.01,-9.58,23.57,-0.01,0,0,,,,0.0,0.0,1.4
15.42,ACQUIRE,0.02,-0.01,-9.58,23.65,-0.01,0,0,,,,0.0,0.0,0.8
15.47,ACQUIRE,0.02,-0.01,-9.58,23.72,-0.01,0,0,,,,0.0,0.0,1.5
15.52,ACQUIRE,0.02,-0.01,-9.58,23.8,-0.01,0,0,,,,0.0,0.0,0.8
15.57,ACQUIRE,0.02,-0.01,-9.58,23.87,-0.01,0,0,,,,0.0,0.0,1.5
15.62,ACQUIRE,0.02,-0.01,-9.58,23.95,-0.01,0,0,,,,0.0,0.0,0.7
15.67,ACQUIRE,0.02,-0.01,-9.58,24.02,-0.01,0,0,,,,0.0,0.0,1.3
15.72,ACQUIRE,0.02,-0.01,-9.58,24.1,-0.01,0,0,,,,0.0,0.0,0.8
15.77,ACQUIRE,0.02,-0.01,-9.58,24.17,-0.01,0,0,,,,0.0,0.0,1.5
15.82,ACQUIRE,0.02,-0.01,-9.58,24.25,-0.01,0,0,,,,0.0,0.0,0.8
15.87,ACQUIRE,0.02,-0.01,-9.58,24.32,-0.01,0,0,,,,0.0,0.0,1.5
15.92,ACQUIRE,0.02,-0.01,-9.58,24.4,-0.01,0,0,,,,0.0,0.0,0.8
15.97,ACQUIRE,0.02,-0.01,-9.58,24.47,-0.01,0,0,,,,0.0,0.0,1.5
16.02,ACQUIRE,0.02,-0.01,-9.58,24.55,-0.01,0,0,,,,0.0,0.0,0.8
16.07,ACQUIRE,0.02,-0.01,-9.58,24.62,-0.01,0,0,,,,0.0,0.0,1.4
16.12,ACQUIRE,0.02,-0.01,-9.58,24.7,-0.01,0,0,,,,0.0,0.0,0.8
16.17,ACQUIRE,0.02,-0.01,-9.58,24.77,-0.01,0,0,,,,0.0,0.0,1.3
16.22,ACQUIRE,0.02,-0.01,-9.58,24.85,-0.01,0,0,,,,0.0,0.0,0.8
16.27,ACQUIRE,0.02,-0.01,-9.58,24.92,-0.01,0,0,,,,0.0,0.0,1.5
16.32,ACQUIRE,0.02,-0.01,-9.58,25.0,-0.01,0,0,,,,0.0,0.0,0.8
16.37,ACQUIRE,0.02,-0.01,-9.58,25.07,-0.01,0,0,,,,0.0,0.0,1.5
16.42,ACQUIRE,0.02,-0.01,-9.58,25.15,-0.01,0,0,,,,0.0,0.0,0.8
16.47,ACQUIRE,0.02,-0.01,-9.58,25.23,-0.01,0,0,,,,0.0,0.0,1.5
16.52,ACQUIRE,0.02,-0.01,-9.58,25.3,-0.01,0,0,,,,0.0,0.0,0.8
16.57,ACQUIRE,0.02,-0.01,-9.58,25.38,-0.01,0,0,,,,0.0,0.0,1.4
16.62,ACQUIRE,0.02,-0.01,-9.58,25.45,-0.01,0,0,,,,0.0,0.0,0.8
16.67,ACQUIRE,0.02,-0.01,-9.58,25.53,-0.01,0,0,,,,0.0,0.0,1.4
16.72,ACQUIRE,0.02,-0.01,-9.58,25.6,-0.01,0,0,,,,0.0,0.0,0.8
16.77,ACQUIRE,0.02,-0.01,-9.58,25.68,-0.01,0,0,,,,0.0,0.0,1.3
16.82,ACQUIRE,0.02,-0.01,-9.58,25.75,-0.01,0,0,,,,0.0,0.0,0.7
16.87,ACQUIRE,0.02,-0.01,-9.58,25.83,-0.01,0,0,,,,0.0,0.0,1.3
16.92,ACQUIRE,0.02,-0.01,-9.58,25.9,-0.01,0,0,,,,0.0,0.0,0.8
16.97,ACQUIRE,0.02,-0.01,-9.58,25.98,-0.01,0,0,,,,0.0,0.0,1.5
17.02,ACQUIRE,0.02,-0.01,-9.58,26.05,-0.01,0,0,,,,0.0,0.0,0.8
17.07,ACQUIRE,0.02,-0.01,-9.58,26.13,-0.01,0,0,,,,0.0,0.0,4.4
17.12,ACQUIRE,0.02,-0.01,-9.58,26.2,-0.01,0,0,,,,0.0,0.0,0.8
17.17,ACQUIRE,0.02,-0.01,-9.58,26.28,-0.01,0,0,,,,0.0,0.0,1.5
17.23,ACQUIRE,0.02,-0.01,-9.58,26.35,-0.01,0,0,,,,0.0,0.0,0.7
17.28,ACQUIRE,0.02,-0.01,-9.58,26.43,-0.01,0,0,,,,0.0,0.0,1.3
17.33,ACQUIRE,0.02,-0.01,-9.58,26.5,-0.01,0,0,,,,0.0,0.0,0.8
17.38,ACQUIRE,0.02,-0.01,-9.58,26.58,-0.01,0,0,,,,0.0,0.0,1.4
17.43,ACQUIRE,0.02,-0.01,-9.58,26.65,-0.01,0,0,,,,0.0,0.0,0.8
17.48,ACQUIRE,0.02,-0.02,-9.58,26.73,-0.01,0,0,,,,0.0,0.0,1.3
17.53,ACQUIRE,0.02,-0.02,-9.58,26.8,-0.01,0,0,,,,0.0,0.0,0.8
17.58,ACQUIRE,0.02,-0.02,-9.58,26.88,-0.01,0,0,,,,0.0,0.0,1.3
17.63,ACQUIRE,0.02,-0.02,-9.58,26.95,-0.01,0,0,,,,0.0,0.0,0.9
17.68,ACQUIRE,0.02,-0.02,-9.58,27.03,-0.01,0,0,,,,0.0,0.0,1.3
17.73,ACQUIRE,0.02,-0.02,-9.58,27.1,-0.01,0,0,,,,0.0,0.0,0.8
17.78,ACQUIRE,0.02,-0.02,-9.58,27.18,-0.01,0,0,,,,0.0,0.0,1.3
17.83,ACQUIRE,0.02,-0.02,-9.58,27.25,-0.01,0,0,,,,0.0,0.0,0.7
17.88,ACQUIRE,0.02,-0.02,-9.58,27.33,-0.01,0,0,,,,0.0,0.0,1.5
17.93,ACQUIRE,0.02,-0.02,-9.58,27.4,-0.01,0,0,,,,0.0,0.0,0.8
17.98,ACQUIRE,0.02,-0.02,-9.58,27.48,-0.01,0,0,,,,0.0,0.0,1.5
18.03,ACQUIRE,0.02,-0.02,-9.58,27.55,-0.01,0,0,,,,0.0,0.0,0.9
18.08,ACQUIRE,0.02,-0.02,-9.58,27.63,-0.01,0,0,,,,0.0,0.0,1.5
18.13,ACQUIRE,0.02,-0.02,-9.58,27.7,-0.01,0,0,,,,0.0,0.0,0.9
18.18,ACQUIRE,0.02,-0.02,-9.58,27.78,-0.01,0,0,,,,0.0,0.0,1.4
18.23,ACQUIRE,0.02,-0.02,-9.58,27.85,-0.01,0,0,,,,0.0,0.0,0.8
18.28,ACQUIRE,0.02,-0.02,-9.58,27.93,-0.01,0,0,,,,0.0,0.0,1.3
18.33,ACQUIRE,0.02,-0.02,-9.58,28.0,-0.01,0,0,,,,0.0,0.0,0.6
18.38,ACQUIRE,0.02,-0.02,-9.58,28.08,-0.01,0,0,,,,0.0,0.0,1.5
18.43,ACQUIRE,0.02,-0.02,-9.58,28.15,-0.01,0,0,,,,0.0,0.0,0.8
18.48,ACQUIRE,0.02,-0.02,-9.58,28.23,-0.01,0,0,,,,0.0,0.0,1.5
18.53,ACQUIRE,0.02,-0.02,-9.58,28.3,-0.01,0,0,,,,0.0,0.0,0.8
18.58,ACQUIRE,0.02,-0.02,-9.58,28.38,-0.01,0,0,,,,0.0,0.0,1.5
18.63,ACQUIRE,0.02,-0.02,-9.58,28.45,-0.01,0,0,,,,0.0,0.0,0.8
18.68,ACQUIRE,0.02,-0.02,-9.58,28.53,-0.01,0,0,,,,0.0,0.0,1.4
18.73,ACQUIRE,0.02,-0.02,-9.58,28.6,-0.01,0,0,,,,0.0,0.0,0.8
18.78,ACQUIRE,0.02,-0.02,-9.58,28.68,-0.01,0,0,,,,0.0,0.0,1.4
18.83,ACQUIRE,0.02,-0.02,-9.58,28.76,-0.01,0,0,,,,0.0,0.0,0.7
18.88,ACQUIRE,0.02,-0.02,-9.58,28.83,-0.01,0,0,,,,0.0,0.0,1.3
18.93,ACQUIRE,0.02,-0.02,-9.58,28.91,-0.01,0,0,,,,0.0,0.0,0.9
18.98,ACQUIRE,0.02,-0.02,-9.58,28.98,-0.01,0,0,,,,0.0,0.0,1.3
19.03,ACQUIRE,0.02,-0.02,-9.58,29.06,-0.01,0,0,,,,0.0,0.0,0.5
19.08,ACQUIRE,0.02,-0.02,-9.58,29.13,-0.01,0,0,,,,0.0,0.0,1.4
19.13,ACQUIRE,0.02,-0.02,-9.58,29.21,-0.01,0,0,,,,0.0,0.0,0.6
19.18,ACQUIRE,0.02,-0.02,-9.58,29.28,-0.01,0,0,,,,0.0,0.0,1.4
19.23,ACQUIRE,0.02,-0.02,-9.58,29.36,-0.01,0,0,,,,0.0,0.0,0.8
19.28,ACQUIRE,0.02,-0.02,-9.58,29.43,-0.01,0,0,,,,0.0,0.0,1.5
19.33,ACQUIRE,0.02,-0.02,-9.58,29.51,-0.01,0,0,,,,0.0,0.0,0.8
19.38,ACQUIRE,0.02,-0.02,-9.58,29.58,-0.01,0,0,,,,0.0,0.0,1.4
19.43,ACQUIRE,0.02,-0.02,-9.58,29.66,-0.01,0,0,,,,0.0,0.0,0.6
19.48,ACQUIRE,0.02,-0.02,-9.58,29.73,-0.01,0,0,,,,0.0,0.0,4.4
19.53,ACQUIRE,0.02,-0.02,-9.58,29.81,-0.01,0,0,,,,0.0,0.0,0.8
19.58,ACQUIRE,0.02,-0.02,-9.58,29.88,-0.01,0,0,,,,0.0,0.0,1.3
19.63,ACQUIRE,0.02,-0.02,-9.58,29.96,-0.01,0,0,,,,0.0,0.0,0.8
19.68,ACQUIRE,0.02,-0.02,-9.58,30.03,-0.01,0,0,,,,0.0,0.0,1.2
19.73,ACQUIRE,0.02,-0.02,-9.58,30.11,-0.01,0,0,,,,0.0,0.0,0.8
19.78,ACQUIRE,0.02,-0.02,-9.58,30.18,-0.01,0,0,,,,0.0,0.0,1.3
19.83,ACQUIRE,0.02,-0.02,-9.58,30.26,-0.01,0,0,,,,0.0,0.0,0.8
19.88,ACQUIRE,0.02,-0.02,-9.58,30.33,-0.01,0,0,,,,0.0,0.0,1.5
19.93,ACQUIRE,0.02,-0.02,-9.58,30.41,-0.01,0,0,,,,0.0,0.0,0.6
19.98,ACQUIRE,0.02,-0.02,-9.58,30.48,-0.01,0,0,,,,0.0,0.0,1.3
20.03,ACQUIRE,0.02,-0.02,-9.58,30.56,-0.01,0,0,,,,0.0,0.0,0.8
20.08,ACQUIRE,0.02,-0.01,-9.58,30.63,-0.01,0,0,,,,0.0,0.0,1.3
20.13,ACQUIRE,0.02,-0.01,-9.58,30.71,-0.01,0,0,,,,0.0,0.0,0.8
20.18,ACQUIRE,0.02,-0.01,-9.58,30.78,-0.01,0,0,,,,0.0,0.0,1.3
20.23,ACQUIRE,0.02,-0.01,-9.58,30.86,-0.01,0,0,,,,0.0,0.0,0.8
20.28,ACQUIRE,0.02,-0.01,-9.58,30.93,-0.01,0,0,,,,0.0,0.0,1.3
20.33,ACQUIRE,0.02,-0.01,-9.58,31.01,-0.01,0,0,,,,0.0,0.0,0.6
20.38,ACQUIRE,0.02,-0.01,-9.58,31.08,-0.01,0,0,,,,0.0,0.0,1.3
20.43,ACQUIRE,0.02,-0.01,-9.58,31.16,-0.01,0,0,,,,0.0,0.0,0.8
20.48,ACQUIRE,0.01,-0.01,-9.58,31.23,-0.01,0,0,,,,0.0,0.0,1.2
20.53,ACQUIRE,0.01,-0.01,-9.58,31.31,-0.01,0,0,,,,0.0,0.0,0.5
20.58,ACQUIRE,0.01,-0.01,-9.58,31.38,-0.01,0,0,,,,0.0,0.0,1.5
20.63,ACQUIRE,0.01,-0.01,-9.58,31.46,-0.01,0,0,,,,0.0,0.0,0.9
20.68,ACQUIRE,0.01,-0.01,-9.58,31.53,-0.01,0,0,,,,0.0,0.0,1.5
20.73,ACQUIRE,0.01,-0.01,-9.58,31.61,-0.01,0,0,,,,0.0,0.0,0.8
20.78,ACQUIRE,0.01,-0.01,-9.58,31.68,-0.01,0,0,,,,0.0,0.0,1.4
20.83,ACQUIRE,0.01,-0.01,-9.58,31.76,-0.01,0,0,,,,0.0,0.0,0.8
20.88,ACQUIRE,0.01,-0.01,-9.58,31.83,-0.01,0,0,,,,0.0,0.0,1.4
20.93,ACQUIRE,0.01,-0.01,-9.58,31.91,-0.01,0,0,,,,0.0,0.0,0.8
20.98,ACQUIRE,0.01,-0.01,-9.58,31.98,-0.01,0,0,,,,0.0,0.0,1.4
21.03,ACQUIRE,0.01,-0.01,-9.58,32.06,-0.01,0,0,,,,0.0,0.0,0.8
21.08,ACQUIRE,0.01,-0.01,-9.58,32.14,-0.01,0,0,,,,0.0,0.0,1.5
21.13,ACQUIRE,0.01,-0.01,-9.58,32.21,-0.01,0,0,,,,0.0,0.0,0.8
21.18,ACQUIRE,0.01,-0.01,-9.58,32.29,-0.01,0,0,,,,0.0,0.0,1.5
21.23,ACQUIRE,0.01,-0.01,-9.58,32.36,-0.01,0,0,,,,0.0,0.0,0.8
21.28,ACQUIRE,0.01,-0.01,-9.58,32.44,-0.01,0,0,,,,0.0,0.0,1.3
21.33,ACQUIRE,0.01,-0.01,-9.58,32.51,-0.01,0,0,,,,0.0,0.0,0.8
21.38,ACQUIRE,0.01,-0.01,-9.58,32.59,-0.01,0,0,,,,0.0,0.0,1.4
21.43,ACQUIRE,0.01,-0.01,-9.58,32.66,-0.01,0,0,,,,0.0,0.0,0.8
21.48,ACQUIRE,0.01,-0.01,-9.58,32.74,-0.01,0,0,,,,0.0,0.0,1.5
21.53,ACQUIRE,0.01,-0.01,-9.58,32.81,-0.01,0,0,,,,0.0,0.0,0.8
21.58,ACQUIRE,0.01,-0.01,-9.58,32.89,-0.01,0,0,,,,0.0,0.0,1.2
21.63,ACQUIRE,0.01,-0.01,-9.58,32.96,-0.01,0,0,,,,0.0,0.0,0.8
21.68,ACQUIRE,0.01,-0.01,-9.58,33.04,-0.01,0,0,,,,0.0,0.0,1.3
21.73,ACQUIRE,0.01,-0.01,-9.58,33.11,-0.01,0,0,,,,0.0,0.0,0.7
21.78,ACQUIRE,0.01,-0.01,-9.58,33.19,-0.01,0,0,,,,0.0,0.0,1.5
21.83,ACQUIRE,0.01,-0.01,-9.58,33.26,-0.01,0,0,,,,0.0,0.0,0.7
21.88,ACQUIRE,0.01,-0.01,-9.58,33.34,-0.01,0,0,,,,0.0,0.0,4.4
21.93,ACQUIRE,0.01,-0.01,-9.58,33.41,-0.01,0,0,,,,0.0,0.0,0.8
21.98,ACQUIRE,0.01,-0.01,-9.58,33.49,-0.01,0,0,,,,0.0,0.0,1.5
22.03,ACQUIRE,0.01,-0.01,-9.58,33.56,-0.01,0,0,,,,0.0,0.0,0.8
22.08,ACQUIRE,0.01,-0.01,-9.58,33.64,-0.01,0,0,,,,0.0,0.0,1.4
22.13,ACQUIRE,0.01,-0.01,-9.58,33.71,-0.01,0,0,,,,0.0,0.0,0.6
22.18,ACQUIRE,0.01,-0.01,-9.58,33.79,-0.01,0,0,,,,0.0,0.0,1.5
22.23,ACQUIRE,0.01,-0.01,-9.58,33.86,-0.01,0,0,,,,0.0,0.0,0.8
22.28,ACQUIRE,0.01,-0.01,-9.58,33.94,-0.01,0,0,,,,0.0,0.0,1.3
22.33,ACQUIRE,0.01,-0.01,-9.58,34.01,-0.01,0,0,,,,0.0,0.0,0.8
22.38,ACQUIRE,0.01,-0.01,-9.58,34.09,-0.01,0,0,,,,0.0,0.0,1.2
22.43,ACQUIRE,0.01,-0.01,-9.58,34.16,-0.01,0,0,,,,0.0,0.0,0.8
22.48,ACQUIRE,0.01,-0.01,-9.58,34.24,-0.01,0,0,,,,0.0,0.0,1.5
22.53,ACQUIRE,0.01,-0.01,-9.58,34.31,-0.01,0,0,,,,0.0,0.0,0.8
22.58,ACQUIRE,0.01,-0.01,-9.58,34.39,-0.01,0,0,,,,0.0,0.0,1.5
22.63,ACQUIRE,0.01,-0.01,-9.58,34.46,-0.01,0,0,,,,0.0,0.0,0.9
22.68,ACQUIRE,0.01,-0.01,-9.58,34.54,-0.01,0,0,,,,0.0,0.0,1.2
22.73,ACQUIRE,0.01,-0.01,-9.58,34.61,-0.01,0,0,,,,0.0,0.0,0.8
22.78,ACQUIRE,0.01,-0.01,-9.58,34.69,-0.01,0,0,,,,0.0,0.0,1.4
22.83,ACQUIRE,0.01,-0.01,-9.58,34.76,-0.01,0,0,,,,0.0,0.0,0.8
22.88,ACQUIRE,0.01,-0.01,-9.58,34.84,-0.01,0,0,,,,0.0,0.0,1.4
22.93,ACQUIRE,0.01,-0.01,-9.58,34.91,-0.01,0,0,,,,0.0,0.0,0.8
22.98,ACQUIRE,0.01,-0.01,-9.58,34.99,-0.01,0,0,,,,0.0,0.0,1.4
23.03,ACQUIRE,0.01,-0.01,-9.58,35.06,-0.01,0,0,,,,0.0,0.0,0.8
23.08,ACQUIRE,0.01,-0.01,-9.58,35.14,-0.01,0,0,,,,0.0,0.0,1.3
23.13,ACQUIRE,0.01,-0.01,-9.58,35.21,-0.01,0,0,,,,0.0,0.0,0.8
23.18,ACQUIRE,0.01,-0.01,-9.58,35.29,-0.01,0,0,,,,0.0,0.0,1.3
23.23,ACQUIRE,0.01,-0.01,-9.58,35.36,-0.01,0,0,,,,0.0,0.0,0.6
23.28,ACQUIRE,0.01,-0.01,-9.58,35.44,-0.01,0,0,,,,0.0,0.0,1.5
23.33,ACQUIRE,0.01,-0.01,-9.58,35.52,-0.01,0,0,,,,0.0,0.0,0.8
23.38,ACQUIRE,0.01,-0.01,-9.58,35.59,-0.01,0,0,,,,0.0,0.0,1.5
23.43,ACQUIRE,0.01,-0.01,-9.58,35.67,-0.01,0,0,,,,0.0,0.0,0.8
23.48,ACQUIRE,0.01,-0.01,-9.58,35.74,-0.01,0,0,,,,0.0,0.0,1.4
23.53,ACQUIRE,0.01,-0.01,-9.58,35.82,-0.01,0,0,,,,0.0,0.0,0.8
23.58,ACQUIRE,0.01,-0.01,-9.58,35.89,-0.01,0,0,,,,0.0,0.0,1.4
23.63,ACQUIRE,0.01,-0.01,-9.58,35.97,-0.01,0,0,,,,0.0,0.0,0.8
23.68,ACQUIRE,0.01,-0.01,-9.58,36.04,-0.01,0,0,,,,0.0,0.0,1.4
23.73,ACQUIRE,0.01,-0.01,-9.58,36.12,-0.01,0,0,,,,0.0,0.0,0.6
23.78,ACQUIRE,0.01,-0.01,-9.58,36.19,-0.01,0,0,,,,0.0,0.0,1.2
23.83,ACQUIRE,0.01,-0.01,-9.58,36.27,-0.01,0,0,,,,0.0,0.0,0.8
23.88,ACQUIRE,0.01,-0.01,-9.58,36.34,-0.01,0,0,,,,0.0,0.0,1.5
23.93,ACQUIRE,0.01,-0.01,-9.58,36.42,-0.01,0,0,,,,0.0,0.0,0.7
23.98,ACQUIRE,0.01,-0.01,-9.58,36.49,-0.01,0,0,,,,0.0,0.0,1.5
24.03,ACQUIRE,0.01,-0.01,-9.58,36.57,-0.01,0,0,,,,0.0,0.0,0.6
24.09,ACQUIRE,0.01,-0.01,-9.58,36.64,-0.01,0,0,,,,0.0,0.0,1.3
24.14,ACQUIRE,0.01,-0.01,-9.58,36.72,-0.01,0,0,,,,0.0,0.0,0.8
24.19,ACQUIRE,0.01,-0.01,-9.58,36.79,-0.01,0,0,,,,0.0,0.0,1.3
24.24,ACQUIRE,0.01,-0.01,-9.58,36.87,-0.01,0,0,,,,0.0,0.0,0.8
24.29,ACQUIRE,0.01,-0.01,-9.58,36.94,-0.01,0,0,,,,0.0,0.0,4.2
24.34,ACQUIRE,0.01,-0.01,-9.58,37.02,-0.01,0,0,,,,0.0,0.0,0.6
24.39,ACQUIRE,0.02,-0.01,-9.58,37.09,-0.01,0,0,,,,0.0,0.0,1.4
24.44,ACQUIRE,0.02,-0.01,-9.58,37.17,-0.01,0,0,,,,0.0,0.0,0.8
24.49,ACQUIRE,0.02,-0.01,-9.58,37.24,-0.01,0,0,,,,0.0,0.0,1.3
24.54,ACQUIRE,0.02,-0.01,-9.58,37.32,-0.01,0,0,,,,0.0,0.0,0.8
24.59,ACQUIRE,0.02,-0.01,-9.58,37.39,-0.01,0,0,,,,0.0,0.0,1.5
24.64,ACQUIRE,0.02,-0.01,-9.58,37.47,-0.01,0,0,,,,0.0,0.0,0.8
24.69,ACQUIRE,0.02,-0.01,-9.58,37.54,-0.01,0,0,,,,0.0,0.0,1.5
24.74,ACQUIRE,0.02,-0.01,-9.58,37.62,-0.01,0,0,,,,0.0,0.0,0.8
24.79,ACQUIRE,0.02,-0.01,-9.58,37.69,-0.01,0,0,,,,0.0,0.0,1.3
24.84,ACQUIRE,0.02,-0.01,-9.58,37.77,-0.01,0,0,,,,0.0,0.0,0.6
24.89,ACQUIRE,0.02,-0.01,-9.58,37.84,-0.01,0,0,,,,0.0,0.0,1.5
24.94,ACQUIRE,0.02,-0.01,-9.58,37.92,-0.01,0,0,,,,0.0,0.0,0.8
24.99,ACQUIRE,0.02,-0.01,-9.58,37.99,-0.01,0,0,,,,0.0,0.0,1.4
25.04,ACQUIRE,0.02,-0.01,-9.58,38.07,-0.01,0,0,,,,0.0,0.0,0.8
25.09,ACQUIRE,0.02,-0.01,-9.58,38.14,-0.01,0,0,,,,0.0,0.0,1.4
25.14,ACQUIRE,0.02,-0.01,-9.58,38.22,-0.01,0,0,,,,0.0,0.0,1.4
25.19,ACQUIRE,0.02,-0.01,-9.58,38.29,-0.01,0,0,,,,0.0,0.0,0.8
25.24,ACQUIRE,0.02,-0.01,-9.58,38.37,-0.01,0,0,,,,0.0,0.0,0.8
25.29,ACQUIRE,0.02,-0.01,-9.58,38.44,-0.01,0,0,,,,0.0,0.0,1.4
25.34,ACQUIRE,0.02,-0.01,-9.58,38.52,-0.01,0,0,,,,0.0,0.0,0.8
25.39,ACQUIRE,0.02,-0.01,-9.58,38.59,-0.01,0,0,,,,0.0,0.0,1.3
25.44,ACQUIRE,0.02,-0.01,-9.58,38.67,-0.01,0,0,,,,0.0,0.0,0.6
25.49,ACQUIRE,0.02,-0.01,-9.58,38.75,-0.01,0,0,,,,0.0,0.0,1.3
25.54,ACQUIRE,0.02,-0.01,-9.58,38.82,-0.01,0,0,,,,0.0,0.0,0.8
25.59,ACQUIRE,0.02,-0.01,-9.58,38.9,-0.01,0,0,,,,0.0,0.0,1.2
25.64,ACQUIRE,0.02,-0.01,-9.58,38.97,-0.01,0,0,,,,0.0,0.0,1.4
25.69,ACQUIRE,0.02,-0.01,-9.58,39.05,-0.01,0,0,,,,0.0,0.0,0.8
25.74,ACQUIRE,0.02,-0.01,-9.58,39.12,-0.01,0,0,,,,0.0,0.0,1.5
25.79,ACQUIRE,0.02,-0.01,-9.58,39.2,-0.01,0,0,,,,0.0,0.0,0.8
25.84,ACQUIRE,0.02,-0.01,-9.58,39.27,-0.01,0,0,,,,0.0,0.0,1.5
25.89,ACQUIRE,0.02,-0.01,-9.58,39.35,-0.01,0,0,,,,0.0,0.0,0.6
25.94,ACQUIRE,0.02,-0.01,-9.58,39.42,-0.01,0,0,,,,0.0,0.0,0.6
25.99,ACQUIRE,0.02,-0.01,-9.58,39.5,-0.01,0,0,,,,0.0,0.0,1.5
26.04,ACQUIRE,0.02,-0.01,-9.58,39.57,-0.01,0,0,,,,0.0,0.0,0.9
26.09,ACQUIRE,0.02,-0.01,-9.58,39.65,-0.01,0,0,,,,0.0,0.0,1.4
26.14,ACQUIRE,0.02,-0.01,-9.58,39.72,-0.01,0,0,,,,0.0,0.0,0.6
26.19,ACQUIRE,0.02,-0.01,-9.58,39.8,-0.01,0,0,,,,0.0,0.0,1.3
26.24,ACQUIRE,0.02,-0.01,-9.58,39.87,-0.01,0,0,,,,0.0,0.0,1.5
26.29,ACQUIRE,0.02,-0.01,-9.58,39.95,-0.01,0,0,,,,0.0,0.0,0.8
26.34,ACQUIRE,0.02,-0.01,-9.58,40.02,-0.01,0,0,,,,0.0,0.0,1.3
26.39,ACQUIRE,0.02,-0.01,-9.58,40.1,-0.01,0,0,,,,0.0,0.0,0.8
26.44,ACQUIRE,0.02,-0.02,-9.58,40.17,-0.01,0,0,,,,0.0,0.0,1.5
26.49,ACQUIRE,0.02,-0.02,-9.58,40.25,-0.01,0,0,,,,0.0,0.0,0.6
26.54,ACQUIRE,0.02,-0.02,-9.58,40.32,-0.01,0,0,,,,0.0,0.0,0.8
26.59,ACQUIRE,0.02,-0.02,-9.58,40.4,-0.01,0,0,,,,0.0,0.0,1.3
26.64,ACQUIRE,0.02,-0.02,-9.58,40.47,-0.01,0,0,,,,0.0,0.0,0.6
26.69,ACQUIRE,0.02,-0.02,-9.58,40.55,-0.01,0,0,,,,0.0,0.0,4.5
26.74,ACQUIRE,0.02,-0.02,-9.58,40.62,-0.01,0,0,,,,0.0,0.0,1.5
26.79,ACQUIRE,0.02,-0.02,-9.58,40.7,-0.01,0,0,,,,0.0,0.0,0.6
26.84,ACQUIRE,0.02,-0.02,-9.58,40.77,-0.01,0,0,,,,0.0,0.0,1.5
26.89,ACQUIRE,0.02,-0.02,-9.58,40.85,-0.01,0,0,,,,0.0,0.0,0.8
26.94,ACQUIRE,0.02,-0.02,-9.58,40.92,-0.01,0,0,,,,0.0,0.0,1.4
26.99,ACQUIRE,0.02,-0.02,-9.58,41.0,-0.01,0,0,,,,0.0,0.0,0.6
27.04,ACQUIRE,0.02,-0.02,-9.58,41.07,-0.01,0,0,,,,0.0,0.0,1.3
27.09,ACQUIRE,0.02,-0.02,-9.58,41.15,-0.01,0,0,,,,0.0,0.0,0.7
27.14,ACQUIRE,0.02,-0.02,-9.58,41.22,-0.01,0,0,,,,0.0,0.0,1.4
27.19,ACQUIRE,0.02,-0.02,-9.58,41.3,-0.01,0,0,,,,0.0,0.0,0.8
27.24,ACQUIRE,0.02,-0.02,-9.58,41.38,-0.01,0,0,,,,0.0,0.0,0.8
27.29,ACQUIRE,0.02,-0.02,-9.58,41.45,-0.01,0,0,,,,0.0,0.0,1.3
27.34,ACQUIRE,0.02,-0.02,-9.58,41.53,-0.01,0,0,,,,0.0,0.0,1.3
27.39,ACQUIRE,0.02,-0.02,-9.58,41.6,-0.01,0,0,,,,0.0,0.0,0.8
27.44,ACQUIRE,0.02,-0.02,-9.58,41.68,-0.01,0,0,,,,0.0,0.0,1.5
27.49,ACQUIRE,0.02,-0.02,-9.58,41.75,-0.01,0,0,,,,0.0,0.0,0.6
27.54,ACQUIRE,0.02,-0.02,-9.58,41.83,-0.01,0,0,,,,0.0,0.0,1.3
27.59,ACQUIRE,0.02,-0.02,-9.58,41.9,-0.01,0,0,,,,0.0,0.0,0.8
27.64,ACQUIRE,0.02,-0.02,-9.58,41.98,-0.01,0,0,,,,0.0,0.0,1.5
27.69,ACQUIRE,0.02,-0.02,-9.58,42.05,-0.01,0,0,,,,0.0,0.0,0.8
27.74,ACQUIRE,0.02,-0.02,-9.58,42.13,-0.01,0,0,,,,0.0,0.0,1.4
27.79,ACQUIRE,0.02,-0.02,-9.58,42.2,-0.01,0,0,,,,0.0,0.0,0.8
27.84,ACQUIRE,0.02,-0.02,-9.58,42.28,-0.01,0,0,,,,0.0,0.0,1.4
27.89,ACQUIRE,0.02,-0.02,-9.58,42.35,-0.01,0,0,,,,0.0,0.0,0.8
27.94,ACQUIRE,0.02,-0.02,-9.58,42.43,-0.01,0,0,,,,0.0,0.0,1.3
27.99,ACQUIRE,0.02,-0.02,-9.58,42.5,-0.01,0,0,,,,0.0,0.0,0.6
28.04,ACQUIRE,0.02,-0.02,-9.58,42.58,-0.01,0,0,,,,0.0,0.0,1.4
28.09,ACQUIRE,0.02,-0.02,-9.58,42.65,-0.01,0,0,,,,0.0,0.0,0.7
28.14,ACQUIRE,0.02,-0.02,-9.58,42.73,-0.01,0,0,,,,0.0,0.0,1.6
28.19,ACQUIRE,0.02,-0.02,-9.58,42.8,-0.01,0,0,,,,0.0,0.0,0.7
28.24,ACQUIRE,0.02,-0.02,-9.58,42.88,-0.01,0,0,,,,0.0,0.0,1.5
28.29,ACQUIRE,0.02,-0.02,-9.58,42.95,-0.01,0,0,,,,0.0,0.0,0.8
28.34,ACQUIRE,0.02,-0.02,-9.58,43.03,-0.01,0,0,,,,0.0,0.0,1.5
28.39,ACQUIRE,0.02,-0.02,-9.58,43.1,-0.01,0,0,,,,0.0,0.0,0.8
28.44,ACQUIRE,0.02,-0.02,-9.58,43.18,-0.01,0,0,,,,0.0,0.0,1.4
28.49,ACQUIRE,0.02,-0.02,-9.58,43.25,-0.01,0,0,,,,0.0,0.0,0.8
28.54,ACQUIRE,0.02,-0.02,-9.58,43.33,-0.01,0,0,,,,0.0,0.0,1.3
28.59,ACQUIRE,0.02,-0.02,-9.58,43.4,-0.01,0,0,,,,0.0,0.0,0.6
28.64,ACQUIRE,0.02,-0.02,-9.58,43.48,-0.01,0,0,,,,0.0,0.0,1.5
28.69,ACQUIRE,0.02,-0.02,-9.58,43.55,-0.01,0,0,,,,0.0,0.0,0.8
28.74,ACQUIRE,0.02,-0.02,-9.58,43.63,-0.01,0,0,,,,0.0,0.0,1.3
28.79,ACQUIRE,0.02,-0.02,-9.58,43.7,-0.01,0,0,,,,0.0,0.0,0.8
28.84,ACQUIRE,0.02,-0.02,-9.58,43.78,-0.01,0,0,,,,0.0,0.0,1.5
28.89,ACQUIRE,0.02,-0.02,-9.58,43.85,-0.01,0,0,,,,0.0,0.0,0.6
28.94,ACQUIRE,0.02,-0.02,-9.58,43.93,-0.01,0,0,,,,0.0,0.0,1.5
28.99,ACQUIRE,0.02,-0.02,-9.58,44.0,-0.01,0,0,,,,0.0,0.0,0.8
29.04,ACQUIRE,0.02,-0.02,-9.58,44.08,-0.01,0,0,,,,0.0,0.0,1.5
29.09,ACQUIRE,0.02,-0.02,-9.58,44.15,-0.01,0,0,,,,0.0,0.0,3.7
29.14,ACQUIRE,0.02,-0.02,-9.58,44.23,-0.01,0,0,,,,0.0,0.0,1.3
29.19,ACQUIRE,0.02,-0.02,-9.58,44.3,-0.01,0,0,,,,0.0,0.0,0.6
29.24,ACQUIRE,0.02,-0.02,-9.58,44.38,-0.01,0,0,,,,0.0,0.0,1.4
29.29,ACQUIRE,0.02,-0.02,-9.58,44.45,-0.01,0,0,,,,0.0,0.0,0.8
29.34,ACQUIRE,0.02,-0.01,-9.58,44.53,-0.01,0,0,,,,0.0,0.0,1.4
29.39,ACQUIRE,0.02,-0.01,-9.58,44.6,-0.01,0,0,,,,0.0,0.0,0.7
29.44,ACQUIRE,0.02,-0.01,-9.58,44.68,-0.01,0,0,,,,0.0,0.0,1.3
29.49,ACQUIRE,0.02,-0.01,-9.58,44.75,-0.01,0,0,,,,0.0,0.0,0.8
29.54,ACQUIRE,0.02,-0.01,-9.58,44.83,-0.01,0,0,,,,0.0,0.0,1.5
29.59,ACQUIRE,0.02,-0.01,-9.58,44.91,-0.01,0,0,,,,0.0,0.0,0.8
29.64,ACQUIRE,0.02,-0.01,-9.58,44.98,-0.01,0,0,,,,0.0,0.0,1.6
29.69,ACQUIRE,0.02,-0.01,-9.58,45.06,-0.01,0,0,,,,0.0,0.0,0.9
29.74,ACQUIRE,0.02,-0.01,-9.58,45.13,-0.01,0,0,,,,0.0,0.0,1.5
29.79,ACQUIRE,0.02,-0.01,-9.58,45.21,-0.01,0,0,,,,0.0,0.0,1.0
29.84,ACQUIRE,0.02,-0.01,-9.58,45.28,-0.01,0,0,,,,0.0,0.0,1.6
29.89,ACQUIRE,0.02,-0.01,-9.58,45.36,-0.01,0,0,,,,0.0,0.0,0.8
29.94,ACQUIRE,0.02,-0.01,-9.58,45.43,-0.01,0,0,,,,0.0,0.0,1.4
29.99,ACQUIRE,0.02,-0.01,-9.58,45.51,-0.01,0,0,,,,0.0,0.0,0.8
30.04,ACQUIRE,0.01,-0.01,-9.58,45.58,-0.01,0,1,,,,0.0,0.0,1.5
30.09,ACQUIRE,0.01,-0.01,-9.58,45.66,-0.01,0,1,,,,0.0,0.0,0.8
30.14,ACQUIRE,0.01,-0.01,-9.58,45.73,-0.01,0,1,,,,0.0,0.0,1.4
30.19,ACQUIRE,0.01,-0.01,-9.58,45.81,-0.01,0,1,,,,0.0,0.0,0.6
30.24,ACQUIRE,0.01,-0.01,-9.58,45.88,-0.01,0,1,,,,0.0,0.0,1.2
30.29,ACQUIRE,0.01,-0.01,-9.58,45.96,-0.01,0,1,,,,0.0,0.0,0.5
30.34,ACQUIRE,0.01,-0.01,-9.58,46.03,-0.01,0,1,,,,0.0,0.0,1.5
30.39,ACQUIRE,0.01,-0.01,-9.58,46.11,-0.01,0,1,,,,0.0,0.0,0.8
30.44,ACQUIRE,0.01,-0.01,-9.58,46.18,-0.01,0,1,,,,0.0,0.0,1.6
30.5,ACQUIRE,0.01,-0.01,-9.58,46.26,-0.01,0,1,,,,0.0,0.0,0.8
30.55,ACQUIRE,0.01,-0.01,-9.58,46.33,-0.01,0,1,,,,0.0,0.0,1.5
30.6,ACQUIRE,0.01,-0.01,-9.58,46.41,-0.01,0,1,,,,0.0,0.0,0.8
30.65,ACQUIRE,0.01,-0.01,-9.58,46.48,-0.01,0,1,,,,0.0,0.0,1.5
30.7,ACQUIRE,0.01,-0.01,-9.58,46.56,-0.01,0,1,,,,0.0,0.0,0.8
30.75,ACQUIRE,0.01,-0.01,-9.58,46.63,-0.01,0,1,,,,0.0,0.0,1.3
30.8,ACQUIRE,0.01,-0.01,-9.58,46.71,-0.01,0,1,,,,0.0,0.0,0.6
30.85,ACQUIRE,0.01,-0.01,-9.58,46.78,-0.01,0,1,,,,0.0,0.0,1.3
30.9,ACQUIRE,0.01,-0.01,-9.58,46.86,-0.01,0,1,,,,0.0,0.0,0.8
30.95,ACQUIRE,0.01,-0.01,-9.58,46.93,-0.01,0,1,,,,0.0,0.0,1.5
31.0,ACQUIRE,0.01,-0.01,-9.58,47.01,-0.01,0,1,,,,0.0,0.0,0.8
31.05,ACQUIRE,0.01,-0.01,-9.58,47.08,-0.01,0,1,,,,0.0,0.0,1.5
31.1,ACQUIRE,0.01,-0.01,-9.58,47.16,-0.01,0,1,,,,0.0,0.0,0.8
31.15,ACQUIRE,0.01,-0.01,-9.58,47.23,-0.01,0,1,,,,0.0,0.0,1.5
31.2,ACQUIRE,0.01,-0.01,-9.58,47.31,-0.01,0,1,,,,0.0,0.0,0.9
31.25,ACQUIRE,0.01,-0.01,-9.58,47.38,-0.01,0,1,,,,0.0,0.0,1.1
31.3,ACQUIRE,0.01,-0.01,-9.58,47.46,-0.01,0,1,,,,0.0,0.0,0.6
31.35,ACQUIRE,0.01,-0.01,-9.58,47.53,-0.01,0,1,,,,0.0,0.0,1.2
31.4,ACQUIRE,0.01,-0.01,-9.58,47.61,-0.01,0,1,,,,0.0,0.0,0.8
31.45,ACQUIRE,0.01,-0.01,-9.58,47.68,-0.01,0,1,,,,0.0,0.0,1.7
31.5,ACQUIRE,0.01,-0.01,-9.58,47.76,-0.01,0,1,,,,0.0,0.0,3.8
31.55,ACQUIRE,0.01,-0.01,-9.58,47.83,-0.01,0,1,,,,0.0,0.0,1.4
31.6,ACQUIRE,0.01,-0.01,-9.58,47.91,-0.01,0,1,,,,0.0,0.0,0.8
31.65,ACQUIRE,0.01,-0.01,-9.58,47.98,-0.01,0,1,,,,0.0,0.0,1.5
31.7,ACQUIRE,0.01,-0.01,-9.58,48.06,-0.01,0,1,,,,0.0,0.0,0.8
31.75,ACQUIRE,0.01,-0.01,-9.58,48.13,-0.01,0,1,,,,0.0,0.0,1.5
31.8,ACQUIRE,0.01,-0.01,-9.58,48.21,-0.01,0,1,,,,0.0,0.0,0.8
31.85,ACQUIRE,0.01,-0.01,-9.58,48.28,-0.01,0,1,,,,0.0,0.0,1.3
31.9,ACQUIRE,0.01,-0.01,-9.58,48.36,-0.01,0,1,,,,0.0,0.0,0.6
31.95,ACQUIRE,0.01,-0.01,-9.58,48.44,-0.01,0,1,,,,0.0,0.0,1.5
32.0,ACQUIRE,0.01,-0.01,-9.58,48.51,-0.01,0,1,,,,0.0,0.0,0.8
32.05,ACQUIRE,0.01,-0.01,-9.58,48.59,-0.01,0,1,,,,0.0,0.0,1.4
32.1,ACQUIRE,0.01,-0.01,-9.58,48.66,-0.01,0,1,,,,0.0,0.0,0.8
32.15,ACQUIRE,0.01,-0.01,-9.58,48.74,-0.01,0,1,,,,0.0,0.0,1.4
32.2,ACQUIRE,0.01,-0.01,-9.58,48.81,-0.01,0,1,,,,0.0,0.0,0.8
32.25,ACQUIRE,0.01,-0.01,-9.58,48.89,-0.01,0,1,,,,0.0,0.0,1.4
32.3,ACQUIRE,0.01,-0.01,-9.58,48.96,-0.01,0,1,,,,0.0,0.0,0.5
32.35,ACQUIRE,0.01,-0.01,-9.58,49.04,-0.01,0,1,,,,0.0,0.0,1.2
32.4,ACQUIRE,0.01,-0.01,-9.58,49.11,-0.01,0,1,,,,0.0,0.0,0.6
32.45,ACQUIRE,0.01,-0.01,-9.58,49.19,-0.01,0,1,,,,0.0,0.0,1.3
32.5,ACQUIRE,0.01,-0.01,-9.58,49.26,-0.01,0,1,,,,0.0,0.0,0.8
32.55,ACQUIRE,0.01,-0.01,-9.58,49.34,-0.01,0,1,,,,0.0,0.0,1.3
32.6,ACQUIRE,0.01,-0.01,-9.58,49.41,-0.01,0,1,,,,0.0,0.0,0.8
32.65,ACQUIRE,0.01,-0.01,-9.58,49.49,-0.01,0,1,,,,0.0,0.0,1.6
32.7,ACQUIRE,0.01,-0.01,-9.58,49.56,-0.01,0,1,,,,0.0,0.0,0.8
32.75,ACQUIRE,0.01,-0.01,-9.58,49.64,-0.01,0,1,,,,0.0,0.0,1.5
32.8,ACQUIRE,0.01,-0.01,-9.58,49.71,-0.01,0,1,,,,0.0,0.0,0.8
32.85,ACQUIRE,0.01,-0.01,-9.58,49.79,-0.01,0,1,,,,0.0,0.0,1.4
32.9,ACQUIRE,0.01,-0.01,-9.58,49.86,-0.01,0,1,,,,0.0,0.0,0.6
32.95,ACQUIRE,0.01,-0.01,-9.58,49.94,-0.01,0,1,,,,0.0,0.0,1.3
33.0,ACQUIRE,0.01,-0.01,-9.58,50.01,-0.01,0,1,,,,0.0,0.0,0.8
33.05,ACQUIRE,0.01,-0.01,-9.58,50.09,-0.01,0,1,,,,0.0,0.0,1.5
33.1,ACQUIRE,0.01,-0.01,-9.58,50.16,-0.01,0,1,,,,0.0,0.0,0.8
33.15,ACQUIRE,0.01,-0.01,-9.58,50.24,-0.01,0,1,,,,0.0,0.0,1.3
33.2,ACQUIRE,0.01,-0.01,-9.58,50.31,-0.01,0,1,,,,0.0,0.0,0.8
33.25,ACQUIRE,0.01,-0.01,-9.58,50.39,-0.01,0,1,,,,0.0,0.0,1.3
33.3,ACQUIRE,0.01,-0.01,-9.58,50.46,-0.01,0,1,,,,0.0,0.0,0.8
33.35,ACQUIRE,0.01,-0.01,-9.58,50.54,-0.01,0,1,,,,0.0,0.0,1.5
33.4,ACQUIRE,0.01,-0.01,-9.58,50.61,-0.01,0,1,,,,0.0,0.0,0.8
33.45,ACQUIRE,0.01,-0.01,-9.58,50.69,-0.01,0,1,,,,0.0,0.0,1.3
33.5,ACQUIRE,0.01,-0.01,-9.58,50.76,-0.01,0,1,,,,0.0,0.0,0.6
33.55,ACQUIRE,0.01,-0.01,-9.58,50.84,-0.01,0,1,,,,0.0,0.0,1.5
33.6,ACQUIRE,0.01,-0.01,-9.58,50.91,-0.01,0,1,,,,0.0,0.0,0.8
33.65,ACQUIRE,0.01,-0.01,-9.58,50.99,-0.01,0,1,,,,0.0,0.0,1.5
33.7,ACQUIRE,0.01,-0.01,-9.58,51.06,-0.01,0,1,,,,0.0,0.0,0.8
33.75,ACQUIRE,0.02,-0.01,-9.58,51.14,-0.01,0,1,,,,0.0,0.0,1.4
33.8,ACQUIRE,0.02,-0.01,-9.58,51.21,-0.01,0,1,,,,0.0,0.0,0.8
33.85,ACQUIRE,0.02,-0.01,-9.58,51.29,-0.01,0,1,,,,0.0,0.0,1.4
33.9,ACQUIRE,0.02,-0.01,-9.58,51.36,-0.01,0,1,,,,0.0,0.0,3.7
33.95,ACQUIRE,0.02,-0.01,-9.58,51.44,-0.01,0,1,,,,0.0,0.0,1.4
34.0,ACQUIRE,0.02,-0.01,-9.58,51.51,-0.01,0,1,,,,0.0,0.0,0.8
34.05,ACQUIRE,0.02,-0.01,-9.58,51.59,-0.01,0,1,,,,0.0,0.0,1.4
34.1,ACQUIRE,0.02,-0.01,-9.58,51.66,-0.01,0,1,,,,0.0,0.0,0.9
34.15,ACQUIRE,0.02,-0.01,-9.58,51.74,-0.01,0,1,,,,0.0,0.0,1.5
34.2,ACQUIRE,0.02,-0.01,-9.58,51.81,-0.01,0,1,,,,0.0,0.0,0.8
34.25,ACQUIRE,0.02,-0.01,-9.58,51.89,-0.01,0,1,,,,0.0,0.0,1.5
34.3,ACQUIRE,0.02,-0.01,-9.58,51.96,-0.01,0,1,,,,0.0,0.0,0.6
34.35,ACQUIRE,0.02,-0.01,-9.58,52.04,-0.01,0,1,,,,0.0,0.0,1.5
34.4,ACQUIRE,0.02,-0.01,-9.58,52.11,-0.01,0,1,,,,0.0,0.0,0.8
34.45,ACQUIRE,0.02,-0.01,-9.58,52.19,-0.01,0,1,,,,0.0,0.0,1.5
34.5,ACQUIRE,0.02,-0.01,-9.58,52.26,-0.01,0,1,,,,0.0,0.0,0.8
34.55,ACQUIRE,0.02,-0.01,-9.58,52.34,-0.01,0,1,,,,0.0,0.0,1.6
34.6,ACQUIRE,0.02,-0.01,-9.58,52.42,-0.01,0,1,,,,0.0,0.0,0.8
34.65,ACQUIRE,0.02,-0.01,-9.58,52.49,-0.01,0,1,,,,0.0,0.0,1.4
34.7,ACQUIRE,0.02,-0.01,-9.58,52.57,-0.01,0,1,,,,0.0,0.0,0.8
34.75,ACQUIRE,0.02,-0.01,-9.58,52.64,-0.01,0,1,,,,0.0,0.0,1.4
34.8,ACQUIRE,0.02,-0.01,-9.58,52.72,-0.01,0,1,,,,0.0,0.0,0.8
34.85,ACQUIRE,0.02,-0.01,-9.58,52.79,-0.01,0,1,,,,0.0,0.0,1.3
34.9,ACQUIRE,0.02,-0.01,-9.58,52.87,-0.01,0,1,,,,0.0,0.0,0.8
34.95,ACQUIRE,0.02,-0.01,-9.58,52.94,-0.01,0,1,,,,0.0,0.0,1.5
35.0,ACQUIRE,0.02,-0.01,-9.58,53.02,-0.01,0,0,,,,0.0,0.0,0.8
35.05,ACQUIRE,0.02,-0.01,-9.58,53.09,-0.01,0,0,,,,0.0,0.0,1.5
35.1,ACQUIRE,0.02,-0.01,-9.58,53.17,-0.01,0,0,,,,0.0,0.0,0.7
35.15,ACQUIRE,0.02,-0.01,-9.58,53.24,-0.01,0,0,,,,0.0,0.0,1.5
35.2,ACQUIRE,0.02,-0.01,-9.58,53.32,-0.01,0,0,,,,0.0,0.0,0.7
35.25,ACQUIRE,0.02,-0.01,-9.58,53.39,-0.01,0,0,,,,0.0,0.0,1.4
35.3,ACQUIRE,0.02,-0.01,-9.58,53.47,-0.01,0,0,,,,0.0,0.0,0.8
35.35,ACQUIRE,0.02,-0.01,-9.58,53.54,-0.01,0,0,,,,0.0,0.0,1.5
35.4,ACQUIRE,0.02,-0.01,-9.58,53.62,-0.01,0,0,,,,0.0,0.0,0.8
35.45,ACQUIRE,0.02,-0.01,-9.58,53.69,-0.01,0,0,,,,0.0,0.0,1.4
35.5,ACQUIRE,0.02,-0.01,-9.58,53.77,-0.01,0,0,,,,0.0,0.0,0.8
35.55,ACQUIRE,0.02,-0.01,-9.58,53.84,-0.01,0,0,,,,0.0,0.0,1.4
35.6,ACQUIRE,0.02,-0.01,-9.58,53.92,-0.01,0,0,,,,0.0,0.0,0.6
35.65,ACQUIRE,0.02,-0.01,-9.58,53.99,-0.01,0,0,,,,0.0,0.0,1.3
35.7,ACQUIRE,0.02,-0.01,-9.58,54.07,-0.01,0,0,,,,0.0,0.0,0.9
35.75,ACQUIRE,0.02,-0.01,-9.58,54.14,-0.01,0,0,,,,0.0,0.0,1.5
35.8,ACQUIRE,0.02,-0.01,-9.58,54.22,-0.01,0,0,,,,0.0,0.0,0.8
35.85,ACQUIRE,0.02,-0.01,-9.58,54.29,-0.01,0,0,,,,0.0,0.0,1.5
35.9,ACQUIRE,0.02,-0.01,-9.58,54.37,-0.01,0,0,,,,0.0,0.0,0.8
35.95,ACQUIRE,0.02,-0.01,-9.58,54.44,-0.01,0,0,,,,0.0,0.0,1.4
36.0,ACQUIRE,0.02,-0.01,-9.58,54.52,-0.01,0,0,,,,0.0,0.0,0.8
36.05,ACQUIRE,0.02,-0.01,-9.58,54.59,-0.01,0,0,,,,0.0,0.0,1.4
36.1,ACQUIRE,0.02,-0.01,-9.58,54.67,-0.01,0,0,,,,0.0,0.0,0.8
36.15,ACQUIRE,0.02,-0.01,-9.58,54.74,-0.01,0,0,,,,0.0,0.0,1.2
36.2,ACQUIRE,0.02,-0.01,-9.58,54.82,-0.01,0,0,,,,0.0,0.0,0.6
36.25,ACQUIRE,0.02,-0.01,-9.58,54.89,-0.01,0,0,,,,0.0,0.0,1.2
36.3,ACQUIRE,0.02,-0.01,-9.58,54.97,-0.01,0,0,,,,0.0,0.0,3.5
36.35,ACQUIRE,0.02,-0.02,-9.58,55.04,-0.01,0,0,,,,0.0,0.0,1.5
36.4,ACQUIRE,0.02,-0.02,-9.58,55.12,-0.01,0,0,,,,0.0,0.0,0.8
36.45,ACQUIRE,0.02,-0.02,-9.58,55.19,-0.01,0,0,,,,0.0,0.0,1.5
36.5,ACQUIRE,0.02,-0.02,-9.58,55.27,-0.01,0,0,,,,0.0,0.0,0.8
36.55,ACQUIRE,0.02,-0.02,-9.58,55.34,-0.01,0,0,,,,0.0,0.0,1.5
36.6,ACQUIRE,0.02,-0.02,-9.58,55.42,-0.01,0,0,,,,0.0,0.0,0.8
36.65,ACQUIRE,0.02,-0.02,-9.58,55.49,-0.01,0,0,,,,0.0,0.0,1.4
36.7,ACQUIRE,0.02,-0.02,-9.58,55.57,-0.01,0,0,,,,0.0,0.0,0.6
36.75,ACQUIRE,0.02,-0.02,-9.58,55.64,-0.01,0,0,,,,0.0,0.0,1.3
36.8,ACQUIRE,0.02,-0.02,-9.58,55.72,-0.01,0,0,,,,0.0,0.0,0.8
36.85,ACQUIRE,0.02,-0.02,-9.58,55.8,-0.01,0,0,,,,0.0,0.0,1.3
36.9,ACQUIRE,0.02,-0.02,-9.58,55.87,-0.01,0,0,,,,0.0,0.0,0.8
36.95,ACQUIRE,0.02,-0.02,-9.58,55.95,-0.01,0,0,,,,0.0,0.0,1.5
37.0,ACQUIRE,0.02,-0.02,-9.58,56.02,-0.01,0,0,,,,0.0,0.0,0.8
37.05,ACQUIRE,0.02,-0.02,-9.58,56.1,-0.01,0,0,,,,0.0,0.0,1.5
37.1,ACQUIRE,0.02,-0.02,-9.58,56.17,-0.01,0,0,,,,0.0,0.0,0.8
37.15,ACQUIRE,0.02,-0.02,-9.58,56.25,-0.01,0,0,,,,0.0,0.0,1.3
37.2,ACQUIRE,0.02,-0.02,-9.58,56.32,-0.01,0,0,,,,0.0,0.0,0.8
37.25,ACQUIRE,0.02,-0.02,-9.58,56.4,-0.01,0,0,,,,0.0,0.0,1.2
37.3,ACQUIRE,0.02,-0.02,-9.58,56.47,-0.01,0,0,,,,0.0,0.0,0.8
37.35,ACQUIRE,0.02,-0.02,-9.58,56.55,-0.01,0,0,,,,0.0,0.0,1.4
37.4,ACQUIRE,0.02,-0.02,-9.58,56.62,-0.01,0,0,,,,0.0,0.0,0.8
37.45,ACQUIRE,0.02,-0.02,-9.58,56.7,-0.01,0,0,,,,0.0,0.0,1.3
37.5,ACQUIRE,0.02,-0.02,-9.58,56.77,-0.01,0,0,,,,0.0,0.0,0.8
37.55,ACQUIRE,0.02,-0.02,-9.58,56.85,-0.01,0,0,,,,0.0,0.0,1.3
37.61,ACQUIRE,0.02,-0.02,-9.58,56.92,-0.01,0,0,,,,0.0,0.0,0.6
37.66,ACQUIRE,0.02,-0.02,-9.58,57.0,-0.01,0,0,,,,0.0,0.0,1.3
37.71,ACQUIRE,0.02,-0.02,-9.58,57.07,-0.01,0,0,,,,0.0,0.0,0.8
37.76,ACQUIRE,0.02,-0.02,-9.58,57.15,-0.01,0,0,,,,0.0,0.0,1.3
37.81,ACQUIRE,0.02,-0.02,-9.58,57.22,-0.01,0,0,,,,0.0,0.0,0.6
37.86,ACQUIRE,0.02,-0.02,-9.58,57.3,-0.01,0,0,,,,0.0,0.0,1.3
37.91,ACQUIRE,0.02,-0.02,-9.58,57.37,-0.01,0,0,,,,0.0,0.0,0.6
37.96,ACQUIRE,0.02,-0.02,-9.58,57.45,-0.01,0,0,,,,0.0,0.0,1.3
38.01,ACQUIRE,0.02,-0.02,-9.58,57.52,-0.01,0,0,,,,0.0,0.0,0.7
38.06,ACQUIRE,0.02,-0.02,-9.58,57.6,-0.01,0,0,,,,0.0,0.0,1.5
38.11,ACQUIRE,0.02,-0.02,-9.58,57.67,-0.01,0,0,,,,0.0,0.0,0.7
38.16,ACQUIRE,0.02,-0.02,-9.58,57.75,-0.01,0,0,,,,0.0,0.0,1.5
38.21,ACQUIRE,0.02,-0.02,-9.58,57.82,-0.01,0,0,,,,0.0,0.0,0.8
38.26,ACQUIRE,0.02,-0.02,-9.58,57.9,-0.01,0,0,,,,0.0,0.0,1.4
38.31,ACQUIRE,0.02,-0.02,-9.58,57.97,-0.01,0,0,,,,0.0,0.0,0.5
38.36,ACQUIRE,0.02,-0.02,-9.58,58.05,-0.01,0,0,,,,0.0,0.0,1.2
38.41,ACQUIRE,0.02,-0.02,-9.58,58.12,-0.01,0,0,,,,0.0,0.0,0.8
38.46,ACQUIRE,0.02,-0.02,-9.58,58.2,-0.01,0,0,,,,0.0,0.0,1.5
38.51,ACQUIRE,0.02,-0.02,-9.58,58.27,-0.01,0,0,,,,0.0,0.0,0.8
38.56,ACQUIRE,0.02,-0.02,-9.58,58.35,-0.01,0,0,,,,0.0,0.0,1.5
38.61,ACQUIRE,0.02,-0.02,-9.58,58.42,-0.01,0,0,,,,0.0,0.0,0.8
38.66,ACQUIRE,0.02,-0.02,-9.58,58.5,-0.01,0,0,,,,0.0,0.0,1.5
38.71,ACQUIRE,0.02,-0.02,-9.58,58.57,-0.01,0,0,,,,0.0,0.0,3.7
38.76,ACQUIRE,0.02,-0.02,-9.58,58.65,-0.01,0,0,,,,0.0,0.0,1.5
38.81,ACQUIRE,0.02,-0.02,-9.58,58.72,-0.01,0,0,,,,0.0,0.0,0.8
38.86,ACQUIRE,0.02,-0.02,-9.58,58.8,-0.01,0,0,,,,0.0,0.0,1.4
38.91,ACQUIRE,0.02,-0.02,-9.58,58.87,-0.01,0,0,,,,0.0,0.0,0.6
38.96,ACQUIRE,0.02,-0.02,-9.58,58.95,-0.01,0,0,,,,0.0,0.0,1.4
39.01,ACQUIRE,0.02,-0.02,-9.58,59.02,-0.01,0,0,,,,0.0,0.0,0.8
39.06,ACQUIRE,0.02,-0.02,-9.58,59.1,-0.01,0,0,,,,0.0,0.0,1.4
39.11,ACQUIRE,0.02,-0.02,-9.58,59.17,-0.01,0,0,,,,0.0,0.0,0.8
39.16,ACQUIRE,0.02,-0.02,-9.58,59.25,-0.01,0,0,,,,0.0,0.0,1.5
39.21,ACQUIRE,0.02,-0.02,-9.58,59.33,-0.01,0,0,,,,0.0,0.0,0.8
39.26,ACQUIRE,0.02,-0.02,-9.58,59.4,-0.01,0,0,,,,0.0,0.0,1.5
39.31,ACQUIRE,0.02,-0.02,-9.58,59.48,-0.01,0,0,,,,0.0,0.0,0.8
39.36,ACQUIRE,0.02,-0.02,-9.58,59.55,-0.01,0,0,,,,0.0,0.0,1.5
39.41,ACQUIRE,0.02,-0.02,-9.58,59.63,-0.01,0,0,,,,0.0,0.0,0.6
39.46,ACQUIRE,0.02,-0.02,-9.58,59.7,-0.01,0,0,,,,0.0,0.0,1.2
39.51,ACQUIRE,0.02,-0.02,-9.58,59.78,-0.01,0,0,,,,0.0,0.0,0.8
39.56,ACQUIRE,0.02,-0.02,-9.58,59.85,-0.01,0,0,,,,0.0,0.0,1.4
39.61,ACQUIRE,0.02,-0.02,-9.58,59.93,-0.01,0,0,,,,0.0,0.0,0.8
39.66,ACQUIRE,0.01,-0.02,-9.58,60.0,-0.01,0,0,,,,0.0,0.0,1.4
39.71,ACQUIRE,0.01,-0.02,-9.58,60.08,-0.01,0,0,,,,0.0,0.0,0.8
39.76,ACQUIRE,0.01,-0.02,-9.58,60.15,-0.01,0,0,,,,0.0,0.0,1.3
39.81,ACQUIRE,0.01,-0.02,-9.58,60.23,-0.01,0,0,,,,0.0,0.0,0.8
39.86,ACQUIRE,0.01,-0.02,-9.58,60.3,-0.01,0,0,,,,0.0,0.0,1.5
39.91,ACQUIRE,0.01,-0.02,-9.58,60.38,-0.01,0,0,,,,0.0,0.0,0.8
39.96,ACQUIRE,0.01,-0.02,-9.58,60.45,-0.01,0,0,,,,0.0,0.0,1.3
40.01,ACQUIRE,0.01,-0.02,-9.58,60.53,-0.01,0,0,,,,0.0,0.0,0.8
40.06,ACQUIRE,0.01,-0.01,-9.58,60.6,-0.01,0,0,,,,0.0,0.0,1.3
40.11,ACQUIRE,0.01,-0.01,-9.58,60.68,-0.01,0,0,,,,0.0,0.0,0.8
40.16,ACQUIRE,0.01,-0.01,-9.58,60.75,-0.01,0,0,,,,0.0,0.0,1.2
40.21,ACQUIRE,0.01,-0.01,-9.58,60.83,-0.01,0,0,,,,0.0,0.0,0.8
40.26,ACQUIRE,0.01,-0.01,-9.58,60.9,-0.01,0,0,,,,0.0,0.0,1.4
40.31,ACQUIRE,0.01,-0.01,-9.58,60.98,-0.01,0,0,,,,0.0,0.0,0.8
40.36,ACQUIRE,0.01,-0.01,-9.58,61.05,-0.01,0,0,,,,0.0,0.0,1.4
40.41,ACQUIRE,0.01,-0.01,-9.58,61.13,-0.01,0,0,,,,0.0,0.0,0.8
40.46,ACQUIRE,0.01,-0.01,-9.58,61.2,-0.01,0,0,,,,0.0,0.0,1.4
40.51,ACQUIRE,0.01,-0.01,-9.58,61.28,-0.01,0,0,,,,0.0,0.0,0.6
40.56,ACQUIRE,0.01,-0.01,-9.58,61.35,-0.01,0,0,,,,0.0,0.0,1.3
40.61,ACQUIRE,0.01,-0.01,-9.58,61.43,-0.01,0,0,,,,0.0,0.0,0.8
40.66,ACQUIRE,0.01,-0.01,-9.58,61.5,-0.01,0,0,,,,0.0,0.0,1.5
40.71,ACQUIRE,0.01,-0.01,-9.58,61.58,-0.01,0,0,,,,0.0,0.0,0.8
40.76,ACQUIRE,0.01,-0.01,-9.58,61.65,-0.01,0,0,,,,0.0,0.0,1.5
40.81,ACQUIRE,0.01,-0.01,-9.58,61.73,-0.01,0,0,,,,0.0,0.0,0.8
40.86,ACQUIRE,0.01,-0.01,-9.58,61.8,-0.01,0,0,,,,0.0,0.0,1.4
40.91,ACQUIRE,0.01,-0.01,-9.58,61.88,-0.01,0,0,,,,0.0,0.0,0.8
40.96,ACQUIRE,0.01,-0.01,-9.58,61.95,-0.01,0,0,,,,0.0,0.0,1.4
41.01,ACQUIRE,0.01,-0.01,-9.58,62.03,-0.01,0,0,,,,0.0,0.0,0.8
41.06,ACQUIRE,0.01,-0.01,-9.58,62.1,-0.01,0,0,,,,0.0,0.0,1.7
41.11,ACQUIRE,0.01,-0.01,-9.58,62.18,-0.01,0,0,,,,0.0,0.0,3.6
41.16,ACQUIRE,0.01,-0.01,-9.58,62.25,-0.01,0,0,,,,0.0,0.0,1.3
41.21,ACQUIRE,0.01,-0.01,-9.58,62.33,-0.01,0,0,,,,0.0,0.0,0.8
41.26,ACQUIRE,0.01,-0.01,-9.58,62.4,-0.01,0,0,,,,0.0,0.0,1.5
41.31,ACQUIRE,0.01,-0.01,-9.58,62.48,-0.01,0,0,,,,0.0,0.0,0.8
41.36,ACQUIRE,0.01,-0.01,-9.58,62.55,-0.01,0,0,,,,0.0,0.0,1.6
41.41,ACQUIRE,0.01,-0.01,-9.58,62.63,-0.01,0,0,,,,0.0,0.0,0.9
41.46,ACQUIRE,0.01,-0.01,-9.58,62.7,-0.01,0,0,,,,0.0,0.0,1.5
41.51,ACQUIRE,0.01,-0.01,-9.58,62.78,-0.01,0,0,,,,0.0,0.0,0.8
41.56,ACQUIRE,0.01,-0.01,-9.58,62.85,-0.01,0,0,,,,0.0,0.0,1.4
41.61,ACQUIRE,0.01,-0.01,-9.58,62.93,-0.01,0,0,,,,0.0,0.0,0.6
41.66,ACQUIRE,0.01,-0.01,-9.58,63.01,-0.01,0,0,,,,0.0,0.0,1.3
41.71,ACQUIRE,0.01,-0.01,-9.58,63.08,-0.01,0,0,,,,0.0,0.0,0.8
41.76,ACQUIRE,0.01,-0.01,-9.58,63.16,-0.01,0,0,,,,0.0,0.0,1.3
41.81,ACQUIRE,0.01,-0.01,-9.58,63.23,-0.01,0,0,,,,0.0,0.0,0.9
41.86,ACQUIRE,0.01,-0.01,-9.58,63.31,-0.01,0,0,,,,0.0,0.0,1.6
41.91,ACQUIRE,0.01,-0.01,-9.58,63.38,-0.01,0,0,,,,0.0,0.0,0.8
41.96,ACQUIRE,0.01,-0.01,-9.58,63.46,-0.01,0,0,,,,0.0,0.0,1.5
42.01,ACQUIRE,0.01,-0.01,-9.58,63.53,-0.01,0,0,,,,0.0,0.0,0.8
42.06,ACQUIRE,0.01,-0.01,-9.58,63.61,-0.01,0,0,,,,0.0,0.0,1.5
42.11,ACQUIRE,0.01,-0.01,-9.58,63.68,-0.01,0,0,,,,0.0,0.0,0.6
42.16,ACQUIRE,0.01,-0.01,-9.58,63.76,-0.01,0,0,,,,0.0,0.0,1.3
42.21,ACQUIRE,0.01,-0.01,-9.58,63.83,-0.01,0,0,,,,0.0,0.0,0.6
42.26,ACQUIRE,0.01,-0.01,-9.58,63.91,-0.01,0,0,,,,0.0,0.0,1.3
42.31,ACQUIRE,0.01,-0.01,-9.58,63.98,-0.01,0,0,,,,0.0,0.0,0.8
42.36,ACQUIRE,0.01,-0.01,-9.58,64.06,-0.01,0,0,,,,0.0,0.0,1.2
42.41,ACQUIRE,0.01,-0.01,-9.58,64.13,-0.01,0,0,,,,0.0,0.0,0.8
42.46,ACQUIRE,0.01,-0.01,-9.58,64.21,-0.01,0,0,,,,0.0,0.0,1.3
42.51,ACQUIRE,0.01,-0.01,-9.58,64.28,-0.01,0,0,,,,0.0,0.0,0.8
42.56,ACQUIRE,0.01,-0.01,-9.58,64.36,-0.01,0,0,,,,0.0,0.0,1.5
42.61,ACQUIRE,0.01,-0.01,-9.58,64.43,-0.01,0,0,,,,0.0,0.0,0.8
42.66,ACQUIRE,0.01,-0.01,-9.58,64.51,-0.01,0,0,,,,0.0,0.0,1.4
42.71,ACQUIRE,0.01,-0.01,-9.58,64.58,-0.01,0,0,,,,0.0,0.0,0.6
42.76,ACQUIRE,0.01,-0.01,-9.58,64.66,-0.01,0,0,,,,0.0,0.0,1.5
42.81,ACQUIRE,0.01,-0.01,-9.58,64.73,-0.01,0,0,,,,0.0,0.0,0.8
42.86,ACQUIRE,0.01,-0.01,-9.58,64.81,-0.01,0,0,,,,0.0,0.0,1.4
42.91,ACQUIRE,0.01,-0.01,-9.58,64.88,-0.01,0,0,,,,0.0,0.0,0.8
42.96,ACQUIRE,0.02,-0.01,-9.58,64.96,-0.01,0,0,,,,0.0,0.0,1.4
43.01,ACQUIRE,0.02,-0.01,-9.58,65.03,-0.01,0,0,,,,0.0,0.0,0.8
43.06,ACQUIRE,0.02,-0.01,-9.58,65.11,-0.01,0,0,,,,0.0,0.0,1.3
43.11,ACQUIRE,0.02,-0.01,-9.58,65.18,-0.01,0,0,,,,0.0,0.0,0.8
43.16,ACQUIRE,0.02,-0.01,-9.58,65.26,-0.01,0,0,,,,0.0,0.0,1.2
43.21,ACQUIRE,0.02,-0.01,-9.58,65.33,-0.01,0,0,,,,0.0,0.0,0.6
43.26,ACQUIRE,0.02,-0.01,-9.58,65.41,-0.01,0,0,,,,0.0,0.0,1.5
43.31,ACQUIRE,0.02,-0.01,-9.58,65.48,-0.01,0,0,,,,0.0,0.0,0.8
43.36,ACQUIRE,0.02,-0.01,-9.58,65.56,-0.01,0,0,,,,0.0,0.0,1.5
43.41,ACQUIRE,0.02,-0.01,-9.58,65.63,-0.01,0,0,,,,0.0,0.0,0.8
43.46,ACQUIRE,0.02,-0.01,-9.58,65.71,-0.01,0,0,,,,0.0,0.0,1.5
43.51,ACQUIRE,0.02,-0.01,-9.58,65.78,-0.01,0,0,,,,0.0,0.0,3.6
43.56,ACQUIRE,0.02,-0.01,-9.58,65.86,-0.01,0,0,,,,0.0,0.0,1.5
43.61,ACQUIRE,0.02,-0.01,-9.58,65.93,-0.01,0,0,,,,0.0,0.0,0.8
43.66,ACQUIRE,0.02,-0.01,-9.58,66.01,-0.01,0,0,,,,0.0,0.0,1.5
43.71,ACQUIRE,0.02,-0.01,-9.58,66.08,-0.01,0,0,,,,0.0,0.0,0.8
43.76,ACQUIRE,0.02,-0.01,-9.58,66.16,-0.01,0,0,,,,0.0,0.0,1.2
43.81,ACQUIRE,0.02,-0.01,-9.58,66.24,-0.01,0,0,,,,0.0,0.0,0.6
43.86,ACQUIRE,0.02,-0.01,-9.58,66.31,-0.01,0,0,,,,0.0,0.0,1.3
43.91,ACQUIRE,0.02,-0.01,-9.58,66.39,-0.01,0,0,,,,0.0,0.0,0.7
43.96,ACQUIRE,0.02,-0.01,-9.58,66.46,-0.01,0,0,,,,0.0,0.0,1.3
44.01,ACQUIRE,0.02,-0.01,-9.58,66.54,-0.01,0,0,,,,0.0,0.0,0.6
44.06,ACQUIRE,0.02,-0.01,-9.58,66.61,-0.01,0,0,,,,0.0,0.0,1.6
44.11,ACQUIRE,0.02,-0.01,-9.58,66.69,-0.01,0,0,,,,0.0,0.0,0.8
44.16,ACQUIRE,0.02,-0.01,-9.58,66.76,-0.01,0,0,,,,0.0,0.0,1.4
44.21,ACQUIRE,0.02,-0.01,-9.58,66.84,-0.01,0,0,,,,0.0,0.0,0.8
44.26,ACQUIRE,0.02,-0.01,-9.58,66.91,-0.01,0,0,,,,0.0,0.0,1.4
44.31,ACQUIRE,0.02,-0.01,-9.58,66.99,-0.01,0,0,,,,0.0,0.0,0.6
44.36,ACQUIRE,0.02,-0.01,-9.58,67.06,-0.01,0,0,,,,0.0,0.0,1.3
44.41,ACQUIRE,0.02,-0.01,-9.58,67.14,-0.01,0,0,,,,0.0,0.0,0.8
44.46,ACQUIRE,0.02,-0.01,-9.58,67.21,-0.01,0,0,,,,0.0,0.0,1.5
44.51,ACQUIRE,0.02,-0.01,-9.58,67.29,-0.01,0,0,,,,0.0,0.0,0.8
44.56,ACQUIRE,0.02,-0.01,-9.58,67.36,-0.01,0,0,,,,0.0,0.0,1.4
44.62,ACQUIRE,0.02,-0.01,-9.58,67.44,-0.01,0,0,,,,0.0,0.0,0.8
44.67,ACQUIRE,0.02,-0.01,-9.58,67.51,-0.01,0,0,,,,0.0,0.0,1.4
44.72,ACQUIRE,0.02,-0.01,-9.58,67.59,-0.01,0,0,,,,0.0,0.0,0.8
44.77,ACQUIRE,0.02,-0.01,-9.58,67.66,-0.01,0,0,,,,0.0,0.0,1.5
44.82,ACQUIRE,0.02,-0.01,-9.58,67.74,-0.01,0,0,,,,0.0,0.0,0.5
44.87,ACQUIRE,0.02,-0.01,-9.58,67.81,-0.01,0,0,,,,0.0,0.0,1.3
44.92,ACQUIRE,0.02,-0.01,-9.58,67.89,-0.01,0,0,,,,0.0,0.0,0.8
44.97,ACQUIRE,0.02,-0.01,-9.58,67.96,-0.01,0,0,,,,0.0,0.0,1.5
45.02,ACQUIRE,0.02,-0.01,-9.58,68.04,-0.01,0,0,,,,0.0,0.0,0.8
45.07,ACQUIRE,0.02,-0.01,-9.58,68.11,-0.01,0,0,,,,0.0,0.0,1.4
45.12,ACQUIRE,0.02,-0.01,-9.58,68.19,-0.01,0,0,,,,0.0,0.0,0.8
45.17,ACQUIRE,0.02,-0.02,-9.58,68.26,-0.01,0,0,,,,0.0,0.0,1.5
45.22,ACQUIRE,0.02,-0.02,-9.58,68.34,-0.01,0,0,,,,0.0,0.0,0.8
45.27,ACQUIRE,0.02,-0.02,-9.58,68.41,-0.01,0,0,,,,0.0,0.0,1.4
45.32,ACQUIRE,0.02,-0.02,-9.58,68.49,-0.01,0,0,,,,0.0,0.0,0.8
45.37,ACQUIRE,0.02,-0.02,-9.58,68.56,-0.01,0,0,,,,0.0,0.0,1.2
45.42,ACQUIRE,0.02,-0.02,-9.58,68.64,-0.01,0,0,,,,0.0,0.0,0.5
45.47,ACQUIRE,0.02,-0.02,-9.58,68.71,-0.01,0,0,,,,0.0,0.0,1.5
45.52,ACQUIRE,0.02,-0.02,-9.58,68.79,-0.01,0,0,,,,0.0,0.0,0.8
45.57,ACQUIRE,0.02,-0.02,-9.58,68.86,-0.01,0,0,,,,0.0,0.0,1.5
45.62,ACQUIRE,0.02,-0.02,-9.58,68.94,-0.01,0,0,,,,0.0,0.0,0.8
45.67,ACQUIRE,0.02,-0.02,-9.58,69.01,-0.01,0,0,,,,0.0,0.0,1.5
45.72,ACQUIRE,0.02,-0.02,-9.58,69.09,-0.01,0,0,,,,0.0,0.0,0.8
45.77,ACQUIRE,0.02,-0.02,-9.58,69.16,-0.01,0,0,,,,0.0,0.0,1.6
45.82,ACQUIRE,0.02,-0.02,-9.58,69.24,-0.01,0,0,,,,0.0,0.0,0.6
45.87,ACQUIRE,0.02,-0.02,-9.58,69.31,-0.01,0,0,,,,0.0,0.0,1.5
45.92,ACQUIRE,0.02,-0.02,-9.58,69.39,-0.01,0,0,,,,0.0,0.0,3.6
45.97,ACQUIRE,0.02,-0.02,-9.58,69.46,-0.01,0,0,,,,0.0,0.0,1.2
46.02,ACQUIRE,0.02,-0.02,-9.58,69.54,-0.01,0,0,,,,0.0,0.0,0.9
46.07,ACQUIRE,0.02,-0.02,-9.58,69.61,-0.01,0,0,,,,0.0,0.0,1.6
46.12,ACQUIRE,0.02,-0.02,-9.58,69.69,-0.01,0,0,,,,0.0,0.0,0.8
46.17,ACQUIRE,0.02,-0.02,-9.58,69.76,-0.01,0,0,,,,0.0,0.0,1.4
46.22,ACQUIRE,0.02,-0.02,-9.58,69.84,-0.01,0,0,,,,0.0,0.0,0.8
46.27,ACQUIRE,0.02,-0.02,-9.58,69.92,-0.01,0,0,,,,0.0,0.0,1.5
46.32,ACQUIRE,0.02,-0.02,-9.58,69.99,-0.01,0,0,,,,0.0,0.0,0.6
46.37,ACQUIRE,0.02,-0.02,-9.58,70.07,-0.01,0,0,,,,0.0,0.0,1.3
46.42,ACQUIRE,0.02,-0.02,-9.58,70.14,-0.01,0,0,,,,0.0,0.0,0.8
46.47,ACQUIRE,0.02,-0.02,-9.58,70.22,-0.01,0,0,,,,0.0,0.0,1.1
46.52,ACQUIRE,0.02,-0.02,-9.58,70.29,-0.01,0,0,,,,0.0,0.0,0.8
46.57,ACQUIRE,0.02,-0.02,-9.58,70.37,-0.01,0,0,,,,0.0,0.0,1.5
46.62,ACQUIRE,0.02,-0.02,-9.58,70.44,-0.01,0,0,,,,0.0,0.0,0.8
46.67,ACQUIRE,0.02,-0.02,-9.58,70.52,-0.01,0,0,,,,0.0,0.0,1.5
46.72,ACQUIRE,0.02,-0.02,-9.58,70.59,-0.01,0,0,,,,0.0,0.0,0.8
46.77,ACQUIRE,0.02,-0.02,-9.58,70.67,-0.01,0,0,,,,0.0,0.0,1.5
46.82,ACQUIRE,0.02,-0.02,-9.58,70.74,-0.01,0,0,,,,0.0,0.0,0.8
46.87,ACQUIRE,0.02,-0.02,-9.58,70.82,-0.01,0,0,,,,0.0,0.0,1.4
46.92,ACQUIRE,0.02,-0.02,-9.58,70.89,-0.01,0,0,,,,0.0,0.0,0.8
46.97,ACQUIRE,0.02,-0.02,-9.58,70.97,-0.01,0,0,,,,0.0,0.0,1.4
47.02,ACQUIRE,0.02,-0.02,-9.58,71.04,-0.01,0,0,,,,0.0,0.0,0.6
47.07,ACQUIRE,0.02,-0.02,-9.58,71.12,-0.01,0,0,,,,0.0,0.0,1.5
47.12,ACQUIRE,0.02,-0.02,-9.58,71.19,-0.01,0,0,,,,0.0,0.0,0.8
47.17,ACQUIRE,0.02,-0.02,-9.58,71.27,-0.01,0,0,,,,0.0,0.0,1.5
47.22,ACQUIRE,0.02,-0.02,-9.58,71.34,-0.01,0,0,,,,0.0,0.0,0.8
47.27,ACQUIRE,0.02,-0.02,-9.58,71.42,-0.01,0,0,,,,0.0,0.0,1.5
47.32,ACQUIRE,0.02,-0.02,-9.58,71.49,-0.01,0,0,,,,0.0,0.0,0.8
47.37,ACQUIRE,0.02,-0.02,-9.58,71.57,-0.01,0,0,,,,0.0,0.0,1.4
47.42,ACQUIRE,0.02,-0.02,-9.58,71.64,-0.01,0,0,,,,0.0,0.0,0.8
47.47,ACQUIRE,0.02,-0.02,-9.58,71.72,-0.01,0,0,,,,0.0,0.0,1.5
47.52,ACQUIRE,0.02,-0.02,-9.58,71.79,-0.01,0,0,,,,0.0,0.0,0.8
47.57,ACQUIRE,0.02,-0.02,-9.58,71.87,-0.01,0,0,,,,0.0,0.0,1.2
47.62,ACQUIRE,0.02,-0.02,-9.58,71.94,-0.01,0,0,,,,0.0,0.0,0.8
47.67,ACQUIRE,0.02,-0.02,-9.58,72.02,-0.01,0,0,,,,0.0,0.0,1.4
47.72,ACQUIRE,0.02,-0.02,-9.58,72.09,-0.01,0,0,,,,0.0,0.0,0.8
47.77,ACQUIRE,0.02,-0.02,-9.58,72.17,-0.01,0,0,,,,0.0,0.0,1.4
47.82,ACQUIRE,0.02,-0.02,-9.58,72.24,-0.01,0,0,,,,0.0,0.0,0.8
47.87,ACQUIRE,0.02,-0.02,-9.58,72.32,-0.01,0,0,,,,0.0,0.0,1.5
47.92,ACQUIRE,0.02,-0.02,-9.58,72.39,-0.01,0,0,,,,0.0,0.0,0.7
47.97,ACQUIRE,0.02,-0.02,-9.58,72.47,-0.01,0,0,,,,0.0,0.0,1.5
48.02,ACQUIRE,0.02,-0.02,-9.58,72.54,-0.01,0,0,,,,0.0,0.0,0.8
48.07,ACQUIRE,0.02,-0.02,-9.58,72.62,-0.01,0,0,,,,0.0,0.0,1.3
48.12,ACQUIRE,0.02,-0.02,-9.58,72.69,-0.01,0,0,,,,0.0,0.0,0.8
48.17,ACQUIRE,0.02,-0.02,-9.58,72.77,-0.01,0,0,,,,0.0,0.0,1.6
48.22,ACQUIRE,0.02,-0.02,-9.58,72.84,-0.01,0,0,,,,0.0,0.0,0.8
48.27,ACQUIRE,0.02,-0.02,-9.58,72.92,-0.01,0,0,,,,0.0,0.0,1.3
48.32,ACQUIRE,0.02,-0.02,-9.58,72.99,-0.01,0,0,,,,0.0,0.0,3.7
48.37,ACQUIRE,0.02,-0.02,-9.58,73.07,-0.01,0,0,,,,0.0,0.0,1.4
48.42,ACQUIRE,0.02,-0.02,-9.58,73.14,-0.01,0,0,,,,0.0,0.0,0.8
48.47,ACQUIRE,0.02,-0.02,-9.58,73.22,-0.01,0,0,,,,0.0,0.0,1.4
48.52,ACQUIRE,0.02,-0.02,-9.58,73.29,-0.01,0,0,,,,0.0,0.0,0.8
48.57,ACQUIRE,0.02,-0.02,-9.58,73.37,-0.01,0,0,,,,0.0,0.0,1.5
48.62,ACQUIRE,0.02,-0.02,-9.58,73.44,-0.01,0,0,,,,0.0,0.0,0.6
48.67,ACQUIRE,0.02,-0.02,-9.58,73.52,-0.01,0,0,,,,0.0,0.0,1.3
48.72,ACQUIRE,0.02,-0.02,-9.58,73.59,-0.01,0,0,,,,0.0,0.0,0.8
48.77,ACQUIRE,0.02,-0.02,-9.58,73.67,-0.01,0,0,,,,0.0,0.0,1.3
48.82,ACQUIRE,0.02,-0.02,-9.58,73.75,-0.01,0,0,,,,0.0,0.0,0.8
48.87,ACQUIRE,0.02,-0.02,-9.58,73.82,-0.01,0,0,,,,0.0,0.0,1.5
48.92,ACQUIRE,0.02,-0.02,-9.58,73.9,-0.01,0,0,,,,0.0,0.0,0.8
48.97,ACQUIRE,0.02,-0.02,-9.58,73.97,-0.01,0,0,,,,0.0,0.0,1.4
49.02,ACQUIRE,0.02,-0.02,-9.58,74.05,-0.01,0,0,,,,0.0,0.0,0.9
49.07,ACQUIRE,0.02,-0.02,-9.58,74.12,-0.01,0,0,,,,0.0,0.0,1.4
49.12,ACQUIRE,0.02,-0.02,-9.58,74.2,-0.01,0,0,,,,0.0,0.0,0.8
49.17,ACQUIRE,0.02,-0.02,-9.58,74.27,-0.01,0,0,,,,0.0,0.0,1.2
49.22,ACQUIRE,0.02,-0.02,-9.58,74.35,-0.01,0,0,,,,0.0,0.0,0.8
49.27,ACQUIRE,0.01,-0.02,-9.58,74.42,-0.01,0,0,,,,0.0,0.0,1.5
49.32,ACQUIRE,0.01,-0.02,-9.58,74.5,-0.01,0,0,,,,0.0,0.0,0.8
49.37,ACQUIRE,0.01,-0.02,-9.58,74.57,-0.01,0,0,,,,0.0,0.0,1.5
49.42,ACQUIRE,0.01,-0.02,-9.58,74.65,-0.01,0,0,,,,0.0,0.0,0.8
49.47,ACQUIRE,0.01,-0.02,-9.58,74.72,-0.01,0,0,,,,0.0,0.0,1.5
49.52,ACQUIRE,0.01,-0.02,-9.58,74.8,-0.01,0,0,,,,0.0,0.0,0.9
49.57,ACQUIRE,0.01,-0.02,-9.58,74.87,-0.01,0,0,,,,0.0,0.0,1.6
49.62,ACQUIRE,0.01,-0.02,-9.58,74.95,-0.01,0,0,,,,0.0,0.0,0.8
49.67,ACQUIRE,0.01,-0.02,-9.58,75.02,-0.01,0,0,,,,0.0,0.0,1.2
49.72,ACQUIRE,0.01,-0.02,-9.58,75.1,-0.01,0,0,,,,0.0,0.0,0.6
49.77,ACQUIRE,0.01,-0.01,-9.58,75.17,-0.01,0,0,,,,0.0,0.0,1.4
49.82,ACQUIRE,0.01,-0.01,-9.58,75.25,-0.01,0,0,,,,0.0,0.0,0.8
49.87,ACQUIRE,0.01,-0.01,-9.58,75.32,-0.01,0,0,,,,0.0,0.0,1.7
49.92,ACQUIRE,0.01,-0.01,-9.58,75.4,-0.01,0,0,,,,0.0,0.0,0.9
49.97,ACQUIRE,0.01,-0.01,-9.58,75.47,-0.01,0,0,,,,0.0,0.0,1.5
50.02,ACQUIRE,0.01,-0.01,-9.58,75.55,-0.01,0,0,,,,0.0,0.0,0.9
50.07,ACQUIRE,0.01,-0.01,-9.58,75.62,-0.01,0,0,,,,0.0,0.0,1.4
50.12,ACQUIRE,0.01,-0.01,-9.58,75.7,-0.01,0,0,,,,0.0,0.0,0.9
50.17,ACQUIRE,0.01,-0.01,-9.58,75.77,-0.01,0,0,,,,0.0,0.0,1.5
50.22,ACQUIRE,0.01,-0.01,-9.58,75.85,-0.01,0,0,,,,0.0,0.0,0.8
50.27,ACQUIRE,0.01,-0.01,-9.58,75.92,-0.01,0,0,,,,0.0,0.0,1.2
50.32,ACQUIRE,0.01,-0.01,-9.58,76.0,-0.01,0,0,,,,0.0,0.0,0.8
50.37,ACQUIRE,0.01,-0.01,-9.58,76.07,-0.01,0,0,,,,0.0,0.0,1.5
50.42,ACQUIRE,0.01,-0.01,-9.58,76.15,-0.01,0,0,,,,0.0,0.0,0.8
50.47,ACQUIRE,0.01,-0.01,-9.58,76.22,-0.01,0,0,,,,0.0,0.0,1.4
50.52,ACQUIRE,0.01,-0.01,-9.58,76.3,-0.01,0,0,,,,0.0,0.0,0.7
50.57,ACQUIRE,0.01,-0.01,-9.58,76.37,-0.01,0,0,,,,0.0,0.0,1.4
50.62,ACQUIRE,0.01,-0.01,-9.58,76.45,-0.01,0,0,,,,0.0,0.0,0.8
50.67,ACQUIRE,0.01,-0.01,-9.58,76.52,-0.01,0,0,,,,0.0,0.0,1.5
50.72,ACQUIRE,0.01,-0.01,-9.58,76.6,-0.01,0,0,,,,0.0,0.0,3.8
50.77,ACQUIRE,0.01,-0.01,-9.58,76.67,-0.01,0,0,,,,0.0,0.0,1.4
50.82,ACQUIRE,0.01,-0.01,-9.58,76.75,-0.01,0,0,,,,0.0,0.0,0.6
50.87,ACQUIRE,0.01,-0.01,-9.58,76.82,-0.01,0,0,,,,0.0,0.0,1.5
50.92,ACQUIRE,0.01,-0.01,-9.58,76.9,-0.01,0,0,,,,0.0,0.0,0.8
50.97,ACQUIRE,0.01,-0.01,-9.58,76.98,-0.01,0,0,,,,0.0,0.0,1.3
51.02,ACQUIRE,0.01,-0.01,-9.58,77.05,-0.01,0,0,,,,0.0,0.0,0.8
51.07,ACQUIRE,0.01,-0.01,-9.58,77.13,-0.01,0,0,,,,0.0,0.0,1.5
51.12,ACQUIRE,0.01,-0.01,-9.58,77.2,-0.01,0,0,,,,0.0,0.0,0.8
51.17,ACQUIRE,0.01,-0.01,-9.58,77.28,-0.01,0,0,,,,0.0,0.0,1.3
51.22,ACQUIRE,0.01,-0.01,-9.58,77.35,-0.01,0,0,,,,0.0,0.0,0.8
51.27,ACQUIRE,0.01,-0.01,-9.58,77.43,-0.01,0,0,,,,0.0,0.0,1.5
51.32,ACQUIRE,0.01,-0.01,-9.58,77.5,-0.01,0,0,,,,0.0,0.0,1.3
51.37,ACQUIRE,0.01,-0.01,-9.58,77.58,-0.01,0,0,,,,0.0,0.0,1.3
51.42,ACQUIRE,0.01,-0.01,-9.58,77.65,-0.01,0,0,,,,0.0,0.0,0.8
51.47,ACQUIRE,0.01,-0.01,-9.58,77.73,-0.01,0,0,,,,0.0,0.0,1.6
51.52,ACQUIRE,0.01,-0.01,-9.58,77.8,-0.01,0,0,,,,0.0,0.0,0.8
51.57,ACQUIRE,0.01,-0.01,-9.58,77.88,-0.01,0,0,,,,0.0,0.0,1.6
51.62,ACQUIRE,0.01,-0.01,-9.58,77.95,-0.01,0,0,,,,0.0,0.0,0.9
51.67,ACQUIRE,0.01,-0.01,-9.58,78.03,-0.01,0,0,,,,0.0,0.0,1.3
51.72,ACQUIRE,0.01,-0.01,-9.58,78.1,-0.01,0,0,,,,0.0,0.0,0.8
51.78,ACQUIRE,0.01,-0.01,-9.58,78.18,-0.01,0,0,,,,0.0,0.0,1.5
51.83,ACQUIRE,0.01,-0.01,-9.58,78.25,-0.01,0,0,,,,0.0,0.0,0.9
51.88,ACQUIRE,0.01,-0.01,-9.58,78.33,-0.01,0,0,,,,0.0,0.0,1.2
51.93,ACQUIRE,0.01,-0.01,-9.58,78.4,-0.01,0,0,,,,0.0,0.0,0.6
51.98,ACQUIRE,0.01,-0.01,-9.58,78.48,-0.01,0,0,,,,0.0,0.0,1.4
52.03,ACQUIRE,0.01,-0.01,-9.58,78.55,-0.01,0,0,,,,0.0,0.0,0.8
52.08,ACQUIRE,0.01,-0.01,-9.58,78.63,-0.01,0,0,,,,0.0,0.0,1.5
52.13,ACQUIRE,0.01,-0.01,-9.58,78.7,-0.01,0,0,,,,0.0,0.0,0.8
52.18,ACQUIRE,0.01,-0.01,-9.58,78.78,-0.01,0,0,,,,0.0,0.0,1.7
52.23,ACQUIRE,0.01,-0.01,-9.58,78.85,-0.01,0,0,,,,0.0,0.0,0.9
52.28,ACQUIRE,0.01,-0.01,-9.58,78.93,-0.01,0,0,,,,0.0,0.0,1.6
52.33,ACQUIRE,0.01,-0.01,-9.58,79.0,-0.01,0,0,,,,0.0,0.0,0.8
52.38,ACQUIRE,0.01,-0.01,-9.58,79.08,-0.01,0,0,,,,0.0,0.0,1.2
52.43,ACQUIRE,0.01,-0.01,-9.58,79.15,-0.01,0,0,,,,0.0,0.0,0.6
52.48,ACQUIRE,0.01,-0.01,-9.58,79.23,-0.01,0,0,,,,0.0,0.0,1.5
52.53,ACQUIRE,0.01,-0.01,-9.58,79.3,-0.01,0,0,,,,0.0,0.0,0.8
52.58,ACQUIRE,0.02,-0.02,-9.58,79.38,-0.01,0,0,,,,0.0,0.0,1.5
52.63,ACQUIRE,0.02,-0.02,-9.58,79.45,-0.01,0,0,,,,0.0,0.0,0.8
52.68,ACQUIRE,0.02,-0.01,-9.58,79.53,-0.01,0,0,,,,0.0,0.0,1.4
52.73,ACQUIRE,0.02,-0.01,-9.58,79.6,-0.01,0,0,,,,0.0,0.0,0.8
52.78,ACQUIRE,0.02,-0.02,-9.58,79.68,-0.01,0,0,,,,0.0,0.0,1.5
52.83,ACQUIRE,0.02,-0.02,-9.58,79.75,-0.01,0,0,,,,0.0,0.0,0.8
52.88,ACQUIRE,0.02,-0.01,-9.58,79.83,-0.01,0,0,,,,0.0,0.0,1.5
52.93,ACQUIRE,0.02,-0.01,-9.58,79.9,-0.01,0,0,,,,0.0,0.0,0.6
52.98,ACQUIRE,0.02,-0.01,-9.58,79.98,-0.01,0,0,,,,0.0,0.0,1.3
53.03,ACQUIRE,0.02,-0.01,-9.58,80.05,-0.01,0,0,,,,0.0,0.0,0.6
53.08,ACQUIRE,0.02,-0.01,-9.58,80.13,-0.01,0,0,,,,0.0,0.0,1.3
53.13,ACQUIRE,0.02,-0.01,-9.58,80.2,-0.01,0,0,,,,0.0,0.0,3.5
53.18,ACQUIRE,0.02,-0.01,-9.58,80.28,-0.01,0,0,,,,0.0,0.0,1.5
53.23,ACQUIRE,0.02,-0.01,-9.58,80.35,-0.01,0,0,,,,0.0,0.0,0.8
53.28,ACQUIRE,0.02,-0.01,-9.58,80.43,-0.01,0,0,,,,0.0,0.0,1.2
53.33,ACQUIRE,0.02,-0.01,-9.58,80.5,-0.01,0,0,,,,0.0,0.0,0.8
53.38,ACQUIRE,0.02,-0.01,-9.58,80.58,-0.01,0,0,,,,0.0,0.0,1.4
53.43,ACQUIRE,0.02,-0.01,-9.58,80.66,-0.01,0,0,,,,0.0,0.0,0.8
53.48,ACQUIRE,0.02,-0.01,-9.58,80.73,-0.01,0,0,,,,0.0,0.0,1.2
53.53,ACQUIRE,0.02,-0.01,-9.58,80.81,-0.01,0,0,,,,0.0,0.0,0.6
53.58,ACQUIRE,0.02,-0.02,-9.58,80.88,-0.01,0,0,,,,0.0,0.0,1.5
53.63,ACQUIRE,0.02,-0.02,-9.58,80.96,-0.01,0,0,,,,0.0,0.0,0.9
53.68,ACQUIRE,0.02,-0.02,-9.58,81.03,-0.01,0,0,,,,0.0,0.0,1.5
53.73,ACQUIRE,0.02,-0.02,-9.58,81.11,-0.01,0,0,,,,0.0,0.0,0.8
53.78,ACQUIRE,0.02,-0.02,-9.58,81.18,-0.01,0,0,,,,0.0,0.0,1.5
53.83,ACQUIRE,0.02,-0.02,-9.58,81.26,-0.01,0,0,,,,0.0,0.0,0.8
53.88,ACQUIRE,0.02,-0.02,-9.58,81.33,-0.01,0,0,,,,0.0,0.0,1.5
53.93,ACQUIRE,0.02,-0.02,-9.58,81.41,-0.01,0,0,,,,0.0,0.0,0.8
53.98,ACQUIRE,0.02,-0.02,-9.58,81.48,-0.01,0,0,,,,0.0,0.0,1.5
54.03,ACQUIRE,0.02,-0.02,-9.58,81.56,-0.01,0,0,,,,0.0,0.0,0.6
54.08,ACQUIRE,0.02,-0.02,-9.58,81.63,-0.01,0,0,,,,0.0,0.0,1.2
54.13,ACQUIRE,0.02,-0.02,-9.58,81.71,-0.01,0,0,,,,0.0,0.0,0.7
54.18,ACQUIRE,0.02,-0.02,-9.58,81.78,-0.01,0,0,,,,0.0,0.0,1.5
54.23,ACQUIRE,0.02,-0.02,-9.58,81.86,-0.01,0,0,,,,0.0,0.0,0.8
54.28,ACQUIRE,0.02,-0.02,-9.58,81.93,-0.01,0,0,,,,0.0,0.0,1.5
54.33,ACQUIRE,0.02,-0.02,-9.58,82.01,-0.01,0,0,,,,0.0,0.0,0.9
54.38,ACQUIRE,0.02,-0.02,-9.58,82.08,-0.01,0,0,,,,0.0,0.0,1.3
54.43,ACQUIRE,0.02,-0.02,-9.58,82.16,-0.01,0,0,,,,0.0,0.0,0.8
54.48,ACQUIRE,0.02,-0.02,-9.58,82.23,-0.01,0,0,,,,0.0,0.0,1.4
54.53,ACQUIRE,0.02,-0.02,-9.58,82.31,-0.01,0,0,,,,0.0,0.0,0.8
54.58,ACQUIRE,0.02,-0.02,-9.58,82.38,-0.01,0,0,,,,0.0,0.0,1.2
54.63,ACQUIRE,0.02,-0.02,-9.58,82.46,-0.01,0,0,,,,0.0,0.0,0.9
54.68,ACQUIRE,0.02,-0.02,-9.58,82.53,-0.01,0,0,,,,0.0,0.0,1.5
54.73,ACQUIRE,0.02,-0.02,-9.58,82.61,-0.01,0,0,,,,0.0,0.0,0.8
54.78,ACQUIRE,0.02,-0.02,-9.58,82.68,-0.01,0,0,,,,0.0,0.0,1.3
54.83,ACQUIRE,0.02,-0.02,-9.58,82.76,-0.01,0,0,,,,0.0,0.0,0.8
54.88,ACQUIRE,0.02,-0.02,-9.58,82.83,-0.01,0,0,,,,0.0,0.0,1.5
54.93,ACQUIRE,0.02,-0.02,-9.58,82.91,-0.01,0,0,,,,0.0,0.0,0.8
54.98,ACQUIRE,0.02,-0.02,-9.58,82.98,-0.01,0,0,,,,0.0,0.0,1.5
55.03,ACQUIRE,0.02,-0.02,-9.58,83.06,-0.01,0,0,,,,0.0,0.0,0.9
55.08,ACQUIRE,0.02,-0.02,-9.58,83.13,-0.01,0,0,,,,0.0,0.0,1.3
55.13,ACQUIRE,0.02,-0.02,-9.58,83.21,-0.01,0,0,,,,0.0,0.0,0.6
55.18,ACQUIRE,0.02,-0.02,-9.58,83.28,-0.01,0,0,,,,0.0,0.0,1.3
55.23,ACQUIRE,0.02,-0.02,-9.58,83.36,-0.01,0,0,,,,0.0,0.0,0.8
55.28,ACQUIRE,0.02,-0.02,-9.58,83.43,-0.01,0,0,,,,0.0,0.0,1.4
55.33,ACQUIRE,0.02,-0.02,-9.58,83.51,-0.01,0,0,,,,0.0,0.0,0.8
55.38,ACQUIRE,0.02,-0.02,-9.58,83.58,-0.01,0,0,,,,0.0,0.0,1.4
55.43,ACQUIRE,0.02,-0.02,-9.58,83.66,-0.01,0,0,,,,0.0,0.0,0.8
55.48,ACQUIRE,0.02,-0.02,-9.58,83.73,-0.01,0,0,,,,0.0,0.0,1.4
55.53,ACQUIRE,0.02,-0.02,-9.58,83.81,-0.01,0,0,,,,0.0,0.0,3.7
55.58,ACQUIRE,0.02,-0.02,-9.58,83.88,-0.01,0,0,,,,0.0,0.0,1.5
55.63,ACQUIRE,0.02,-0.02,-9.58,83.96,-0.01,0,0,,,,0.0,0.0,0.6
55.68,ACQUIRE,0.02,-0.02,-9.58,84.04,-0.01,0,0,,,,0.0,0.0,1.3
55.73,ACQUIRE,0.02,-0.02,-9.58,84.11,-0.01,0,0,,,,0.0,0.0,0.8
55.78,ACQUIRE,0.02,-0.02,-9.58,84.19,-0.01,0,0,,,,0.0,0.0,1.5
55.83,ACQUIRE,0.02,-0.02,-9.58,84.26,-0.01,0,0,,,,0.0,0.0,0.8
55.88,ACQUIRE,0.02,-0.02,-9.58,84.34,-0.01,0,0,,,,0.0,0.0,1.4
55.93,ACQUIRE,0.02,-0.02,-9.58,84.41,-0.01,0,0,,,,0.0,0.0,0.8
55.98,ACQUIRE,0.02,-0.02,-9.58,84.49,-0.01,0,0,,,,0.0,0.0,1.6
56.03,ACQUIRE,0.02,-0.02,-9.58,84.56,-0.01,0,0,,,,0.0,0.0,0.8
56.08,ACQUIRE,0.02,-0.02,-9.58,84.64,-0.01,0,0,,,,0.0,0.0,1.5
56.13,ACQUIRE,0.02,-0.02,-9.58,84.71,-0.01,0,0,,,,0.0,0.0,0.8
56.18,ACQUIRE,0.02,-0.02,-9.58,84.79,-0.01,0,0,,,,0.0,0.0,1.4
56.23,ACQUIRE,0.02,-0.02,-9.58,84.86,-0.01,0,0,,,,0.0,0.0,0.7
56.28,ACQUIRE,0.02,-0.02,-9.58,84.94,-0.01,0,0,,,,0.0,0.0,1.5
56.33,ACQUIRE,0.02,-0.02,-9.58,85.01,-0.01,0,0,,,,0.0,0.0,0.8
56.38,ACQUIRE,0.02,-0.02,-9.58,85.09,-0.01,0,0,,,,0.0,0.0,1.5
56.43,ACQUIRE,0.02,-0.02,-9.58,85.16,-0.01,0,0,,,,0.0,0.0,0.8
56.48,ACQUIRE,0.02,-0.02,-9.58,85.24,-0.01,0,0,,,,0.0,0.0,1.5
56.53,ACQUIRE,0.02,-0.02,-9.58,85.31,-0.01,0,0,,,,0.0,0.0,0.8
56.58,ACQUIRE,0.02,-0.02,-9.58,85.39,-0.01,0,0,,,,0.0,0.0,1.5
56.63,ACQUIRE,0.02,-0.02,-9.58,85.46,-0.01,0,0,,,,0.0,0.0,0.7
56.68,ACQUIRE,0.02,-0.02,-9.58,85.54,-0.01,0,0,,,,0.0,0.0,1.4
56.73,ACQUIRE,0.02,-0.02,-9.58,85.61,-0.01,0,0,,,,0.0,0.0,0.6
56.78,ACQUIRE,0.02,-0.02,-9.58,85.69,-0.01,0,0,,,,0.0,0.0,1.2
56.83,ACQUIRE,0.02,-0.02,-9.58,85.76,-0.01,0,0,,,,0.0,0.0,0.8
56.88,ACQUIRE,0.02,-0.02,-9.58,85.84,-0.01,0,0,,,,0.0,0.0,1.5
56.93,ACQUIRE,0.02,-0.02,-9.58,85.91,-0.01,0,0,,,,0.0,0.0,0.8
56.98,ACQUIRE,0.02,-0.02,-9.58,85.99,-0.01,0,0,,,,0.0,0.0,1.5
57.03,ACQUIRE,0.02,-0.02,-9.58,86.06,-0.01,0,0,,,,0.0,0.0,0.8
57.08,ACQUIRE,0.02,-0.02,-9.58,86.14,-0.01,0,0,,,,0.0,0.0,1.3
57.13,ACQUIRE,0.02,-0.02,-9.58,86.21,-0.01,0,0,,,,0.0,0.0,0.8
57.18,ACQUIRE,0.02,-0.02,-9.58,86.29,-0.01,0,0,,,,0.0,0.0,1.5
57.23,ACQUIRE,0.02,-0.02,-9.58,86.36,-0.01,0,0,,,,0.0,0.0,0.9
57.28,ACQUIRE,0.02,-0.02,-9.58,86.44,-0.01,0,0,,,,0.0,0.0,1.3
57.33,ACQUIRE,0.02,-0.02,-9.58,86.51,-0.01,0,0,,,,0.0,0.0,0.8
57.38,ACQUIRE,0.02,-0.02,-9.58,86.59,-0.01,0,0,,,,0.0,0.0,1.3
57.43,ACQUIRE,0.02,-0.02,-9.58,86.66,-0.01,0,0,,,,0.0,0.0,0.8
57.48,ACQUIRE,0.02,-0.02,-9.58,86.74,-0.01,0,0,,,,0.0,0.0,1.3
57.53,ACQUIRE,0.02,-0.02,-9.58,86.81,-0.01,0,0,,,,0.0,0.0,0.8
57.58,ACQUIRE,0.02,-0.02,-9.58,86.89,-0.01,0,0,,,,0.0,0.0,1.5
57.63,ACQUIRE,0.02,-0.02,-9.58,86.96,-0.01,0,0,,,,0.0,0.0,0.7
57.68,ACQUIRE,0.02,-0.02,-9.58,87.04,-0.01,0,0,,,,0.0,0.0,1.3
57.73,ACQUIRE,0.02,-0.02,-9.58,87.12,-0.01,0,0,,,,0.0,0.0,0.8
57.78,ACQUIRE,0.02,-0.02,-9.58,87.19,-0.01,0,0,,,,0.0,0.0,1.2
57.83,ACQUIRE,0.02,-0.02,-9.58,87.27,-0.01,0,0,,,,0.0,0.0,0.6
57.88,ACQUIRE,0.02,-0.02,-9.58,87.34,-0.01,0,0,,,,0.0,0.0,1.4
57.93,ACQUIRE,0.02,-0.02,-9.58,87.42,-0.01,0,0,,,,0.0,0.0,3.8
57.98,ACQUIRE,0.02,-0.02,-9.58,87.49,-0.01,0,0,,,,0.0,0.0,1.4
58.03,ACQUIRE,0.02,-0.02,-9.58,87.57,-0.01,0,0,,,,0.0,0.0,0.8
58.08,ACQUIRE,0.02,-0.02,-9.58,87.64,-0.01,0,0,,,,0.0,0.0,1.3
58.13,ACQUIRE,0.02,-0.02,-9.58,87.72,-0.01,0,0,,,,0.0,0.0,0.8
58.18,ACQUIRE,0.02,-0.01,-9.58,87.79,-0.01,0,0,,,,0.0,0.0,1.5
58.23,ACQUIRE,0.02,-0.01,-9.58,87.87,-0.01,0,0,,,,0.0,0.0,0.6
58.28,ACQUIRE,0.02,-0.01,-9.58,87.94,-0.01,0,0,,,,0.0,0.0,1.5
58.33,ACQUIRE,0.02,-0.01,-9.58,88.02,-0.01,0,0,,,,0.0,0.0,0.6
58.38,ACQUIRE,0.02,-0.01,-9.58,88.09,-0.01,0,0,,,,0.0,0.0,1.3
58.43,ACQUIRE,0.02,-0.01,-9.58,88.17,-0.01,0,0,,,,0.0,0.0,0.8
58.49,ACQUIRE,0.02,-0.01,-9.58,88.24,-0.01,0,0,,,,0.0,0.0,1.6
58.54,ACQUIRE,0.02,-0.01,-9.58,88.32,-0.01,0,0,,,,0.0,0.0,0.8
58.59,ACQUIRE,0.02,-0.01,-9.58,88.39,-0.01,0,0,,,,0.0,0.0,1.4
58.64,ACQUIRE,0.02,-0.01,-9.58,88.47,-0.01,0,0,,,,0.0,0.0,0.8
58.69,ACQUIRE,0.02,-0.01,-9.58,88.54,-0.01,0,0,,,,0.0,0.0,1.4
58.74,ACQUIRE,0.02,-0.01,-9.58,88.62,-0.01,0,0,,,,0.0,0.0,0.8
58.79,ACQUIRE,0.02,-0.01,-9.58,88.69,-0.01,0,0,,,,0.0,0.0,1.4
58.84,ACQUIRE,0.02,-0.01,-9.58,88.77,-0.01,0,0,,,,0.0,0.0,0.7
58.89,ACQUIRE,0.02,-0.01,-9.58,88.84,-0.01,0,0,,,,0.0,0.0,1.7
58.94,ACQUIRE,0.02,-0.01,-9.58,88.92,-0.01,0,0,,,,0.0,0.0,0.7
58.99,ACQUIRE,0.02,-0.01,-9.58,88.99,-0.01,0,0,,,,0.0,0.0,1.5
59.04,ACQUIRE,0.02,-0.01,-9.58,89.07,-0.01,0,0,,,,0.0,0.0,0.8
59.09,ACQUIRE,0.02,-0.01,-9.58,89.14,-0.01,0,0,,,,0.0,0.0,1.5
59.14,ACQUIRE,0.02,-0.01,-9.58,89.22,-0.01,0,0,,,,0.0,0.0,0.8
59.19,ACQUIRE,0.02,-0.01,-9.58,89.29,-0.01,0,0,,,,0.0,0.0,1.5
59.24,ACQUIRE,0.02,-0.01,-9.58,89.37,-0.01,0,0,,,,0.0,0.0,0.8
59.29,ACQUIRE,0.01,-0.01,-9.58,89.44,-0.01,0,0,,,,0.0,0.0,1.5
59.34,ACQUIRE,0.01,-0.01,-9.58,89.52,-0.01,0,0,,,,0.0,0.0,0.8
59.39,ACQUIRE,0.01,-0.01,-9.58,89.59,-0.01,0,0,,,,0.0,0.0,1.5
59.44,ACQUIRE,0.01,-0.01,-9.58,89.67,-0.01,0,0,,,,0.0,0.0,0.6
59.49,ACQUIRE,0.01,-0.01,-9.58,89.74,-0.01,0,0,,,,0.0,0.0,1.4
59.54,ACQUIRE,0.01,-0.01,-9.58,89.82,-0.01,0,0,,,,0.0,0.0,0.7
59.59,ACQUIRE,0.01,-0.01,-9.58,89.89,-0.01,0,0,,,,0.0,0.0,1.4
59.64,ACQUIRE,0.01,-0.01,-9.58,89.97,-0.01,0,0,,,,0.0,0.0,0.9
59.69,ACQUIRE,0.01,-0.01,-9.58,90.04,-0.01,0,0,,,,0.0,0.0,1.4
59.74,ACQUIRE,0.01,-0.01,-9.58,90.12,-0.01,0,0,,,,0.0,0.0,0.8
59.79,ACQUIRE,0.01,-0.01,-9.58,90.19,-0.01,0,0,,,,0.0,0.0,1.5
59.84,ACQUIRE,0.01,-0.01,-9.58,90.27,-0.01,0,0,,,,0.0,0.0,0.8
59.89,ACQUIRE,0.01,-0.01,-9.58,90.34,-0.01,0,0,,,,0.0,0.0,1.5
59.94,ACQUIRE,0.01,-0.01,-9.58,90.42,-0.01,0,0,,,,0.0,0.0,0.6
59.99,ACQUIRE,0.01,-0.01,-9.58,90.49,-0.01,0,0,,,,0.0,0.0,1.3
60.04,ACQUIRE,0.01,-0.01,-9.58,90.57,-0.01,0,0,,,,0.0,0.0,0.6
60.09,ACQUIRE,0.01,-0.01,-9.58,90.64,-0.01,0,0,,,,0.0,0.0,1.5
60.14,ACQUIRE,0.01,-0.01,-9.58,90.72,-0.01,0,0,,,,0.0,0.0,0.8
60.19,ACQUIRE,0.01,-0.01,-9.58,90.8,-0.01,0,0,,,,0.0,0.0,1.5
60.24,ACQUIRE,0.01,-0.01,-9.58,90.87,-0.01,0,0,,,,0.0,0.0,0.7
60.29,ACQUIRE,0.01,-0.01,-9.58,90.95,-0.01,0,0,,,,0.0,0.0,1.2
60.34,ACQUIRE,0.01,-0.01,-9.58,91.02,-0.01,0,0,,,,0.0,0.0,3.7
60.39,ACQUIRE,0.01,-0.01,-9.58,91.1,-0.01,0,0,,,,0.0,0.0,1.5
60.44,ACQUIRE,0.01,-0.01,-9.58,91.17,-0.01,0,0,,,,0.0,0.0,0.8
60.49,ACQUIRE,0.01,-0.01,-9.58,91.25,-0.01,0,0,,,,0.0,0.0,1.4
60.54,ACQUIRE,0.01,-0.01,-9.58,91.32,-0.01,0,0,,,,0.0,0.0,0.6
60.59,ACQUIRE,0.01,-0.01,-9.58,91.4,-0.01,0,0,,,,0.0,0.0,1.5
60.64,ACQUIRE,0.01,-0.01,-9.58,91.47,-0.01,0,0,,,,0.0,0.0,0.9
60.69,ACQUIRE,0.01,-0.01,-9.58,91.55,-0.01,0,0,,,,0.0,0.0,1.5
60.74,ACQUIRE,0.01,-0.01,-9.58,91.62,-0.01,0,0,,,,0.0,0.0,0.8
60.79,ACQUIRE,0.01,-0.01,-9.58,91.7,-0.01,0,0,,,,0.0,0.0,1.5
60.84,ACQUIRE,0.01,-0.01,-9.58,91.77,-0.01,0,0,,,,0.0,0.0,0.8
60.89,ACQUIRE,0.01,-0.01,-9.58,91.85,-0.01,0,0,,,,0.0,0.0,1.5
60.94,ACQUIRE,0.01,-0.01,-9.58,91.92,-0.01,0,0,,,,0.0,0.0,0.8
60.99,ACQUIRE,0.01,-0.01,-9.58,92.0,-0.01,0,0,,,,0.0,0.0,1.4
61.04,ACQUIRE,0.01,-0.01,-9.58,92.07,-0.01,0,0,,,,0.0,0.0,0.6
61.09,ACQUIRE,0.01,-0.01,-9.58,92.15,-0.01,0,0,,,,0.0,0.0,1.2
61.14,ACQUIRE,0.01,-0.01,-9.58,92.22,-0.01,0,0,,,,0.0,0.0,1.5
61.19,ACQUIRE,0.01,-0.01,-9.58,92.3,-0.01,0,0,,,,0.0,0.0,0.8
61.24,ACQUIRE,0.01,-0.01,-9.58,92.37,-0.01,0,0,,,,0.0,0.0,1.4
61.29,ACQUIRE,0.01,-0.01,-9.58,92.45,-0.01,0,0,,,,0.0,0.0,0.8
61.34,ACQUIRE,0.01,-0.01,-9.58,92.52,-0.01,0,0,,,,0.0,0.0,0.8
61.39,ACQUIRE,0.01,-0.01,-9.58,92.6,-0.01,0,0,,,,0.0,0.0,1.5
61.44,ACQUIRE,0.01,-0.01,-9.58,92.67,-0.01,0,0,,,,0.0,0.0,0.8
61.49,ACQUIRE,0.01,-0.01,-9.58,92.75,-0.01,0,0,,,,0.0,0.0,1.5
61.54,ACQUIRE,0.01,-0.01,-9.58,92.82,-0.01,0,0,,,,0.0,0.0,0.8
61.59,ACQUIRE,0.01,-0.01,-9.58,92.9,-0.01,0,0,,,,0.0,0.0,1.2
61.64,ACQUIRE,0.01,-0.01,-9.58,92.97,-0.01,0,0,,,,0.0,0.0,0.7
61.69,ACQUIRE,0.01,-0.01,-9.58,93.05,-0.01,0,0,,,,0.0,0.0,1.4
61.74,ACQUIRE,0.01,-0.02,-9.58,93.12,-0.01,0,0,,,,0.0,0.0,1.3
61.79,ACQUIRE,0.01,-0.02,-9.58,93.2,-0.01,0,0,,,,0.0,0.0,0.8
61.84,ACQUIRE,0.01,-0.02,-9.58,93.27,-0.01,0,0,,,,0.0,0.0,1.5
61.89,ACQUIRE,0.01,-0.02,-9.58,93.35,-0.01,0,0,,,,0.0,0.0,0.8
61.94,ACQUIRE,0.01,-0.02,-9.58,93.42,-0.01,0,0,,,,0.0,0.0,0.8
61.99,ACQUIRE,0.01,-0.02,-9.58,93.5,-0.01,0,0,,,,0.0,0.0,1.5
62.04,ACQUIRE,0.01,-0.02,-9.58,93.57,-0.01,0,0,,,,0.0,0.0,0.8
62.09,ACQUIRE,0.01,-0.02,-9.58,93.65,-0.01,0,0,,,,0.0,0.0,1.5
62.14,ACQUIRE,0.01,-0.02,-9.58,93.72,-0.01,0,0,,,,0.0,0.0,0.6
62.19,ACQUIRE,0.01,-0.02,-9.58,93.8,-0.01,0,0,,,,0.0,0.0,1.2
62.24,ACQUIRE,0.01,-0.02,-9.58,93.87,-0.01,0,0,,,,0.0,0.0,0.8
62.29,ACQUIRE,0.01,-0.02,-9.58,93.95,-0.01,0,0,,,,0.0,0.0,1.5
62.34,ACQUIRE,0.01,-0.02,-9.58,94.02,-0.01,0,0,,,,0.0,0.0,1.4
62.39,ACQUIRE,0.01,-0.02,-9.58,94.1,-0.01,0,0,,,,0.0,0.0,0.8
62.44,ACQUIRE,0.02,-0.02,-9.58,94.17,-0.01,0,0,,,,0.0,0.0,1.4
62.49,ACQUIRE,0.02,-0.02,-9.58,94.25,-0.01,0,0,,,,0.0,0.0,0.8
62.54,ACQUIRE,0.02,-0.02,-9.58,94.33,-0.01,0,0,,,,0.0,0.0,1.5
62.59,ACQUIRE,0.02,-0.02,-9.58,94.4,-0.01,0,0,,,,0.0,0.0,0.8
62.64,ACQUIRE,0.02,-0.02,-9.58,94.48,-0.01,0,0,,,,0.0,0.0,0.6
62.69,ACQUIRE,0.02,-0.02,-9.58,94.55,-0.01,0,0,,,,0.0,0.0,1.3
62.74,ACQUIRE,0.02,-0.02,-9.58,94.63,-0.01,0,0,,,,0.0,0.0,3.8
62.79,ACQUIRE,0.02,-0.02,-9.58,94.7,-0.01,0,0,,,,0.0,0.0,1.5
62.84,ACQUIRE,0.02,-0.02,-9.58,94.78,-0.01,0,0,,,,0.0,0.0,0.8
62.89,ACQUIRE,0.02,-0.02,-9.58,94.85,-0.01,0,0,,,,0.0,0.0,1.5
62.94,ACQUIRE,0.02,-0.02,-9.58,94.93,-0.01,0,0,,,,0.0,0.0,1.5
62.99,ACQUIRE,0.02,-0.02,-9.58,95.0,-0.01,0,0,,,,0.0,0.0,0.8
63.04,ACQUIRE,0.02,-0.02,-9.58,95.08,-0.01,0,0,,,,0.0,0.0,1.3
63.09,ACQUIRE,0.02,-0.02,-9.58,95.15,-0.01,0,0,,,,0.0,0.0,0.8
63.14,ACQUIRE,0.02,-0.02,-9.58,95.23,-0.01,0,0,,,,0.0,0.0,1.4
63.19,ACQUIRE,0.02,-0.02,-9.58,95.3,-0.01,0,0,,,,0.0,0.0,0.6
63.24,ACQUIRE,0.02,-0.02,-9.58,95.38,-0.01,0,0,,,,0.0,0.0,1.3
63.29,ACQUIRE,0.02,-0.02,-9.58,95.45,-0.01,0,0,,,,0.0,0.0,0.9
63.34,ACQUIRE,0.02,-0.02,-9.58,95.53,-0.01,0,0,,,,0.0,0.0,0.9
63.39,ACQUIRE,0.02,-0.02,-9.58,95.6,-0.01,0,0,,,,0.0,0.0,1.6
63.44,ACQUIRE,0.02,-0.02,-9.58,95.68,-0.01,0,0,,,,0.0,0.0,1.5
63.49,ACQUIRE,0.02,-0.02,-9.58,95.75,-0.01,0,0,,,,0.0,0.0,0.8
63.54,ACQUIRE,0.02,-0.02,-9.58,95.83,-0.01,0,0,,,,0.0,0.0,1.5
63.59,ACQUIRE,0.02,-0.02,-9.58,95.9,-0.01,0,0,,,,0.0,0.0,0.8
63.64,ACQUIRE,0.02,-0.02,-9.58,95.98,-0.01,0,0,,,,0.0,0.0,1.3
63.69,ACQUIRE,0.02,-0.02,-9.58,96.05,-0.01,0,0,,,,0.0,0.0,0.8
63.74,ACQUIRE,0.02,-0.02,-9.58,96.13,-0.01,0,0,,,,0.0,0.0,1.2
63.79,ACQUIRE,0.02,-0.02,-9.58,96.2,-0.01,0,0,,,,0.0,0.0,0.6
63.84,ACQUIRE,0.02,-0.02,-9.58,96.28,-0.01,0,0,,,,0.0,0.0,1.4
63.89,ACQUIRE,0.02,-0.02,-9.58,96.35,-0.01,0,0,,,,0.0,0.0,0.8
63.94,ACQUIRE,0.02,-0.02,-9.58,96.43,-0.01,0,0,,,,0.0,0.0,0.8
63.99,ACQUIRE,0.02,-0.02,-9.58,96.5,-0.01,0,0,,,,0.0,0.0,1.5
64.04,ACQUIRE,0.02,-0.02,-9.58,96.58,-0.01,0,0,,,,0.0,0.0,0.8
64.09,ACQUIRE,0.02,-0.02,-9.58,96.65,-0.01,0,0,,,,0.0,0.0,1.5
64.14,ACQUIRE,0.02,-0.02,-9.58,96.73,-0.01,0,0,,,,0.0,0.0,1.4
64.19,ACQUIRE,0.02,-0.02,-9.58,96.8,-0.01,0,0,,,,0.0,0.0,0.8
64.24,ACQUIRE,0.02,-0.02,-9.58,96.88,-0.01,0,0,,,,0.0,0.0,1.4
64.29,ACQUIRE,0.02,-0.02,-9.58,96.95,-0.01,0,0,,,,0.0,0.0,0.5
64.34,ACQUIRE,0.02,-0.02,-9.58,97.03,-0.01,0,0,,,,0.0,0.0,1.2
64.39,ACQUIRE,0.02,-0.02,-9.58,97.1,-0.01,0,0,,,,0.0,0.0,0.8
64.44,ACQUIRE,0.02,-0.02,-9.58,97.18,-0.01,0,0,,,,0.0,0.0,1.3
64.49,ACQUIRE,0.02,-0.02,-9.58,97.25,-0.01,0,0,,,,0.0,0.0,0.8
64.54,ACQUIRE,0.02,-0.02,-9.58,97.33,-0.01,0,0,,,,0.0,0.0,1.5
64.59,ACQUIRE,0.02,-0.02,-9.58,97.4,-0.01,0,0,,,,0.0,0.0,0.8
64.64,ACQUIRE,0.02,-0.02,-9.58,97.48,-0.01,0,0,,,,0.0,0.0,1.5
64.69,ACQUIRE,0.02,-0.02,-9.58,97.56,-0.01,0,0,,,,0.0,0.0,0.8
64.74,ACQUIRE,0.02,-0.02,-9.58,97.63,-0.01,0,0,,,,0.0,0.0,1.5
64.79,ACQUIRE,0.02,-0.02,-9.58,97.71,-0.01,0,0,,,,0.0,0.0,0.8
64.84,ACQUIRE,0.02,-0.02,-9.58,97.78,-0.01,0,0,,,,0.0,0.0,1.2
64.89,ACQUIRE,0.02,-0.02,-9.58,97.86,-0.01,0,0,,,,0.0,0.0,0.8
64.94,ACQUIRE,0.02,-0.02,-9.58,97.93,-0.01,0,0,,,,0.0,0.0,1.4
64.99,ACQUIRE,0.02,-0.02,-9.58,98.01,-0.01,0,0,,,,0.0,0.0,0.6
65.04,ACQUIRE,0.02,-0.02,-9.58,98.08,-0.01,0,0,,,,0.0,0.0,1.4
65.09,ACQUIRE,0.02,-0.02,-9.58,98.16,-0.01,0,0,,,,0.0,0.0,0.8
65.14,ACQUIRE,0.02,-0.02,-9.58,98.23,-0.01,0,0,,,,0.0,0.0,4.3
65.19,ACQUIRE,0.02,-0.02,-9.58,98.31,-0.01,0,0,,,,0.0,0.0,0.8
65.24,ACQUIRE,0.02,-0.02,-9.58,98.38,-0.01,0,0,,,,0.0,0.0,1.5
65.29,ACQUIRE,0.02,-0.02,-9.58,98.46,-0.01,0,0,,,,0.0,0.0,0.8
65.34,ACQUIRE,0.02,-0.02,-9.58,98.53,-0.01,0,0,,,,0.0,0.0,1.3
65.39,ACQUIRE,0.02,-0.02,-9.58,98.61,-0.01,0,0,,,,0.0,0.0,0.8
65.44,ACQUIRE,0.02,-0.02,-9.58,98.68,-0.01,0,0,,,,0.0,0.0,1.5
65.5,ACQUIRE,0.02,-0.02,-9.58,98.76,-0.01,0,0,,,,0.0,0.0,0.8
65.55,ACQUIRE,0.02,-0.02,-9.58,98.83,-0.01,0,0,,,,0.0,0.0,1.4
65.6,ACQUIRE,0.02,-0.02,-9.58,98.91,-0.01,0,0,,,,0.0,0.0,0.8
65.65,ACQUIRE,0.02,-0.02,-9.58,98.98,-0.01,0,0,,,,0.0,0.0,1.5
65.7,ACQUIRE,0.02,-0.02,-9.58,99.06,-0.01,0,0,,,,0.0,0.0,0.8
65.75,ACQUIRE,0.02,-0.02,-9.58,99.13,-0.01,0,0,,,,0.0,0.0,1.4
65.8,ACQUIRE,0.02,-0.02,-9.58,99.21,-0.01,0,0,,,,0.0,0.0,0.8
65.85,ACQUIRE,0.02,-0.02,-9.58,99.28,-0.01,0,0,,,,0.0,0.0,1.3
65.9,ACQUIRE,0.02,-0.02,-9.58,99.36,-0.01,0,0,,,,0.0,0.0,0.6
65.95,ACQUIRE,0.02,-0.02,-9.58,99.43,-0.01,0,0,,,,0.0,0.0,1.4
66.0,ACQUIRE,0.02,-0.02,-9.58,99.51,-0.01,0,0,,,,0.0,0.0,0.8
66.05,ACQUIRE,0.02,-0.02,-9.58,99.58,-0.01,0,0,,,,0.0,0.0,1.5
66.1,ACQUIRE,0.02,-0.02,-9.58,99.66,-0.01,0,0,,,,0.0,0.0,0.8
66.15,ACQUIRE,0.02,-0.02,-9.58,99.73,-0.01,0,0,,,,0.0,0.0,1.5
66.2,ACQUIRE,0.02,-0.02,-9.58,99.81,-0.01,0,0,,,,0.0,0.0,0.8
66.25,ACQUIRE,0.02,-0.02,-9.58,99.88,-0.01,0,0,,,,0.0,0.0,1.4
66.3,ACQUIRE,0.02,-0.02,-9.58,99.96,-0.01,0,0,,,,0.0,0.0,0.6
66.35,ACQUIRE,0.02,-0.02,-9.58,100.03,-0.01,0,0,,,,0.0,0.0,1.2
66.4,ACQUIRE,0.02,-0.02,-9.58,100.11,-0.01,0,0,,,,0.0,0.0,0.8
66.45,ACQUIRE,0.02,-0.02,-9.58,100.18,-0.01,0,0,,,,0.0,0.0,1.3
66.5,ACQUIRE,0.02,-0.02,-9.58,100.26,-0.01,0,0,,,,0.0,0.0,0.6
66.55,ACQUIRE,0.02,-0.02,-9.58,100.33,-0.01,0,0,,,,0.0,0.0,1.5
66.6,ACQUIRE,0.02,-0.02,-9.58,100.41,-0.01,0,0,,,,0.0,0.0,0.8
66.65,ACQUIRE,0.02,-0.02,-9.58,100.48,-0.01,0,0,,,,0.0,0.0,1.4
66.7,ACQUIRE,0.02,-0.02,-9.58,100.56,-0.01,0,0,,,,0.0,0.0,0.8
66.75,ACQUIRE,0.02,-0.02,-9.58,100.64,-0.01,0,0,,,,0.0,0.0,1.4
66.8,ACQUIRE,0.02,-0.02,-9.58,100.71,-0.01,0,0,,,,0.0,0.0,0.8
66.85,ACQUIRE,0.02,-0.02,-9.58,100.79,-0.01,0,0,,,,0.0,0.0,1.4
66.9,ACQUIRE,0.02,-0.02,-9.58,100.86,-0.01,0,0,,,,0.0,0.0,0.8
66.95,ACQUIRE,0.02,-0.02,-9.58,100.94,-0.01,0,0,,,,0.0,0.0,1.4
67.0,ACQUIRE,0.02,-0.02,-9.58,101.01,-0.01,0,0,,,,0.0,0.0,0.6
67.05,ACQUIRE,0.02,-0.02,-9.58,101.09,-0.01,0,0,,,,0.0,0.0,1.3
67.1,ACQUIRE,0.02,-0.02,-9.58,101.16,-0.01,0,0,,,,0.0,0.0,0.8
67.15,ACQUIRE,0.02,-0.01,-9.58,101.24,-0.01,0,0,,,,0.0,0.0,1.7
67.2,ACQUIRE,0.02,-0.01,-9.58,101.31,-0.01,0,0,,,,0.0,0.0,0.8
67.25,ACQUIRE,0.02,-0.01,-9.58,101.39,-0.01,0,0,,,,0.0,0.0,1.6
67.3,ACQUIRE,0.02,-0.01,-9.58,101.46,-0.01,0,0,,,,0.0,0.0,0.8
67.35,ACQUIRE,0.02,-0.01,-9.58,101.54,-0.01,0,0,,,,0.0,0.0,1.5
67.4,ACQUIRE,0.02,-0.01,-9.58,101.61,-0.01,0,0,,,,0.0,0.0,0.7
67.45,ACQUIRE,0.02,-0.01,-9.58,101.69,-0.01,0,0,,,,0.0,0.0,1.8
67.5,ACQUIRE,0.02,-0.01,-9.58,101.76,-0.01,0,0,,,,0.0,0.0,0.8
67.55,ACQUIRE,0.02,-0.01,-9.58,101.84,-0.01,0,0,,,,0.0,0.0,4.5
67.6,ACQUIRE,0.02,-0.01,-9.58,101.91,-0.01,0,0,,,,0.0,0.0,0.8
67.65,ACQUIRE,0.02,-0.01,-9.58,101.99,-0.01,0,0,,,,0.0,0.0,1.5
67.7,ACQUIRE,0.02,-0.01,-9.58,102.06,-0.01,0,0,,,,0.0,0.0,0.8
67.75,ACQUIRE,0.02,-0.01,-9.58,102.14,-0.01,0,0,,,,0.0,0.0,1.4
67.8,ACQUIRE,0.02,-0.01,-9.58,102.21,-0.01,0,0,,,,0.0,0.0,0.8
67.85,ACQUIRE,0.02,-0.01,-9.58,102.29,-0.01,0,0,,,,0.0,0.0,1.3
67.9,ACQUIRE,0.02,-0.01,-9.58,102.36,-0.01,0,0,,,,0.0,0.0,0.8
67.95,ACQUIRE,0.02,-0.01,-9.58,102.44,-0.01,0,0,,,,0.0,0.0,1.5
68.0,ACQUIRE,0.02,-0.01,-9.58,102.51,-0.01,0,0,,,,0.0,0.0,0.8
68.05,ACQUIRE,0.02,-0.01,-9.58,102.59,-0.01,0,0,,,,0.0,0.0,1.3
68.1,ACQUIRE,0.02,-0.01,-9.58,102.66,-0.01,0,0,,,,0.0,0.0,0.6
68.15,ACQUIRE,0.02,-0.01,-9.58,102.74,-0.01,0,0,,,,0.0,0.0,1.4
68.2,ACQUIRE,0.02,-0.01,-9.58,102.81,-0.01,0,0,,,,0.0,0.0,0.8
68.25,ACQUIRE,0.02,-0.01,-9.58,102.89,-0.01,0,0,,,,0.0,0.0,1.5
68.3,ACQUIRE,0.02,-0.01,-9.58,102.96,-0.01,0,0,,,,0.0,0.0,0.8
68.35,ACQUIRE,0.02,-0.01,-9.58,103.04,-0.01,0,0,,,,0.0,0.0,1.4
68.4,ACQUIRE,0.02,-0.01,-9.58,103.11,-0.01,0,0,,,,0.0,0.0,0.8
68.45,ACQUIRE,0.02,-0.01,-9.58,103.19,-0.01,0,0,,,,0.0,0.0,1.4
68.5,ACQUIRE,0.02,-0.01,-9.58,103.26,-0.01,0,0,,,,0.0,0.0,0.8
68.55,ACQUIRE,0.02,-0.01,-9.58,103.34,-0.01,0,0,,,,0.0,0.0,1.4
68.6,ACQUIRE,0.02,-0.01,-9.58,103.41,-0.01,0,0,,,,0.0,0.0,0.6
68.65,ACQUIRE,0.02,-0.01,-9.58,103.49,-0.01,0,0,,,,0.0,0.0,1.6
68.7,ACQUIRE,0.02,-0.01,-9.58,103.56,-0.01,0,0,,,,0.0,0.0,0.6
68.75,ACQUIRE,0.02,-0.01,-9.58,103.64,-0.01,0,0,,,,0.0,0.0,1.6
68.8,ACQUIRE,0.02,-0.01,-9.58,103.71,-0.01,0,0,,,,0.0,0.0,0.9
68.85,ACQUIRE,0.02,-0.01,-9.58,103.79,-0.01,0,0,,,,0.0,0.0,1.5
68.9,ACQUIRE,0.02,-0.01,-9.58,103.86,-0.01,0,0,,,,0.0,0.0,0.9
68.95,ACQUIRE,0.02,-0.01,-9.58,103.94,-0.01,0,0,,,,0.0,0.0,1.5
69.0,ACQUIRE,0.02,-0.01,-9.58,104.01,-0.01,0,0,,,,0.0,0.0,0.8
69.05,ACQUIRE,0.02,-0.01,-9.58,104.09,-0.01,0,0,,,,0.0,0.0,1.5
69.1,ACQUIRE,0.02,-0.01,-9.58,104.16,-0.01,0,0,,,,0.0,0.0,0.8
69.15,ACQUIRE,0.02,-0.01,-9.58,104.24,-0.01,0,0,,,,0.0,0.0,1.2
69.2,ACQUIRE,0.02,-0.01,-9.58,104.32,-0.01,0,0,,,,0.0,0.0,0.6
69.25,ACQUIRE,0.02,-0.01,-9.58,104.39,-0.01,0,0,,,,0.0,0.0,1.4
69.3,ACQUIRE,0.02,-0.01,-9.58,104.47,-0.01,0,0,,,,0.0,0.0,0.8
69.35,ACQUIRE,0.02,-0.01,-9.58,104.54,-0.01,0,0,,,,0.0,0.0,1.5
69.4,ACQUIRE,0.02,-0.01,-9.58,104.62,-0.01,0,0,,,,0.0,0.0,0.8
69.45,ACQUIRE,0.01,-0.01,-9.58,104.69,-0.01,0,0,,,,0.0,0.0,1.6
69.5,ACQUIRE,0.01,-0.01,-9.58,104.77,-0.01,0,0,,,,0.0,0.0,0.8
69.55,ACQUIRE,0.01,-0.01,-9.58,104.84,-0.01,0,0,,,,0.0,0.0,1.5
69.6,ACQUIRE,0.01,-0.01,-9.58,104.92,-0.01,0,0,,,,0.0,0.0,0.8
69.65,ACQUIRE,0.01,-0.01,-9.58,104.99,-0.01,0,0,,,,0.0,0.0,1.6
69.7,ACQUIRE,0.01,-0.01,-9.58,105.07,-0.01,0,0,,,,0.0,0.0,0.6
69.75,ACQUIRE,0.01,-0.02,-9.58,105.14,-0.01,0,0,,,,0.0,0.0,1.2
69.8,ACQUIRE,0.01,-0.02,-9.58,105.22,-0.01,0,0,,,,0.0,0.0,0.6
69.85,ACQUIRE,0.01,-0.02,-9.58,105.29,-0.01,0,0,,,,0.0,0.0,1.5
69.9,ACQUIRE,0.01,-0.02,-9.58,105.37,-0.01,0,0,,,,0.0,0.0,0.8
69.95,ACQUIRE,0.01,-0.02,-9.58,105.44,-0.01,0,0,,,,0.0,0.0,4.2
70.0,ACQUIRE,0.01,-0.02,-9.58,105.52,-0.01,0,0,,,,0.0,0.0,0.7
70.05,ACQUIRE,0.01,-0.01,-9.58,105.59,-0.01,0,0,,,,0.0,0.0,1.6
70.1,ACQUIRE,0.01,-0.01,-9.58,105.67,-0.01,0,0,,,,0.0,0.0,0.8
70.15,ACQUIRE,0.01,-0.02,-9.58,105.74,-0.01,0,0,,,,0.0,0.0,1.6
70.2,ACQUIRE,0.01,-0.02,-9.58,105.82,-0.01,0,0,,,,0.0,0.0,0.6
70.25,ACQUIRE,0.01,-0.01,-9.58,105.89,-0.01,0,0,,,,0.0,0.0,1.3
70.3,ACQUIRE,0.01,-0.01,-9.58,105.97,-0.01,0,0,,,,0.0,0.0,0.6
70.35,ACQUIRE,0.01,-0.01,-9.58,106.04,-0.01,0,0,,,,0.0,0.0,1.5
70.4,ACQUIRE,0.01,-0.01,-9.58,106.12,-0.01,0,0,,,,0.0,0.0,0.6
70.45,ACQUIRE,0.01,-0.01,-9.58,106.19,-0.01,0,0,,,,0.0,0.0,1.4
70.5,ACQUIRE,0.01,-0.01,-9.58,106.27,-0.01,0,0,,,,0.0,0.0,0.8
70.55,ACQUIRE,0.01,-0.02,-9.58,106.34,-0.01,0,0,,,,0.0,0.0,1.3
70.6,ACQUIRE,0.01,-0.02,-9.58,106.42,-0.01,0,0,,,,0.0,0.0,0.8
70.65,ACQUIRE,0.01,-0.02,-9.58,106.49,-0.01,0,0,,,,0.0,0.0,1.3
70.7,ACQUIRE,0.01,-0.02,-9.58,106.57,-0.01,0,0,,,,0.0,0.0,0.8
70.75,ACQUIRE,0.01,-0.02,-9.58,106.64,-0.01,0,0,,,,0.0,0.0,1.3
70.8,ACQUIRE,0.01,-0.02,-9.58,106.72,-0.01,0,0,,,,0.0,0.0,0.6
70.85,ACQUIRE,0.01,-0.02,-9.58,106.79,-0.01,0,0,,,,0.0,0.0,1.3
70.9,ACQUIRE,0.01,-0.02,-9.58,106.87,-0.01,0,0,,,,0.0,0.0,0.8
70.95,ACQUIRE,0.01,-0.02,-9.58,106.94,-0.01,0,0,,,,0.0,0.0,1.5
71.0,ACQUIRE,0.01,-0.02,-9.58,107.02,-0.01,0,0,,,,0.0,0.0,0.8
71.05,ACQUIRE,0.01,-0.02,-9.58,107.09,-0.01,0,0,,,,0.0,0.0,1.3
71.1,ACQUIRE,0.01,-0.02,-9.58,107.17,-0.01,0,0,,,,0.0,0.0,0.8
71.15,ACQUIRE,0.01,-0.02,-9.58,107.24,-0.01,0,0,,,,0.0,0.0,1.5
71.2,ACQUIRE,0.01,-0.02,-9.58,107.32,-0.01,0,0,,,,0.0,0.0,0.8
71.25,ACQUIRE,0.01,-0.02,-9.58,107.39,-0.01,0,0,,,,0.0,0.0,1.3
71.3,ACQUIRE,0.01,-0.02,-9.58,107.47,-0.01,0,0,,,,0.0,0.0,0.6
71.35,ACQUIRE,0.01,-0.02,-9.58,107.55,-0.01,0,0,,,,0.0,0.0,1.4
71.4,ACQUIRE,0.01,-0.02,-9.58,107.62,-0.01,0,0,,,,0.0,0.0,1.0
71.45,ACQUIRE,0.01,-0.02,-9.58,107.7,-0.01,0,0,,,,0.0,0.0,1.6
71.5,ACQUIRE,0.01,-0.02,-9.58,107.77,-0.01,0,0,,,,0.0,0.0,0.8
71.55,ACQUIRE,0.01,-0.02,-9.58,107.85,-0.01,0,0,,,,0.0,0.0,1.5
71.6,ACQUIRE,0.01,-0.02,-9.58,107.92,-0.01,0,0,,,,0.0,0.0,0.8
71.65,ACQUIRE,0.01,-0.02,-9.58,108.0,-0.01,0,0,,,,0.0,0.0,1.5
71.7,ACQUIRE,0.01,-0.02,-9.58,108.07,-0.01,0,0,,,,0.0,0.0,0.8
71.75,ACQUIRE,0.01,-0.02,-9.58,108.15,-0.01,0,0,,,,0.0,0.0,1.5
71.8,ACQUIRE,0.01,-0.02,-9.58,108.22,-0.01,0,0,,,,0.0,0.0,0.8
71.85,ACQUIRE,0.01,-0.02,-9.58,108.3,-0.01,0,0,,,,0.0,0.0,1.2
71.9,ACQUIRE,0.01,-0.02,-9.58,108.37,-0.01,0,0,,,,0.0,0.0,0.7
71.95,ACQUIRE,0.01,-0.02,-9.58,108.45,-0.01,0,0,,,,0.0,0.0,1.4
72.0,ACQUIRE,0.01,-0.02,-9.58,108.52,-0.01,0,0,,,,0.0,0.0,0.8
72.05,ACQUIRE,0.01,-0.02,-9.58,108.6,-0.01,0,0,,,,0.0,0.0,1.5
72.1,ACQUIRE,0.01,-0.02,-9.58,108.67,-0.01,0,0,,,,0.0,0.0,0.9
72.16,ACQUIRE,0.01,-0.02,-9.58,108.75,-0.01,0,0,,,,0.0,0.0,1.5
72.21,ACQUIRE,0.01,-0.02,-9.58,108.82,-0.01,0,0,,,,0.0,0.0,0.8
72.26,ACQUIRE,0.01,-0.02,-9.58,108.9,-0.01,0,0,,,,0.0,0.0,1.5
72.31,ACQUIRE,0.01,-0.02,-9.58,108.97,-0.01,0,0,,,,0.0,0.0,0.8
72.36,ACQUIRE,0.01,-0.02,-9.58,109.05,-0.01,0,0,,,,0.0,0.0,4.2
72.41,ACQUIRE,0.01,-0.02,-9.58,109.12,-0.01,0,0,,,,0.0,0.0,0.6
72.46,ACQUIRE,0.01,-0.02,-9.58,109.2,-0.01,0,0,,,,0.0,0.0,1.2
72.51,ACQUIRE,0.01,-0.02,-9.58,109.27,-0.01,0,0,,,,0.0,0.0,0.8
72.56,ACQUIRE,0.02,-0.02,-9.58,109.35,-0.01,0,0,,,,0.0,0.0,1.4
72.61,ACQUIRE,0.02,-0.02,-9.58,109.42,-0.01,0,0,,,,0.0,0.0,0.8
72.66,ACQUIRE,0.02,-0.02,-9.58,109.5,-0.01,0,0,,,,0.0,0.0,1.5
72.71,ACQUIRE,0.02,-0.02,-9.58,109.57,-0.01,0,0,,,,0.0,0.0,0.6
72.76,ACQUIRE,0.02,-0.02,-9.58,109.65,-0.01,0,0,,,,0.0,0.0,1.4
72.81,ACQUIRE,0.02,-0.02,-9.58,109.72,-0.01,0,0,,,,0.0,0.0,0.8
72.86,ACQUIRE,0.02,-0.02,-9.58,109.8,-0.01,0,0,,,,0.0,0.0,1.5
72.91,ACQUIRE,0.02,-0.02,-9.58,109.87,-0.01,0,0,,,,0.0,0.0,0.6
72.96,ACQUIRE,0.02,-0.02,-9.58,109.95,-0.01,0,0,,,,0.0,0.0,1.3
73.01,ACQUIRE,0.02,-0.02,-9.58,110.02,-0.01,0,0,,,,0.0,0.0,0.8
73.06,ACQUIRE,0.02,-0.02,-9.58,110.1,-0.01,0,0,,,,0.0,0.0,1.4
73.11,ACQUIRE,0.02,-0.02,-9.58,110.17,-0.01,0,0,,,,0.0,0.0,0.7
73.16,ACQUIRE,0.02,-0.02,-9.58,110.25,-0.01,0,0,,,,0.0,0.0,1.5
73.21,ACQUIRE,0.02,-0.02,-9.58,110.32,-0.01,0,0,,,,0.0,0.0,0.8
73.26,ACQUIRE,0.02,-0.02,-9.58,110.4,-0.01,0,0,,,,0.0,0.0,1.2
73.31,ACQUIRE,0.02,-0.02,-9.58,110.47,-0.01,0,0,,,,0.0,0.0,0.8
73.36,ACQUIRE,0.02,-0.02,-9.58,110.55,-0.01,0,0,,,,0.0,0.0,1.3
73.41,ACQUIRE,0.02,-0.02,-9.58,110.62,-0.01,0,0,,,,0.0,0.0,0.9
73.46,ACQUIRE,0.02,-0.02,-9.58,110.7,-0.01,0,0,,,,0.0,0.0,1.3
73.51,ACQUIRE,0.02,-0.02,-9.58,110.77,-0.01,0,0,,,,0.0,0.0,0.6
73.56,ACQUIRE,0.02,-0.02,-9.58,110.85,-0.01,0,0,,,,0.0,0.0,1.5
73.61,ACQUIRE,0.02,-0.02,-9.58,110.92,-0.01,0,0,,,,0.0,0.0,0.8
73.66,ACQUIRE,0.02,-0.02,-9.58,111.0,-0.01,0,0,,,,0.0,0.0,1.5
73.71,ACQUIRE,0.02,-0.02,-9.58,111.08,-0.01,0,0,,,,0.0,0.0,0.8
73.76,ACQUIRE,0.02,-0.02,-9.58,111.15,-0.01,0,0,,,,0.0,0.0,1.5
73.81,ACQUIRE,0.02,-0.02,-9.58,111.23,-0.01,0,0,,,,0.0,0.0,0.8
73.86,ACQUIRE,0.02,-0.02,-9.58,111.3,-0.01,0,0,,,,0.0,0.0,1.5
73.91,ACQUIRE,0.02,-0.02,-9.58,111.38,-0.01,0,0,,,,0.0,0.0,0.8
73.96,ACQUIRE,0.02,-0.02,-9.58,111.45,-0.01,0,0,,,,0.0,0.0,1.4
74.01,ACQUIRE,0.02,-0.02,-9.58,111.53,-0.01,0,0,,,,0.0,0.0,0.8
74.06,ACQUIRE,0.02,-0.02,-9.58,111.6,-0.01,0,0,,,,0.0,0.0,1.2
74.11,ACQUIRE,0.02,-0.02,-9.58,111.68,-0.01,0,0,,,,0.0,0.0,0.8
74.16,ACQUIRE,0.02,-0.02,-9.58,111.75,-0.01,0,0,,,,0.0,0.0,1.5
74.21,ACQUIRE,0.02,-0.02,-9.58,111.83,-0.01,0,0,,,,0.0,0.0,0.8
74.26,ACQUIRE,0.02,-0.02,-9.58,111.9,-0.01,0,0,,,,0.0,0.0,1.5
74.31,ACQUIRE,0.02,-0.02,-9.58,111.98,-0.01,0,0,,,,0.0,0.0,0.9
74.36,ACQUIRE,0.02,-0.02,-9.58,112.05,-0.01,0,0,,,,0.0,0.0,1.3
74.41,ACQUIRE,0.02,-0.02,-9.58,112.13,-0.01,0,0,,,,0.0,0.0,0.8
74.46,ACQUIRE,0.02,-0.02,-9.58,112.2,-0.01,0,0,,,,0.0,0.0,1.4
74.51,ACQUIRE,0.02,-0.02,-9.58,112.28,-0.01,0,0,,,,0.0,0.0,0.8
74.56,ACQUIRE,0.02,-0.02,-9.58,112.35,-0.01,0,0,,,,0.0,0.0,1.2
74.61,ACQUIRE,0.02,-0.02,-9.58,112.43,-0.01,0,0,,,,0.0,0.0,0.6
74.66,ACQUIRE,0.02,-0.02,-9.58,112.5,-0.01,0,0,,,,0.0,0.0,1.5
74.71,ACQUIRE,0.02,-0.02,-9.58,112.58,-0.01,0,0,,,,0.0,0.0,0.8
74.76,ACQUIRE,0.02,-0.02,-9.58,112.65,-0.01,0,0,,,,0.0,0.0,4.3
74.81,ACQUIRE,0.02,-0.02,-9.58,112.73,-0.01,0,0,,,,0.0,0.0,0.8
74.86,ACQUIRE,0.02,-0.02,-9.58,112.8,-0.01,0,0,,,,0.0,0.0,1.5
74.91,ACQUIRE,0.02,-0.02,-9.58,112.88,-0.01,0,0,,,,0.0,0.0,0.8
74.96,ACQUIRE,0.02,-0.02,-9.58,112.95,-0.01,0,0,,,,0.0,0.0,1.3
