t_s,copter_n,copter_e,copter_d,rover_n,rover_e,rover_d,oracle_cx,oracle_cy,oracle_w,oracle_h,det_bbox_cx,det_bbox_cy,det_new,track_cx,track_cy,track_w,track_h,track_id,pix_err_vs_oracle,vx_cmd,vy_cmd,yaw_rate_cmd,loop_dt_ms
0.000,0.01,-0.01,-8.68,0.51,-0.01,0.00,320.0,208.1,127.6,255.3,320.0,208.1,1,320.0,208.1,127.6,255.3,1,0.0,0.638,0.000,0.0000,0.0
0.050,0.01,-0.01,-8.68,0.53,-0.01,0.00,320.0,207.3,127.6,255.3,320.0,208.1,0,320.0,208.1,127.6,255.3,1,0.8,0.638,0.000,0.0000,50.1
0.100,0.01,-0.01,-8.80,0.54,-0.01,0.00,324.1,207.1,125.9,251.8,320.0,208.1,0,320.0,208.1,127.6,255.3,1,4.2,0.638,0.000,0.0000,50.1
0.150,0.01,-0.01,-8.80,0.55,-0.01,0.00,324.2,206.4,125.9,251.8,320.0,208.1,0,320.0,208.1,127.6,255.3,1,4.5,0.638,0.000,0.0000,50.0
0.200,0.01,-0.01,-8.92,0.56,-0.01,0.00,324.2,206.0,124.3,248.7,320.0,208.1,0,320.0,208.1,127.6,255.3,1,4.7,0.638,0.000,0.0000,50.1
0.250,0.01,-0.01,-8.92,0.58,-0.01,0.00,324.3,205.2,124.3,248.7,320.0,208.1,0,320.0,208.1,127.6,255.3,1,5.1,0.638,0.000,0.0000,50.1
0.300,0.02,-0.01,-9.02,0.59,-0.01,0.00,324.2,205.1,122.9,245.8,320.0,208.1,0,320.0,208.1,127.6,255.3,1,5.2,0.638,0.000,0.0000,50.1
0.350,0.02,-0.01,-9.02,0.60,-0.01,0.00,324.3,204.3,122.9,245.8,320.0,208.1,0,320.0,208.1,127.6,255.3,1,5.7,0.638,0.000,0.0000,50.1
0.401,0.03,-0.01,-9.11,0.61,-0.01,0.00,324.3,204.6,121.7,243.3,320.0,208.1,0,320.0,208.1,127.6,255.3,1,5.5,0.638,0.000,0.0000,50.1
0.451,0.03,-0.01,-9.11,0.63,-0.01,0.00,324.4,203.9,121.7,243.3,320.0,208.1,0,320.0,208.1,127.6,255.3,1,6.1,0.638,0.000,0.0000,50.1
0.501,0.05,-0.01,-9.20,0.64,-0.01,0.00,324.4,204.7,120.5,241.1,320.0,208.1,0,320.0,208.1,127.6,255.3,1,5.6,0.638,0.000,0.0000,50.1
0.551,0.05,-0.01,-9.20,0.65,-0.01,0.00,324.5,204.0,120.5,241.1,320.0,208.1,0,320.0,208.1,127.6,255.3,1,6.1,0.638,0.000,0.0000,50.1
0.601,0.08,-0.02,-9.27,0.66,-0.01,0.00,324.5,205.2,119.6,239.2,320.0,208.1,0,320.0,208.1,127.6,255.3,1,5.4,0.638,0.000,0.0000,50.1
0.651,0.08,-0.02,-9.27,0.68,-0.01,0.00,324.6,204.5,119.6,239.2,320.0,208.1,0,320.0,208.1,127.6,255.3,1,5.9,0.638,0.000,0.0000,50.1
0.701,0.11,-0.02,-9.33,0.69,-0.01,0.00,324.6,206.1,118.8,237.5,320.0,208.1,0,320.0,208.1,127.6,255.3,1,5.0,0.638,0.000,0.0000,50.1
0.751,0.11,-0.02,-9.33,0.70,-0.01,0.00,324.7,205.3,118.8,237.5,320.0,208.1,0,320.0,208.1,127.6,255.3,1,5.5,0.638,0.000,0.0000,50.1
0.801,0.15,-0.02,-9.39,0.71,-0.01,0.00,324.8,207.2,118.1,236.2,320.0,208.1,0,320.0,208.1,127.6,255.3,1,4.8,0.638,0.000,0.0000,50.1
0.851,0.15,-0.02,-9.39,0.73,-0.01,0.00,324.9,206.5,118.1,236.2,320.0,208.1,0,320.0,208.1,127.6,255.3,1,5.1,0.638,0.000,0.0000,50.1
0.901,0.20,-0.03,-9.43,0.74,-0.01,0.00,324.9,208.6,117.6,235.1,320.0,208.1,0,320.0,208.1,127.6,255.3,1,4.9,0.638,0.000,0.0000,50.1
0.951,0.20,-0.03,-9.43,0.75,-0.01,0.00,325.0,207.8,117.6,235.1,320.0,208.1,0,320.0,208.1,127.6,255.3,1,5.0,0.638,0.000,0.0000,50.0
1.001,0.25,-0.04,-9.46,0.76,-0.01,0.00,325.0,210.1,117.2,234.3,325.1,207.1,1,325.1,207.1,117.6,235.1,2,3.0,0.657,0.102,0.0000,50.0
1.051,0.25,-0.04,-9.46,0.78,-0.01,0.00,325.1,209.4,117.2,234.3,325.1,207.1,0,320.0,208.1,127.6,255.3,1,5.3,0.638,0.000,0.0000,50.1
1.101,0.30,-0.04,-9.48,0.79,-0.01,0.00,325.2,211.8,116.9,233.8,325.1,207.1,0,320.0,208.1,127.6,255.3,1,6.4,0.638,0.000,0.0000,50.1
1.151,0.30,-0.04,-9.48,0.80,-0.01,0.00,325.3,211.1,116.9,233.8,325.1,207.1,0,320.0,208.1,127.6,255.3,1,6.0,0.638,0.000,0.0000,50.1
1.201,0.35,-0.05,-9.49,0.81,-0.01,0.00,325.3,213.6,116.8,233.5,325.1,207.1,0,320.0,208.1,127.6,255.3,1,7.6,0.638,0.000,0.0000,50.1
1.251,0.35,-0.05,-9.49,0.83,-0.01,0.00,325.4,212.8,116.8,233.5,325.1,207.1,0,320.0,208.1,127.6,255.3,1,7.2,0.638,0.000,0.0000,50.1
1.302,0.41,-0.05,-9.50,0.84,-0.01,0.00,325.4,215.5,116.7,233.4,325.1,207.1,0,320.0,208.1,127.6,255.3,1,9.2,0.638,0.000,0.0000,50.1
1.352,0.41,-0.05,-9.50,0.85,-0.01,0.00,325.5,214.7,116.7,233.4,325.1,207.1,0,320.0,208.1,127.6,255.3,1,8.6,0.638,0.000,0.0000,50.1
1.402,0.47,-0.06,-9.50,0.86,-0.01,0.00,325.5,217.5,116.7,233.5,325.1,207.1,0,320.0,208.1,127.6,255.3,1,10.9,0.638,0.000,0.0000,50.1
1.452,0.47,-0.06,-9.50,0.88,-0.01,0.00,325.6,216.7,116.7,233.5,325.1,207.1,0,320.0,208.1,127.6,255.3,1,10.3,0.638,0.000,0.0000,50.1
1.502,0.53,-0.07,-9.49,0.89,-0.01,0.00,325.7,219.6,116.8,233.6,325.1,207.1,0,320.0,208.1,127.6,255.3,1,12.8,0.638,0.000,0.0000,50.1
1.552,0.53,-0.07,-9.49,0.90,-0.01,0.00,325.8,218.8,116.8,233.6,325.1,207.1,0,325.1,207.1,117.6,235.1,2,11.7,0.657,0.102,0.0000,50.1
1.602,0.59,-0.07,-9.48,0.91,-0.01,0.00,325.8,221.7,116.9,233.8,325.1,207.1,0,325.1,207.1,117.6,235.1,2,14.6,0.657,0.102,0.0000,50.1
1.652,0.59,-0.07,-9.48,0.93,-0.01,0.00,325.9,221.0,116.9,233.8,325.1,207.1,0,325.1,207.1,117.6,235.1,2,13.9,0.657,0.102,0.0000,50.3
1.702,0.65,-0.08,-9.48,0.94,-0.01,0.00,325.9,223.9,117.0,233.9,325.1,207.1,0,325.1,207.1,117.6,235.1,2,16.8,0.657,0.102,0.0000,50.1
1.752,0.65,-0.08,-9.48,0.95,-0.01,0.00,326.0,223.2,117.0,233.9,325.1,207.1,0,325.1,207.1,117.6,235.1,2,16.1,0.657,0.102,0.0000,50.1
1.802,0.72,-0.09,-9.47,0.96,-0.01,0.00,326.0,226.2,117.1,234.1,325.1,207.1,0,325.1,207.1,117.6,235.1,2,19.0,0.657,0.102,0.0000,50.1
1.852,0.72,-0.09,-9.47,0.98,-0.01,0.00,326.1,225.4,117.1,234.1,325.1,207.1,0,325.1,207.1,117.6,235.1,2,18.3,0.657,0.102,0.0000,50.1
1.902,0.78,-0.09,-9.46,0.99,-0.01,0.00,326.0,228.5,117.1,234.3,325.1,207.1,0,325.1,207.1,117.6,235.1,2,21.4,0.657,0.102,0.0000,50.1
1.953,0.78,-0.09,-9.46,1.00,-0.01,0.00,326.1,227.7,117.1,234.3,325.1,207.1,0,325.1,207.1,117.6,235.1,2,20.6,0.657,0.102,0.0000,50.1
2.003,0.85,-0.10,-9.46,1.01,-0.01,0.00,325.9,230.8,117.2,234.4,326.2,227.1,1,326.2,227.1,117.1,234.3,3,3.8,0.259,0.123,0.0000,50.1
2.053,0.85,-0.10,-9.46,1.03,-0.01,0.00,326.0,230.1,117.2,234.4,326.2,227.1,0,325.1,207.1,117.6,235.1,2,23.0,0.657,0.102,0.0000,50.1
2.103,0.91,-0.10,-9.45,1.04,-0.01,0.00,325.8,233.2,117.3,234.6,326.2,227.1,0,325.1,207.1,117.6,235.1,2,26.1,0.657,0.102,0.0000,50.1
2.153,0.91,-0.10,-9.45,1.05,-0.01,0.00,325.9,232.5,117.3,234.6,326.2,227.1,0,325.1,207.1,117.6,235.1,2,25.4,0.657,0.102,0.0000,50.5
2.203,0.98,-0.10,-9.45,1.06,-0.01,0.00,325.6,235.7,117.3,234.7,326.2,227.1,0,325.1,207.1,117.6,235.1,2,28.5,0.657,0.102,0.0000,50.1
2.253,0.98,-0.10,-9.45,1.08,-0.01,0.00,325.7,234.9,117.3,234.7,326.2,227.1,0,325.1,207.1,117.6,235.1,2,27.8,0.657,0.102,0.0000,50.1
2.303,1.05,-0.10,-9.45,1.09,-0.01,0.00,325.3,238.1,117.4,234.7,326.2,227.1,0,325.1,207.1,117.6,235.1,2,30.9,0.657,0.102,0.0000,50.1
2.353,1.05,-0.10,-9.45,1.10,-0.01,0.00,325.4,237.3,117.4,234.7,326.2,227.1,0,325.1,207.1,117.6,235.1,2,30.2,0.657,0.102,0.0000,50.1
2.404,1.11,-0.10,-9.44,1.11,-0.01,0.00,325.0,240.5,117.4,234.8,326.2,227.1,0,325.1,207.1,117.6,235.1,2,33.3,0.657,0.102,0.0000,50.1
2.454,1.11,-0.10,-9.44,1.13,-0.01,0.00,325.1,239.7,117.4,234.8,326.2,227.1,0,325.1,207.1,117.6,235.1,2,32.6,0.657,0.102,0.0000,50.1
2.504,1.18,-0.10,-9.44,1.14,-0.01,0.00,324.7,242.9,117.4,234.8,326.2,227.1,0,325.1,207.1,117.6,235.1,2,35.8,0.657,0.102,0.0000,50.1
2.554,1.18,-0.10,-9.44,1.15,-0.01,0.00,324.8,242.2,117.4,234.8,326.2,227.1,0,326.2,227.1,117.1,234.3,3,15.2,0.259,0.123,0.0000,50.1
2.604,1.25,-0.10,-9.44,1.16,-0.01,0.00,324.4,245.4,117.4,234.8,326.2,227.1,0,326.2,227.1,117.1,234.3,3,18.4,0.259,0.123,0.0000,50.1
2.654,1.25,-0.10,-9.44,1.18,-0.01,0.00,324.5,244.6,117.4,234.8,326.2,227.1,0,326.2,227.1,117.1,234.3,3,17.7,0.259,0.123,0.0000,50.1
2.704,1.31,-0.10,-9.44,1.19,-0.01,0.00,324.0,247.8,117.4,234.7,326.2,227.1,0,326.2,227.1,117.1,234.3,3,20.9,0.259,0.123,0.0000,50.1
2.754,1.31,-0.10,-9.44,1.20,-0.01,0.00,324.1,247.1,117.4,234.7,326.2,227.1,0,326.2,227.1,117.1,234.3,3,20.1,0.259,0.123,0.0000,50.1
2.804,1.38,-0.10,-9.45,1.21,-0.01,0.00,323.7,250.1,117.3,234.7,326.2,227.1,0,326.2,227.1,117.1,234.3,3,23.2,0.259,0.123,0.0000,50.2
2.854,1.38,-0.10,-9.45,1.23,-0.01,0.00,323.8,249.4,117.3,234.7,326.2,227.1,0,326.2,227.1,117.1,234.3,3,22.5,0.259,0.123,0.0000,50.1
2.904,1.44,-0.10,-9.45,1.24,-0.01,0.00,323.3,252.2,117.3,234.7,326.2,227.1,0,326.2,227.1,117.1,234.3,3,25.3,0.259,0.123,0.0000,50.1
2.954,1.44,-0.10,-9.45,1.25,-0.01,0.00,323.4,251.4,117.3,234.7,326.2,227.1,0,326.2,227.1,117.1,234.3,3,24.5,0.259,0.123,0.0000,50.1
3.004,1.49,-0.09,-9.45,1.27,-0.01,0.00,322.9,253.9,117.3,234.6,323.5,250.8,1,323.5,250.8,117.3,234.7,4,3.2,-0.215,0.069,0.0000,50.1
3.054,1.49,-0.09,-9.45,1.28,-0.01,0.00,323.0,253.1,117.3,234.6,323.5,250.8,0,326.2,227.1,117.1,234.3,3,26.3,0.259,0.123,0.0000,50.1
3.105,1.54,-0.09,-9.45,1.29,-0.01,0.00,322.4,255.2,117.3,234.5,323.5,250.8,0,326.2,227.1,117.1,234.3,3,28.4,0.259,0.123,0.0000,50.1
3.155,1.54,-0.09,-9.45,1.30,-0.01,0.00,322.5,254.5,117.3,234.5,323.5,250.8,0,326.2,227.1,117.1,234.3,3,27.7,0.259,0.123,0.0000,50.1
3.205,1.59,-0.08,-9.45,1.32,-0.01,0.00,322.0,256.3,117.2,234.5,323.5,250.8,0,326.2,227.1,117.1,234.3,3,29.6,0.259,0.123,0.0000,50.1
3.255,1.59,-0.08,-9.45,1.33,-0.01,0.00,322.1,255.6,117.2,234.5,323.5,250.8,0,326.2,227.1,117.1,234.3,3,28.8,0.259,0.123,0.0000,50.1
3.305,1.63,-0.08,-9.46,1.34,-0.01,0.00,321.6,257.2,117.2,234.4,323.5,250.8,0,326.2,227.1,117.1,234.3,3,30.5,0.259,0.123,0.0000,50.1
3.355,1.63,-0.08,-9.46,1.35,-0.01,0.00,321.6,256.4,117.2,234.4,323.5,250.8,0,326.2,227.1,117.1,234.3,3,29.7,0.259,0.123,0.0000,50.1
3.405,1.67,-0.07,-9.46,1.37,-0.01,0.00,321.1,257.9,117.2,234.4,323.5,250.8,0,326.2,227.1,117.1,234.3,3,31.2,0.259,0.123,0.0000,50.1
3.455,1.67,-0.07,-9.46,1.38,-0.01,0.00,321.2,257.1,117.2,234.4,323.5,250.8,0,326.2,227.1,117.1,234.3,3,30.5,0.259,0.123,0.0000,50.1
3.505,1.70,-0.07,-9.46,1.39,-0.01,0.00,320.7,258.4,117.2,234.3,323.5,250.8,0,326.2,227.1,117.1,234.3,3,31.8,0.259,0.123,0.0000,50.1
3.555,1.70,-0.07,-9.46,1.40,-0.01,0.00,320.8,257.7,117.2,234.3,323.5,250.8,0,323.5,250.8,117.3,234.7,4,7.4,-0.215,0.069,0.0000,50.1
3.605,1.73,-0.06,-9.46,1.42,-0.01,0.00,320.3,258.9,117.1,234.3,323.5,250.8,0,323.5,250.8,117.3,234.7,4,8.8,-0.215,0.069,0.0000,50.1
3.655,1.73,-0.06,-9.46,1.43,-0.01,0.00,320.3,258.2,117.1,234.3,323.5,250.8,0,323.5,250.8,117.3,234.7,4,8.0,-0.215,0.069,0.0000,50.1
3.705,1.77,-0.05,-9.46,1.44,-0.01,0.00,319.8,259.3,117.1,234.2,323.5,250.8,0,323.5,250.8,117.3,234.7,4,9.3,-0.215,0.069,0.0000,50.1
3.755,1.77,-0.05,-9.46,1.45,-0.01,0.00,319.9,258.5,117.1,234.2,323.5,250.8,0,323.5,250.8,117.3,234.7,4,8.6,-0.215,0.069,0.0000,50.1
3.805,1.80,-0.05,-9.47,1.47,-0.01,0.00,319.4,259.4,117.1,234.2,323.5,250.8,0,323.5,250.8,117.3,234.7,4,9.6,-0.215,0.069,0.0000,50.1
3.855,1.80,-0.05,-9.47,1.48,-0.01,0.00,319.5,258.7,117.1,234.2,323.5,250.8,0,323.5,250.8,117.3,234.7,4,8.9,-0.215,0.069,0.0000,50.1
3.906,1.82,-0.04,-9.47,1.49,-0.01,0.00,319.0,259.2,117.1,234.2,323.5,250.8,0,323.5,250.8,117.3,234.7,4,9.5,-0.215,0.069,0.0000,50.1
3.956,1.82,-0.04,-9.47,1.50,-0.01,0.00,319.1,258.5,117.1,234.2,323.5,250.8,0,323.5,250.8,117.3,234.7,4,8.9,-0.215,0.069,0.0000,50.0
4.006,1.83,-0.03,-9.47,1.52,-0.01,0.00,318.7,258.6,117.1,234.1,319.2,257.8,1,319.2,257.8,117.1,234.2,5,0.9,-0.357,-0.016,-0.0000,50.1
4.056,1.83,-0.03,-9.47,1.53,-0.01,0.00,318.8,257.8,117.1,234.1,319.2,257.8,0,323.5,250.8,117.3,234.7,4,8.5,-0.215,0.069,0.0000,50.1
4.106,1.84,-0.02,-9.47,1.54,-0.01,0.00,318.4,257.5,117.0,234.1,319.2,257.8,0,323.5,250.8,117.3,234.7,4,8.4,-0.215,0.069,0.0000,50.1
4.156,1.84,-0.02,-9.47,1.55,-0.01,0.00,318.5,256.8,117.0,234.1,319.2,257.8,0,323.5,250.8,117.3,234.7,4,7.8,-0.215,0.069,0.0000,50.1
4.206,1.84,-0.02,-9.47,1.57,-0.01,0.00,318.1,256.1,117.0,234.1,319.2,257.8,0,323.5,250.8,117.3,234.7,4,7.5,-0.215,0.069,0.0000,50.1
4.256,1.84,-0.02,-9.47,1.58,-0.01,0.00,318.2,255.3,117.0,234.1,319.2,257.8,0,323.5,250.8,117.3,234.7,4,7.0,-0.215,0.069,0.0000,50.1
4.306,1.84,-0.01,-9.47,1.59,-0.01,0.00,317.9,254.3,117.0,234.0,319.2,257.8,0,323.5,250.8,117.3,234.7,4,6.6,-0.215,0.069,0.0000,50.1
4.356,1.84,-0.01,-9.47,1.60,-0.01,0.00,318.0,253.6,117.0,234.0,319.2,257.8,0,323.5,250.8,117.3,234.7,4,6.2,-0.215,0.069,0.0000,50.1
4.406,1.83,-0.00,-9.47,1.62,-0.01,0.00,317.7,252.3,117.0,234.0,319.2,257.8,0,323.5,250.8,117.3,234.7,4,6.0,-0.215,0.069,0.0000,50.1
4.456,1.83,-0.00,-9.47,1.63,-0.01,0.00,317.8,251.6,117.0,234.0,319.2,257.8,0,323.5,250.8,117.3,234.7,4,5.7,-0.215,0.069,0.0000,50.1
4.506,1.82,0.01,-9.47,1.64,-0.01,0.00,317.5,250.2,117.0,234.0,319.2,257.8,0,323.5,250.8,117.3,234.7,4,6.0,-0.215,0.069,0.0000,50.1
4.556,1.82,0.01,-9.47,1.65,-0.01,0.00,317.6,249.5,117.0,234.0,319.2,257.8,0,319.2,257.8,117.1,234.2,5,8.5,-0.357,-0.016,-0.0000,50.1
4.606,1.81,0.01,-9.48,1.67,-0.01,0.00,317.3,248.0,117.0,234.0,319.2,257.8,0,319.2,257.8,117.1,234.2,5,10.0,-0.357,-0.016,-0.0000,50.1
4.656,1.81,0.01,-9.48,1.68,-0.01,0.00,317.4,247.3,117.0,234.0,319.2,257.8,0,319.2,257.8,117.1,234.2,5,10.7,-0.357,-0.016,-0.0000,50.1
4.706,1.79,0.02,-9.48,1.69,-0.01,0.00,317.1,245.6,117.0,234.0,319.2,257.8,0,319.2,257.8,117.1,234.2,5,12.4,-0.357,-0.016,-0.0000,50.1
4.757,1.79,0.02,-9.48,1.70,-0.01,0.00,317.2,244.9,117.0,234.0,319.2,257.8,0,319.2,257.8,117.1,234.2,5,13.1,-0.357,-0.016,-0.0000,50.1
4.807,1.78,0.03,-9.48,1.72,-0.01,0.00,316.9,243.1,117.0,233.9,319.2,257.8,0,319.2,257.8,117.1,234.2,5,14.9,-0.357,-0.016,-0.0000,50.1
4.857,1.78,0.03,-9.48,1.73,-0.01,0.00,317.0,242.4,117.0,233.9,319.2,257.8,0,319.2,257.8,117.1,234.2,5,15.6,-0.357,-0.016,-0.0000,50.1
4.907,1.75,0.04,-9.48,1.74,-0.01,0.00,316.8,240.4,117.0,233.9,319.2,257.8,0,319.2,257.8,117.1,234.2,5,17.6,-0.357,-0.016,-0.0000,50.1
4.957,1.75,0.04,-9.48,1.75,-0.01,0.00,316.9,239.7,117.0,233.9,319.2,257.8,0,319.2,257.8,117.1,234.2,5,18.3,-0.357,-0.016,-0.0000,50.1
5.007,1.73,0.05,-9.48,1.77,-0.01,0.00,316.8,237.6,117.0,233.9,317.0,239.1,1,317.0,239.1,117.0,233.9,6,1.5,0.019,-0.061,-0.0000,50.1
5.057,1.73,0.05,-9.48,1.78,-0.01,0.00,316.8,236.9,117.0,233.9,317.0,239.1,0,319.2,257.8,117.1,234.2,5,21.1,-0.357,-0.016,-0.0000,50.1
5.107,1.71,0.05,-9.48,1.79,-0.01,0.00,316.8,234.6,116.9,233.9,317.0,239.1,0,319.2,257.8,117.1,234.2,5,23.4,-0.357,-0.016,-0.0000,50.1
5.157,1.71,0.05,-9.48,1.80,-0.01,0.00,316.9,233.9,116.9,233.9,317.0,239.1,0,319.2,257.8,117.1,234.2,5,24.1,-0.357,-0.016,-0.0000,50.0
5.207,1.68,0.06,-9.48,1.82,-0.01,0.00,316.9,231.5,116.9,233.9,317.0,239.1,0,319.2,257.8,117.1,234.2,5,26.4,-0.357,-0.016,-0.0000,50.1
5.257,1.68,0.06,-9.48,1.83,-0.01,0.00,316.9,230.8,116.9,233.9,317.0,239.1,0,319.2,257.8,117.1,234.2,5,27.1,-0.357,-0.016,-0.0000,50.1
5.307,1.65,0.06,-9.48,1.84,-0.01,0.00,317.0,228.4,116.9,233.9,317.0,239.1,0,319.2,257.8,117.1,234.2,5,29.6,-0.357,-0.016,-0.0000,50.1
5.357,1.65,0.06,-9.48,1.85,-0.01,0.00,317.1,227.6,116.9,233.9,317.0,239.1,0,319.2,257.8,117.1,234.2,5,30.3,-0.357,-0.016,-0.0000,50.1
5.407,1.62,0.07,-9.48,1.87,-0.01,0.00,317.1,225.2,116.9,233.9,317.0,239.1,0,319.2,257.8,117.1,234.2,5,32.7,-0.357,-0.016,-0.0000,50.1
5.457,1.62,0.07,-9.48,1.88,-0.01,0.00,317.2,224.4,116.9,233.9,317.0,239.1,0,319.2,257.8,117.1,234.2,5,33.5,-0.357,-0.016,-0.0000,50.1
5.507,1.59,0.07,-9.48,1.89,-0.01,0.00,317.3,221.9,116.9,233.9,317.0,239.1,0,319.2,257.8,117.1,234.2,5,36.0,-0.357,-0.016,-0.0000,50.1
5.558,1.59,0.07,-9.48,1.90,-0.01,0.00,317.4,221.1,116.9,233.9,317.0,239.1,0,317.0,239.1,117.0,233.9,6,17.9,0.019,-0.061,-0.0000,50.1
5.608,1.56,0.07,-9.48,1.92,-0.01,0.00,317.5,218.5,116.9,233.8,317.0,239.1,0,317.0,239.1,117.0,233.9,6,20.5,0.019,-0.061,-0.0000,50.1
5.658,1.56,0.07,-9.48,1.93,-0.01,0.00,317.6,217.8,116.9,233.8,317.0,239.1,0,317.0,239.1,117.0,233.9,6,21.3,0.019,-0.061,-0.0000,50.1
5.708,1.52,0.08,-9.48,1.94,-0.01,0.00,317.7,215.2,116.9,233.8,317.0,239.1,0,317.0,239.1,117.0,233.9,6,23.9,0.019,-0.061,-0.0000,50.1
5.758,1.52,0.08,-9.48,1.95,-0.01,0.00,317.8,214.4,116.9,233.8,317.0,239.1,0,317.0,239.1,117.0,233.9,6,24.6,0.019,-0.061,-0.0000,50.1
5.808,1.49,0.08,-9.48,1.97,-0.01,0.00,318.0,211.9,116.9,233.8,317.0,239.1,0,317.0,239.1,117.0,233.9,6,27.2,0.019,-0.061,-0.0000,50.1
5.858,1.49,0.08,-9.48,1.98,-0.01,0.00,318.1,211.2,116.9,233.8,317.0,239.1,0,317.0,239.1,117.0,233.9,6,27.9,0.019,-0.061,-0.0000,50.1
5.908,1.47,0.08,-9.48,1.99,-0.01,0.00,318.2,208.9,116.9,233.8,317.0,239.1,0,317.0,239.1,117.0,233.9,6,30.2,0.019,-0.061,-0.0000,50.1
5.958,1.47,0.08,-9.48,2.00,-0.01,0.00,318.3,208.1,116.9,233.8,317.0,239.1,0,317.0,239.1,117.0,233.9,6,31.0,0.019,-0.061,-0.0000,50.1
6.008,1.44,0.08,-9.48,2.02,-0.01,0.00,318.6,206.1,116.9,233.8,318.4,207.5,1,318.4,207.5,116.9,233.8,7,1.4,0.650,-0.032,-0.0000,50.1
6.058,1.44,0.08,-9.48,2.03,-0.01,0.00,318.7,205.4,116.9,233.8,318.4,207.5,0,317.0,239.1,117.0,233.9,6,33.7,0.019,-0.061,-0.0000,50.1
6.108,1.43,0.08,-9.48,2.04,-0.01,0.00,318.9,203.7,116.9,233.8,318.4,207.5,0,317.0,239.1,117.0,233.9,6,35.5,0.019,-0.061,-0.0000,50.1
6.158,1.43,0.08,-9.48,2.05,-0.01,0.00,319.0,202.9,116.9,233.8,318.4,207.5,0,317.0,239.1,117.0,233.9,6,36.2,0.019,-0.061,-0.0000,50.1
6.208,1.41,0.08,-9.48,2.07,-0.01,0.00,319.3,201.5,116.9,233.8,318.4,207.5,0,317.0,239.1,117.0,233.9,6,37.7,0.019,-0.061,-0.0000,50.1
6.258,1.41,0.08,-9.48,2.08,-0.01,0.00,319.4,200.7,116.9,233.8,318.4,207.5,0,317.0,239.1,117.0,233.9,6,38.4,0.019,-0.061,-0.0000,50.1
6.309,1.40,0.08,-9.48,2.09,-0.01,0.00,319.7,199.5,116.9,233.8,318.4,207.5,0,317.0,239.1,117.0,233.9,6,39.7,0.019,-0.061,-0.0000,50.1
6.359,1.40,0.08,-9.48,2.10,-0.01,0.00,319.8,198.8,116.9,233.8,318.4,207.5,0,317.0,239.1,117.0,233.9,6,40.4,0.019,-0.061,-0.0000,50.1
6.409,1.40,0.07,-9.48,2.12,-0.01,0.00,320.2,197.7,116.9,233.8,318.4,207.5,0,317.0,239.1,117.0,233.9,6,41.5,0.019,-0.061,-0.0000,50.1
6.459,1.40,0.07,-9.48,2.13,-0.01,0.00,320.3,197.0,116.9,233.8,318.4,207.5,0,317.0,239.1,117.0,233.9,6,42.2,0.019,-0.061,-0.0000,50.1
6.509,1.39,0.07,-9.48,2.14,-0.01,0.00,320.6,195.9,116.9,233.8,318.4,207.5,0,317.0,239.1,117.0,233.9,6,43.3,0.019,-0.061,-0.0000,50.1
6.559,1.39,0.07,-9.48,2.15,-0.01,0.00,320.7,195.2,116.9,233.8,318.4,207.5,0,318.4,207.5,116.9,233.8,7,12.5,0.650,-0.032,-0.0000,50.1
6.609,1.39,0.06,-9.48,2.17,-0.01,0.00,321.1,194.3,116.9,233.8,318.4,207.5,0,318.4,207.5,116.9,233.8,7,13.5,0.650,-0.032,-0.0000,50.1
6.659,1.39,0.06,-9.48,2.18,-0.01,0.00,321.2,193.6,116.9,233.8,318.4,207.5,0,318.4,207.5,116.9,233.8,7,14.2,0.650,-0.032,-0.0000,50.1
6.709,1.39,0.06,-9.48,2.19,-0.01,0.00,321.6,192.7,116.9,233.8,318.4,207.5,0,318.4,207.5,116.9,233.8,7,15.1,0.650,-0.032,-0.0000,50.1
6.759,1.39,0.06,-9.48,2.20,-0.01,0.00,321.7,192.0,116.9,233.8,318.4,207.5,0,318.4,207.5,116.9,233.8,7,15.9,0.650,-0.032,-0.0000,50.1
6.809,1.39,0.05,-9.48,2.22,-0.01,0.00,322.1,191.4,116.9,233.8,318.4,207.5,0,318.4,207.5,116.9,233.8,7,16.6,0.650,-0.032,-0.0000,50.1
6.859,1.39,0.05,-9.48,2.23,-0.01,0.00,322.2,190.6,116.9,233.8,318.4,207.5,0,318.4,207.5,116.9,233.8,7,17.3,0.650,-0.032,-0.0000,50.1
6.909,1.39,0.05,-9.48,2.24,-0.01,0.00,322.6,190.4,116.9,233.8,318.4,207.5,0,318.4,207.5,116.9,233.8,7,17.6,0.650,-0.032,-0.0000,50.1
6.959,1.39,0.05,-9.48,2.25,-0.01,0.00,322.7,189.7,116.9,233.8,318.4,207.5,0,318.4,207.5,116.9,233.8,7,18.4,0.650,-0.032,-0.0000,50.1
7.009,1.41,0.04,-9.48,2.27,-0.01,0.00,323.1,190.0,116.9,233.8,322.8,189.1,1,322.8,189.1,116.9,233.8,8,1.0,1.019,0.056,0.0000,50.1
7.059,1.41,0.04,-9.48,2.28,-0.01,0.00,323.2,189.2,116.9,233.8,322.8,189.1,0,318.4,207.5,116.9,233.8,7,18.9,0.650,-0.032,-0.0000,50.1
7.110,1.44,0.03,-9.48,2.29,-0.01,0.00,323.6,190.1,116.9,233.8,322.8,189.1,0,318.4,207.5,116.9,233.8,7,18.2,0.650,-0.032,-0.0000,50.1
7.160,1.44,0.03,-9.48,2.30,-0.01,0.00,323.6,189.4,116.9,233.8,322.8,189.1,0,318.4,207.5,116.9,233.8,7,18.9,0.650,-0.032,-0.0000,50.1
7.210,1.47,0.02,-9.48,2.32,-0.01,0.00,324.0,190.7,116.9,233.8,322.8,189.1,0,318.4,207.5,116.9,233.8,7,17.7,0.650,-0.032,-0.0000,50.1
7.260,1.47,0.02,-9.48,2.33,-0.01,0.00,324.1,190.0,116.9,233.8,322.8,189.1,0,318.4,207.5,116.9,233.8,7,18.4,0.650,-0.032,-0.0000,50.1
7.310,1.51,0.01,-9.48,2.34,-0.01,0.00,324.5,191.7,116.9,233.8,322.8,189.1,0,318.4,207.5,116.9,233.8,7,16.9,0.650,-0.032,-0.0000,50.1
7.360,1.51,0.01,-9.48,2.35,-0.01,0.00,324.6,191.0,116.9,233.8,322.8,189.1,0,318.4,207.5,116.9,233.8,7,17.6,0.650,-0.032,-0.0000,50.1
7.410,1.56,0.00,-9.48,2.37,-0.01,0.00,324.9,193.0,116.9,233.8,322.8,189.1,0,318.4,207.5,116.9,233.8,7,15.9,0.650,-0.032,-0.0000,50.1
7.460,1.56,0.00,-9.48,2.38,-0.01,0.00,325.0,192.3,116.9,233.8,322.8,189.1,0,318.4,207.5,116.9,233.8,7,16.6,0.650,-0.032,-0.0000,50.1
7.510,1.61,-0.01,-9.48,2.39,-0.01,0.00,325.4,194.6,116.9,233.8,322.8,189.1,0,318.4,207.5,116.9,233.8,7,14.7,0.650,-0.032,-0.0000,50.1
7.560,1.61,-0.01,-9.48,2.40,-0.01,0.00,325.5,193.8,116.9,233.8,322.8,189.1,0,322.8,189.1,116.9,233.8,8,5.5,1.019,0.056,0.0000,50.1
7.610,1.66,-0.02,-9.48,2.42,-0.01,0.00,325.9,196.2,116.9,233.8,322.8,189.1,0,322.8,189.1,116.9,233.8,8,7.8,1.019,0.056,0.0000,50.1
7.660,1.66,-0.02,-9.48,2.43,-0.01,0.00,326.0,195.5,116.9,233.8,322.8,189.1,0,322.8,189.1,116.9,233.8,8,7.2,1.019,0.056,0.0000,50.1
7.710,1.72,-0.03,-9.48,2.44,-0.01,0.00,326.3,198.1,116.9,233.7,322.8,189.1,0,322.8,189.1,116.9,233.8,8,9.7,1.019,0.056,0.0000,50.1
7.760,1.72,-0.03,-9.48,2.45,-0.01,0.00,326.4,197.3,116.9,233.7,322.8,189.1,0,322.8,189.1,116.9,233.8,8,9.1,1.019,0.056,0.0000,50.1
7.810,1.78,-0.04,-9.48,2.47,-0.01,0.00,326.8,200.1,116.9,233.7,322.8,189.1,0,322.8,189.1,116.9,233.8,8,11.8,1.019,0.056,0.0000,50.1
7.860,1.78,-0.04,-9.48,2.48,-0.01,0.00,326.9,199.4,116.9,233.7,322.8,189.1,0,322.8,189.1,116.9,233.8,8,11.1,1.019,0.056,0.0000,50.1
7.910,1.84,-0.05,-9.48,2.49,-0.01,0.00,327.2,202.5,116.9,233.7,322.8,189.1,0,322.8,189.1,116.9,233.8,8,14.2,1.019,0.056,0.0000,50.1
7.961,1.84,-0.05,-9.48,2.50,-0.01,0.00,327.3,201.8,116.9,233.7,322.8,189.1,0,322.8,189.1,116.9,233.8,8,13.5,1.019,0.056,0.0000,50.1
8.011,1.91,-0.06,-9.48,2.52,-0.01,0.00,327.5,205.3,116.9,233.7,327.3,201.2,1,327.3,201.2,116.9,233.7,9,4.1,0.776,0.147,0.0000,50.1
8.061,1.91,-0.06,-9.48,2.53,-0.01,0.00,327.5,204.6,116.9,233.7,327.3,201.2,0,322.8,189.1,116.9,233.8,8,16.2,1.019,0.056,0.0000,50.1
8.111,1.99,-0.08,-9.48,2.54,-0.01,0.00,327.6,208.4,116.9,233.7,327.3,201.2,0,322.8,189.1,116.9,233.8,8,20.0,1.019,0.056,0.0000,50.1
8.161,1.99,-0.08,-9.48,2.55,-0.01,0.00,327.7,207.7,116.9,233.7,327.3,201.2,0,322.8,189.1,116.9,233.8,8,19.3,1.019,0.056,0.0000,50.1
8.211,2.07,-0.09,-9.49,2.57,-0.01,0.00,327.8,211.8,116.9,233.7,327.3,201.2,0,322.8,189.1,116.9,233.8,8,23.3,1.019,0.056,0.0000,50.1
8.261,2.07,-0.09,-9.49,2.58,-0.01,0.00,327.9,211.1,116.9,233.7,327.3,201.2,0,322.8,189.1,116.9,233.8,8,22.6,1.019,0.056,0.0000,50.1
8.311,2.16,-0.09,-9.49,2.59,-0.01,0.00,327.9,215.4,116.9,233.7,327.3,201.2,0,322.8,189.1,116.9,233.8,8,26.8,1.019,0.056,0.0000,50.1
8.361,2.16,-0.09,-9.49,2.60,-0.01,0.00,328.0,214.7,116.9,233.7,327.3,201.2,0,322.8,189.1,116.9,233.8,8,26.1,1.019,0.056,0.0000,50.1
8.411,2.25,-0.10,-9.49,2.62,-0.01,0.00,327.9,219.2,116.9,233.7,327.3,201.2,0,322.8,189.1,116.9,233.8,8,30.5,1.019,0.056,0.0000,50.1
8.461,2.25,-0.10,-9.49,2.63,-0.01,0.00,328.0,218.4,116.9,233.7,327.3,201.2,0,322.8,189.1,116.9,233.8,8,29.9,1.019,0.056,0.0000,50.0
8.511,2.34,-0.11,-9.49,2.64,-0.01,0.00,327.9,223.1,116.9,233.7,327.3,201.2,0,322.8,189.1,116.9,233.8,8,34.4,1.019,0.056,0.0000,50.1
8.561,2.34,-0.11,-9.49,2.65,-0.01,0.00,328.0,222.4,116.9,233.7,327.3,201.2,0,327.3,201.2,116.9,233.7,9,21.1,0.776,0.147,0.0000,50.1
8.611,2.43,-0.12,-9.49,2.67,-0.01,0.00,327.9,227.1,116.9,233.7,327.3,201.2,0,327.3,201.2,116.9,233.7,9,25.9,0.776,0.147,0.0000,50.1
8.661,2.43,-0.12,-9.49,2.68,-0.01,0.00,328.0,226.4,116.9,233.7,327.3,201.2,0,327.3,201.2,116.9,233.7,9,25.2,0.776,0.147,0.0000,50.1
8.711,2.53,-0.13,-9.49,2.69,-0.01,0.00,327.8,231.2,116.9,233.7,327.3,201.2,0,327.3,201.2,116.9,233.7,9,30.0,0.776,0.147,0.0000,50.1
8.762,2.53,-0.13,-9.49,2.70,-0.01,0.00,327.9,230.5,116.9,233.7,327.3,201.2,0,327.3,201.2,116.9,233.7,9,29.3,0.776,0.147,0.0000,50.1
8.812,2.62,-0.13,-9.49,2.72,-0.01,0.00,327.7,235.3,116.8,233.7,327.3,201.2,0,327.3,201.2,116.9,233.7,9,34.1,0.776,0.147,0.0000,50.1
8.862,2.62,-0.13,-9.49,2.73,-0.01,0.00,327.8,234.6,116.8,233.7,327.3,201.2,0,327.3,201.2,116.9,233.7,9,33.4,0.776,0.147,0.0000,50.1
8.912,2.71,-0.14,-9.49,2.74,-0.01,0.00,327.4,239.2,116.8,233.7,327.3,201.2,0,327.3,201.2,116.9,233.7,9,38.0,0.776,0.147,0.0000,50.1
8.962,2.71,-0.14,-9.49,2.75,-0.01,0.00,327.5,238.5,116.8,233.7,327.3,201.2,0,327.3,201.2,116.9,233.7,9,37.3,0.776,0.147,0.0000,50.1
9.012,2.80,-0.14,-9.49,2.77,-0.01,0.00,327.1,243.0,116.8,233.7,327.6,237.9,1,327.6,237.9,116.8,233.7,10,5.1,0.041,0.152,0.0000,50.1
9.062,2.80,-0.14,-9.49,2.78,-0.01,0.00,327.2,242.3,116.8,233.7,327.6,237.9,0,327.3,201.2,116.9,233.7,9,41.1,0.776,0.147,0.0000,50.1
9.112,2.89,-0.14,-9.49,2.79,-0.01,0.00,326.7,246.7,116.8,233.7,327.6,237.9,0,327.3,201.2,116.9,233.7,9,45.5,0.776,0.147,0.0000,50.1
9.162,2.89,-0.14,-9.49,2.80,-0.01,0.00,326.8,246.0,116.8,233.7,327.6,237.9,0,327.3,201.2,116.9,233.7,9,44.8,0.776,0.147,0.0000,50.1
9.212,2.98,-0.14,-9.49,2.82,-0.01,0.00,326.2,250.2,116.8,233.7,327.6,237.9,0,327.3,201.2,116.9,233.7,9,49.0,0.776,0.147,0.0000,50.1
9.262,2.98,-0.14,-9.49,2.83,-0.01,0.00,326.3,249.5,116.8,233.7,327.6,237.9,0,327.3,201.2,116.9,233.7,9,48.2,0.776,0.147,0.0000,50.1
9.312,3.06,-0.14,-9.49,2.84,-0.01,0.00,325.6,253.5,116.8,233.7,327.6,237.9,0,327.3,201.2,116.9,233.7,9,52.3,0.776,0.147,0.0000,50.1
9.362,3.06,-0.14,-9.49,2.85,-0.01,0.00,325.7,252.8,116.8,233.7,327.6,237.9,0,327.3,201.2,116.9,233.7,9,51.6,0.776,0.147,0.0000,50.1
9.412,3.14,-0.14,-9.49,2.87,-0.01,0.00,325.0,256.8,116.8,233.7,327.6,237.9,0,327.3,201.2,116.9,233.7,9,55.6,0.776,0.147,0.0000,50.1
9.462,3.14,-0.14,-9.49,2.88,-0.01,0.00,325.1,256.1,116.8,233.7,327.6,237.9,0,327.3,201.2,116.9,233.7,9,54.9,0.776,0.147,0.0000,50.1
9.513,3.22,-0.13,-9.49,2.89,-0.01,0.00,324.4,260.0,116.8,233.7,327.6,237.9,0,327.3,201.2,116.9,233.7,9,58.9,0.776,0.147,0.0000,50.1
9.563,3.22,-0.13,-9.49,2.90,-0.01,0.00,324.5,259.3,116.8,233.7,327.6,237.9,0,327.6,237.9,116.8,233.7,10,21.6,0.041,0.152,0.0000,50.1
9.613,3.30,-0.13,-9.49,2.92,-0.01,0.00,323.7,263.3,116.8,233.7,327.6,237.9,0,327.6,237.9,116.8,233.7,10,25.6,0.041,0.152,0.0000,50.1
9.663,3.30,-0.13,-9.49,2.93,-0.01,0.00,323.8,262.5,116.8,233.7,327.6,237.9,0,327.6,237.9,116.8,233.7,10,24.9,0.041,0.152,0.0000,50.1
9.713,3.38,-0.12,-9.49,2.94,-0.01,0.00,323.0,266.5,116.8,233.7,327.6,237.9,0,327.6,237.9,116.8,233.7,10,28.9,0.041,0.152,0.0000,50.1
9.763,3.38,-0.12,-9.49,2.95,-0.01,0.00,323.1,265.7,116.8,233.7,327.6,237.9,0,327.6,237.9,116.8,233.7,10,28.1,0.041,0.152,0.0000,50.1
9.813,3.46,-0.12,-9.49,2.97,-0.01,0.00,322.4,269.5,116.8,233.7,327.6,237.9,0,327.6,237.9,116.8,233.7,10,32.0,0.041,0.152,0.0000,50.1
9.863,3.46,-0.12,-9.49,2.98,-0.01,0.00,322.5,268.8,116.8,233.7,327.6,237.9,0,327.6,237.9,116.8,233.7,10,31.3,0.041,0.152,0.0000,50.1
9.913,3.54,-0.11,-9.49,2.99,-0.01,0.00,321.7,272.2,116.8,233.7,327.6,237.9,0,327.6,237.9,116.8,233.7,10,34.8,0.041,0.152,0.0000,50.1
9.963,3.54,-0.11,-9.49,3.00,-0.01,0.00,321.8,271.5,116.8,233.7,327.6,237.9,0,327.6,237.9,116.8,233.7,10,34.0,0.041,0.152,0.0000,50.1
10.013,3.60,-0.10,-9.49,3.02,-0.01,0.00,321.0,274.3,116.8,233.7,321.8,270.9,1,321.8,270.9,116.8,233.7,11,3.5,-0.619,0.036,0.0000,50.1
10.063,3.60,-0.10,-9.49,3.03,-0.01,0.00,321.1,273.6,116.8,233.7,321.8,270.9,0,327.6,237.9,116.8,233.7,10,36.3,0.041,0.152,0.0000,50.1
10.113,3.65,-0.10,-9.49,3.04,-0.01,0.00,320.2,275.8,116.8,233.7,321.8,270.9,0,327.6,237.9,116.8,233.7,10,38.6,0.041,0.152,0.0000,50.1
10.163,3.65,-0.10,-9.49,3.05,-0.01,0.00,320.3,275.1,116.8,233.7,321.8,270.9,0,327.6,237.9,116.8,233.7,10,37.9,0.041,0.152,0.0000,50.1
10.213,3.69,-0.09,-9.49,3.07,-0.01,0.00,319.5,276.8,116.8,233.7,321.8,270.9,0,327.6,237.9,116.8,233.7,10,39.6,0.041,0.152,0.0000,50.1
10.263,3.69,-0.09,-9.49,3.08,-0.01,0.00,319.6,276.0,116.8,233.7,321.8,270.9,0,327.6,237.9,116.8,233.7,10,38.9,0.041,0.152,0.0000,50.1
10.313,3.73,-0.07,-9.49,3.09,-0.01,0.00,318.8,277.2,116.8,233.7,321.8,270.9,0,327.6,237.9,116.8,233.7,10,40.2,0.041,0.152,0.0000,50.1
10.364,3.73,-0.07,-9.49,3.10,-0.01,0.00,318.9,276.5,116.8,233.7,321.8,270.9,0,327.6,237.9,116.8,233.7,10,39.5,0.041,0.152,0.0000,50.1
10.414,3.75,-0.06,-9.49,3.12,-0.01,0.00,318.1,277.3,116.8,233.7,321.8,270.9,0,327.6,237.9,116.8,233.7,10,40.4,0.041,0.152,0.0000,50.1
10.464,3.75,-0.06,-9.49,3.13,-0.01,0.00,318.2,276.5,116.8,233.7,321.8,270.9,0,327.6,237.9,116.8,233.7,10,39.7,0.041,0.152,0.0000,50.1
10.514,3.78,-0.05,-9.49,3.14,-0.01,0.00,317.4,277.1,116.8,233.7,321.8,270.9,0,327.6,237.9,116.8,233.7,10,40.4,0.041,0.152,0.0000,50.1
10.564,3.78,-0.05,-9.49,3.15,-0.01,0.00,317.5,276.3,116.8,233.7,321.8,270.9,0,321.8,270.9,116.8,233.7,11,6.9,-0.619,0.036,0.0000,50.1
10.614,3.80,-0.04,-9.49,3.17,-0.01,0.00,316.7,276.6,116.8,233.7,321.8,270.9,0,321.8,270.9,116.8,233.7,11,7.7,-0.619,0.036,0.0000,50.1
10.664,3.80,-0.04,-9.49,3.18,-0.01,0.00,316.7,275.9,116.8,233.7,321.8,270.9,0,321.8,270.9,116.8,233.7,11,7.1,-0.619,0.036,0.0000,50.1
10.714,3.81,-0.02,-9.49,3.19,-0.01,0.00,315.9,276.1,116.8,233.7,321.8,270.9,0,321.8,270.9,116.8,233.7,11,7.8,-0.619,0.036,0.0000,50.1
10.764,3.81,-0.02,-9.49,3.20,-0.01,0.00,316.0,275.3,116.8,233.7,321.8,270.9,0,321.8,270.9,116.8,233.7,11,7.3,-0.619,0.036,0.0000,50.1
10.814,3.83,-0.01,-9.49,3.22,-0.01,0.00,315.2,275.2,116.8,233.7,321.8,270.9,0,321.8,270.9,116.8,233.7,11,7.9,-0.619,0.036,0.0000,50.1
10.864,3.83,-0.01,-9.49,3.23,-0.01,0.00,315.3,274.5,116.8,233.7,321.8,270.9,0,321.8,270.9,116.8,233.7,11,7.4,-0.619,0.036,0.0000,50.1
10.914,3.83,0.01,-9.49,3.24,-0.01,0.00,314.6,273.9,116.8,233.7,321.8,270.9,0,321.8,270.9,116.8,233.7,11,7.8,-0.619,0.036,0.0000,50.1
10.964,3.83,0.01,-9.49,3.26,-0.01,0.00,314.7,273.2,116.8,233.7,321.8,270.9,0,321.8,270.9,116.8,233.7,11,7.5,-0.619,0.036,0.0000,50.1
11.014,3.82,0.02,-9.49,3.27,-0.01,0.00,314.0,272.0,116.8,233.6,314.7,272.6,1,314.7,272.6,116.8,233.7,12,1.0,-0.652,-0.106,-0.0000,50.1
11.064,3.82,0.02,-9.49,3.28,-0.01,0.00,314.1,271.2,116.8,233.6,314.7,272.6,0,321.8,270.9,116.8,233.7,11,7.7,-0.619,0.036,0.0000,50.1
11.114,3.81,0.03,-9.49,3.29,-0.01,0.00,313.6,269.4,116.8,233.6,314.7,272.6,0,321.8,270.9,116.8,233.7,11,8.4,-0.619,0.036,0.0000,50.1
11.164,3.81,0.03,-9.49,3.31,-0.01,0.00,313.6,268.7,116.8,233.6,314.7,272.6,0,321.8,270.9,116.8,233.7,11,8.5,-0.619,0.036,0.0000,50.1
11.215,3.78,0.04,-9.49,3.32,-0.01,0.00,313.2,266.4,116.8,233.6,314.7,272.6,0,321.8,270.9,116.8,233.7,11,9.8,-0.619,0.036,0.0000,50.1
11.265,3.78,0.04,-9.49,3.33,-0.01,0.00,313.3,265.7,116.8,233.6,314.7,272.6,0,321.8,270.9,116.8,233.7,11,10.0,-0.619,0.036,0.0000,50.1
11.315,3.75,0.06,-9.49,3.34,-0.01,0.00,312.9,262.9,116.8,233.6,314.7,272.6,0,321.8,270.9,116.8,233.7,11,12.0,-0.619,0.036,0.0000,50.1
11.365,3.75,0.06,-9.49,3.36,-0.01,0.00,313.0,262.2,116.8,233.6,314.7,272.6,0,321.8,270.9,116.8,233.7,11,12.4,-0.619,0.036,0.0000,50.1
11.415,3.71,0.07,-9.49,3.37,-0.01,0.00,312.7,259.1,116.8,233.6,314.7,272.6,0,321.8,270.9,116.8,233.7,11,15.0,-0.619,0.036,0.0000,50.1
11.465,3.71,0.07,-9.49,3.38,-0.01,0.00,312.8,258.3,116.8,233.6,314.7,272.6,0,321.8,270.9,116.8,233.7,11,15.5,-0.619,0.036,0.0000,50.1
11.515,3.66,0.08,-9.49,3.39,-0.01,0.00,312.5,255.0,116.8,233.6,314.7,272.6,0,321.8,270.9,116.8,233.7,11,18.5,-0.619,0.036,0.0000,50.1
11.565,3.66,0.08,-9.49,3.41,-0.01,0.00,312.6,254.3,116.8,233.6,314.7,272.6,0,314.7,272.6,116.8,233.7,12,18.5,-0.652,-0.106,-0.0000,50.1
11.615,3.62,0.09,-9.49,3.42,-0.01,0.00,312.4,250.7,116.8,233.6,314.7,272.6,0,314.7,272.6,116.8,233.7,12,22.0,-0.652,-0.106,-0.0000,50.1
11.665,3.62,0.09,-9.49,3.43,-0.01,0.00,312.5,250.0,116.8,233.6,314.7,272.6,0,314.7,272.6,116.8,233.7,12,22.7,-0.652,-0.106,-0.0000,50.1
11.715,3.57,0.10,-9.49,3.44,-0.01,0.00,312.2,246.3,116.8,233.6,314.7,272.6,0,314.7,272.6,116.8,233.7,12,26.5,-0.652,-0.106,-0.0000,50.1
11.765,3.57,0.10,-9.49,3.46,-0.01,0.00,312.3,245.6,116.8,233.6,314.7,272.6,0,314.7,272.6,116.8,233.7,12,27.2,-0.652,-0.106,-0.0000,50.1
11.815,3.51,0.11,-9.49,3.47,-0.01,0.00,312.2,241.7,116.8,233.6,314.7,272.6,0,314.7,272.6,116.8,233.7,12,31.0,-0.652,-0.106,-0.0000,50.1
11.865,3.51,0.11,-9.49,3.48,-0.01,0.00,312.3,241.0,116.8,233.6,314.7,272.6,0,314.7,272.6,116.8,233.7,12,31.7,-0.652,-0.106,-0.0000,50.1
11.915,3.46,0.12,-9.49,3.49,-0.01,0.00,312.3,237.0,116.8,233.6,314.7,272.6,0,314.7,272.6,116.8,233.7,12,35.7,-0.652,-0.106,-0.0000,50.1
11.966,3.46,0.12,-9.49,3.51,-0.01,0.00,312.4,236.2,116.8,233.6,314.7,272.6,0,314.7,272.6,116.8,233.7,12,36.5,-0.652,-0.106,-0.0000,50.1
12.016,3.40,0.13,-9.49,3.52,-0.01,0.00,312.5,232.1,116.8,233.6,312.5,235.7,1,312.5,235.7,116.8,233.6,13,3.6,0.086,-0.151,-0.0000,50.1
12.066,3.40,0.13,-9.49,3.53,-0.01,0.00,312.6,231.4,116.8,233.6,312.5,235.7,0,314.7,272.6,116.8,233.7,12,41.3,-0.652,-0.106,-0.0000,50.1
12.116,3.34,0.13,-9.49,3.54,-0.01,0.00,312.9,227.2,116.8,233.6,312.5,235.7,0,314.7,272.6,116.8,233.7,12,45.4,-0.652,-0.106,-0.0000,50.1
12.166,3.34,0.13,-9.49,3.56,-0.01,0.00,313.0,226.5,116.8,233.6,312.5,235.7,0,314.7,272.6,116.8,233.7,12,46.2,-0.652,-0.106,-0.0000,50.1
12.216,3.28,0.14,-9.49,3.57,-0.01,0.00,313.3,222.3,116.8,233.6,312.5,235.7,0,314.7,272.6,116.8,233.7,12,50.4,-0.652,-0.106,-0.0000,50.1
12.266,3.28,0.14,-9.49,3.58,-0.01,0.00,313.4,221.5,116.8,233.6,312.5,235.7,0,314.7,272.6,116.8,233.7,12,51.1,-0.652,-0.106,-0.0000,50.1
12.316,3.22,0.14,-9.49,3.59,-0.01,0.00,313.9,217.3,116.8,233.6,312.5,235.7,0,314.7,272.6,116.8,233.7,12,55.4,-0.652,-0.106,-0.0000,50.1
12.366,3.22,0.14,-9.49,3.61,-0.01,0.00,314.0,216.5,116.8,233.6,312.5,235.7,0,314.7,272.6,116.8,233.7,12,56.1,-0.652,-0.106,-0.0000,50.1
12.416,3.16,0.14,-9.49,3.62,-0.01,0.00,314.5,212.2,116.8,233.6,312.5,235.7,0,314.7,272.6,116.8,233.7,12,60.4,-0.652,-0.106,-0.0000,50.1
12.466,3.16,0.14,-9.49,3.63,-0.01,0.00,314.6,211.5,116.8,233.6,312.5,235.7,0,314.7,272.6,116.8,233.7,12,61.1,-0.652,-0.106,-0.0000,50.1
12.516,3.09,0.14,-9.49,3.64,-0.01,0.00,315.1,207.1,116.8,233.6,312.5,235.7,0,314.7,272.6,116.8,233.7,12,65.5,-0.652,-0.106,-0.0000,50.1
12.566,3.09,0.14,-9.49,3.66,-0.01,0.00,315.2,206.4,116.8,233.6,312.5,235.7,0,312.5,235.7,116.8,233.6,13,29.4,0.086,-0.151,-0.0000,50.1
12.616,3.03,0.14,-9.49,3.67,-0.01,0.00,315.8,202.0,116.8,233.6,312.5,235.7,0,312.5,235.7,116.8,233.6,13,33.9,0.086,-0.151,-0.0000,50.1
12.666,3.03,0.14,-9.49,3.68,-0.01,0.00,315.9,201.3,116.8,233.6,312.5,235.7,0,312.5,235.7,116.8,233.6,13,34.6,0.086,-0.151,-0.0000,50.1
12.716,2.97,0.13,-9.49,3.69,-0.01,0.00,316.6,196.8,116.8,233.6,312.5,235.7,0,312.5,235.7,116.8,233.6,13,39.1,0.086,-0.151,-0.0000,50.1
12.766,2.97,0.13,-9.49,3.71,-0.01,0.00,316.7,196.1,116.8,233.6,312.5,235.7,0,312.5,235.7,116.8,233.6,13,39.8,0.086,-0.151,-0.0000,50.1
12.817,2.90,0.13,-9.49,3.72,-0.01,0.00,317.3,191.8,116.8,233.6,312.5,235.7,0,312.5,235.7,116.8,233.6,13,44.2,0.086,-0.151,-0.0000,50.1
12.867,2.90,0.13,-9.49,3.73,-0.01,0.00,317.4,191.0,116.8,233.6,312.5,235.7,0,312.5,235.7,116.8,233.6,13,45.0,0.086,-0.151,-0.0000,50.3
12.917,2.85,0.13,-9.49,3.74,-0.01,0.00,318.1,187.0,116.8,233.6,312.5,235.7,0,312.5,235.7,116.8,233.6,13,49.0,0.086,-0.151,-0.0000,50.5
12.967,2.85,0.13,-9.49,3.76,-0.01,0.00,318.2,186.3,116.8,233.6,312.5,235.7,0,312.5,235.7,116.8,233.6,13,49.8,0.086,-0.151,-0.0000,50.1
13.017,2.80,0.12,-9.49,3.77,-0.01,0.00,318.9,182.8,116.8,233.6,318.2,185.8,1,318.2,185.8,116.8,233.6,14,3.1,1.084,-0.035,-0.0000,50.1
13.068,2.80,0.12,-9.49,3.78,-0.01,0.00,319.0,182.1,116.8,233.6,318.2,185.8,0,312.5,235.7,116.8,233.6,13,54.0,0.086,-0.151,-0.0000,50.1
13.118,2.76,0.12,-9.49,3.79,-0.01,0.00,319.8,179.2,116.8,233.6,318.2,185.8,0,312.5,235.7,116.8,233.6,13,57.0,0.086,-0.151,-0.0000,50.1
13.168,2.76,0.12,-9.49,3.81,-0.01,0.00,319.9,178.4,116.8,233.6,318.2,185.8,0,312.5,235.7,116.8,233.6,13,57.8,0.086,-0.151,-0.0000,50.1
13.218,2.73,0.11,-9.49,3.82,-0.01,0.00,320.8,176.1,116.8,233.6,318.2,185.8,0,312.5,235.7,116.8,233.6,13,60.2,0.086,-0.151,-0.0000,50.1
13.268,2.73,0.11,-9.49,3.83,-0.01,0.00,320.8,175.4,116.8,233.6,318.2,185.8,0,312.5,235.7,116.8,233.6,13,60.9,0.086,-0.151,-0.0000,50.1
13.318,2.71,0.10,-9.49,3.84,-0.01,0.00,321.7,173.5,116.8,233.6,318.2,185.8,0,312.5,235.7,116.8,233.6,13,62.9,0.086,-0.151,-0.0000,50.1
13.368,2.71,0.10,-9.49,3.86,-0.01,0.00,321.8,172.8,116.8,233.6,318.2,185.8,0,312.5,235.7,116.8,233.6,13,63.6,0.086,-0.151,-0.0000,50.1
13.418,2.70,0.08,-9.49,3.87,-0.01,0.00,322.7,171.3,116.8,233.6,318.2,185.8,0,312.5,235.7,116.8,233.6,13,65.2,0.086,-0.151,-0.0000,50.1
13.468,2.70,0.08,-9.49,3.88,-0.01,0.00,322.8,170.6,116.8,233.6,318.2,185.8,0,312.5,235.7,116.8,233.6,13,65.9,0.086,-0.151,-0.0000,50.1
13.518,2.69,0.07,-9.49,3.89,-0.01,0.00,323.7,169.4,116.8,233.6,318.2,185.8,0,312.5,235.7,116.8,233.6,13,67.3,0.086,-0.151,-0.0000,50.1
13.568,2.69,0.07,-9.49,3.91,-0.01,0.00,323.8,168.7,116.8,233.6,318.2,185.8,0,318.2,185.8,116.8,233.6,14,18.0,1.084,-0.035,-0.0000,50.1
13.618,2.68,0.06,-9.49,3.92,-0.01,0.00,324.8,167.7,116.8,233.6,318.2,185.8,0,318.2,185.8,116.8,233.6,14,19.3,1.084,-0.035,-0.0000,50.0
13.668,2.68,0.06,-9.49,3.93,-0.01,0.00,324.9,167.0,116.8,233.6,318.2,185.8,0,318.2,185.8,116.8,233.6,14,20.0,1.084,-0.035,-0.0000,50.1
13.718,2.68,0.04,-9.49,3.94,-0.01,0.00,325.8,166.1,116.8,233.6,318.2,185.8,0,318.2,185.8,116.8,233.6,14,21.1,1.084,-0.035,-0.0000,50.1
13.768,2.68,0.04,-9.49,3.96,-0.01,0.00,325.9,165.4,116.8,233.6,318.2,185.8,0,318.2,185.8,116.8,233.6,14,21.8,1.084,-0.035,-0.0000,50.1
13.818,2.68,0.03,-9.49,3.97,-0.01,0.00,326.9,164.8,116.8,233.6,318.2,185.8,0,318.2,185.8,116.8,233.6,14,22.7,1.084,-0.035,-0.0000,50.1
13.868,2.68,0.03,-9.49,3.98,-0.01,0.00,327.0,164.1,116.8,233.6,318.2,185.8,0,318.2,185.8,116.8,233.6,14,23.4,1.084,-0.035,-0.0000,50.1
13.919,2.68,0.01,-9.49,3.99,-0.01,0.00,327.9,164.0,116.8,233.6,318.2,185.8,0,318.2,185.8,116.8,233.6,14,23.9,1.084,-0.035,-0.0000,50.1
13.969,2.68,0.01,-9.49,4.01,-0.01,0.00,328.0,163.2,116.8,233.6,318.2,185.8,0,318.2,185.8,116.8,233.6,14,24.6,1.084,-0.035,-0.0000,50.1
14.019,2.71,-0.00,-9.49,4.02,-0.01,0.00,328.9,163.9,116.8,233.6,328.1,162.8,1,328.1,162.8,116.8,233.6,15,1.4,1.545,0.161,0.0000,50.1
14.069,2.71,-0.00,-9.49,4.03,-0.01,0.00,329.0,163.1,116.8,233.6,328.1,162.8,0,318.2,185.8,116.8,233.6,14,25.1,1.084,-0.035,-0.0000,50.1
14.119,2.74,-0.02,-9.49,4.04,-0.01,0.00,329.7,164.7,116.8,233.6,328.1,162.8,0,318.2,185.8,116.8,233.6,14,24.1,1.084,-0.035,-0.0000,50.1
14.169,2.74,-0.02,-9.49,4.06,-0.01,0.00,329.8,163.9,116.8,233.6,328.1,162.8,0,318.2,185.8,116.8,233.6,14,24.7,1.084,-0.035,-0.0000,50.1
14.219,2.79,-0.04,-9.49,4.07,-0.01,0.00,330.5,166.3,116.8,233.6,328.1,162.8,0,318.2,185.8,116.8,233.6,14,23.1,1.084,-0.035,-0.0000,50.1
14.269,2.79,-0.04,-9.49,4.08,-0.01,0.00,330.6,165.5,116.8,233.6,328.1,162.8,0,318.2,185.8,116.8,233.6,14,23.7,1.084,-0.035,-0.0000,50.1
14.319,2.86,-0.05,-9.49,4.09,-0.01,0.00,331.2,168.6,116.8,233.6,328.1,162.8,0,318.2,185.8,116.8,233.6,14,21.5,1.084,-0.035,-0.0000,50.1
14.369,2.86,-0.05,-9.49,4.11,-0.01,0.00,331.3,167.9,116.8,233.6,328.1,162.8,0,318.2,185.8,116.8,233.6,14,22.1,1.084,-0.035,-0.0000,50.0
14.419,2.93,-0.07,-9.49,4.12,-0.01,0.00,331.8,171.5,116.8,233.6,328.1,162.8,0,318.2,185.8,116.8,233.6,14,19.7,1.084,-0.035,-0.0000,50.1
14.469,2.93,-0.07,-9.49,4.13,-0.01,0.00,331.9,170.8,116.8,233.6,328.1,162.8,0,318.2,185.8,116.8,233.6,14,20.3,1.084,-0.035,-0.0000,50.1
14.519,3.01,-0.09,-9.49,4.14,-0.01,0.00,332.4,174.9,116.8,233.6,328.1,162.8,0,318.2,185.8,116.8,233.6,14,17.9,1.084,-0.035,-0.0000,50.1
14.569,3.01,-0.09,-9.49,4.16,-0.01,0.00,332.5,174.1,116.8,233.6,328.1,162.8,0,328.1,162.8,116.8,233.6,15,12.2,1.545,0.161,0.0000,50.1
14.619,3.10,-0.10,-9.49,4.17,-0.01,0.00,332.9,178.5,116.8,233.6,328.1,162.8,0,328.1,162.8,116.8,233.6,15,16.5,1.545,0.161,0.0000,50.1
14.669,3.10,-0.10,-9.49,4.18,-0.01,0.00,333.0,177.8,116.8,233.6,328.1,162.8,0,328.1,162.8,116.8,233.6,15,15.9,1.545,0.161,0.0000,50.1
14.720,3.19,-0.12,-9.49,4.19,-0.01,0.00,333.5,182.5,116.8,233.6,328.1,162.8,0,328.1,162.8,116.8,233.6,15,20.4,1.545,0.161,0.0000,50.1
14.770,3.19,-0.12,-9.49,4.21,-0.01,0.00,333.6,181.7,116.8,233.6,328.1,162.8,0,328.1,162.8,116.8,233.6,15,19.8,1.545,0.161,0.0000,50.1
14.820,3.28,-0.14,-9.49,4.22,-0.01,0.00,334.0,186.7,116.8,233.6,328.1,162.8,0,328.1,162.8,116.8,233.6,15,24.7,1.545,0.161,0.0000,50.1
14.870,3.28,-0.14,-9.49,4.23,-0.01,0.00,334.1,186.0,116.8,233.6,328.1,162.8,0,328.1,162.8,116.8,233.6,15,24.0,1.545,0.161,0.0000,50.1
14.920,3.39,-0.15,-9.49,4.24,-0.01,0.00,334.3,191.4,116.8,233.6,328.1,162.8,0,328.1,162.8,116.8,233.6,15,29.3,1.545,0.161,0.0000,50.1
14.970,3.39,-0.15,-9.49,4.26,-0.01,0.00,334.4,190.7,116.8,233.6,328.1,162.8,0,328.1,162.8,116.8,233.6,15,28.6,1.545,0.161,0.0000,50.1
15.020,3.50,-0.17,-9.49,4.27,-0.01,0.00,334.4,196.6,116.8,233.6,334.5,190.2,1,334.5,190.2,116.8,233.6,16,6.4,0.995,0.289,0.0000,50.1
15.070,3.50,-0.17,-9.49,4.28,-0.01,0.00,334.5,195.9,116.8,233.6,334.5,190.2,0,328.1,162.8,116.8,233.6,15,33.8,1.545,0.161,0.0000,50.1
15.120,3.62,-0.18,-9.49,4.29,-0.01,0.00,334.4,202.3,116.8,233.6,334.5,190.2,0,328.1,162.8,116.8,233.6,15,40.0,1.545,0.161,0.0000,50.1
15.170,3.62,-0.18,-9.49,4.31,-0.01,0.00,334.5,201.5,116.8,233.6,334.5,190.2,0,328.1,162.8,116.8,233.6,15,39.3,1.545,0.161,0.0000,50.1
15.220,3.75,-0.19,-9.49,4.32,-0.01,0.00,334.2,208.3,116.8,233.6,334.5,190.2,0,328.1,162.8,116.8,233.6,15,46.0,1.545,0.161,0.0000,50.1
15.270,3.75,-0.19,-9.49,4.33,-0.01,0.00,334.3,207.6,116.8,233.6,334.5,190.2,0,328.1,162.8,116.8,233.6,15,45.3,1.545,0.161,0.0000,50.1
15.320,3.88,-0.20,-9.49,4.34,-0.01,0.00,333.8,214.7,116.8,233.6,334.5,190.2,0,328.1,162.8,116.8,233.6,15,52.2,1.545,0.161,0.0000,50.1
15.370,3.88,-0.20,-9.49,4.36,-0.01,0.00,333.9,213.9,116.8,233.6,334.5,190.2,0,328.1,162.8,116.8,233.6,15,51.5,1.545,0.161,0.0000,50.1
15.420,4.02,-0.20,-9.49,4.37,-0.01,0.00,333.4,221.2,116.8,233.6,334.5,190.2,0,328.1,162.8,116.8,233.6,15,58.7,1.545,0.161,0.0000,50.1
15.470,4.02,-0.20,-9.49,4.38,-0.01,0.00,333.5,220.5,116.8,233.6,334.5,190.2,0,328.1,162.8,116.8,233.6,15,58.0,1.545,0.161,0.0000,50.1
15.520,4.16,-0.21,-9.49,4.39,-0.01,0.00,332.9,228.0,116.8,233.6,334.5,190.2,0,328.1,162.8,116.8,233.6,15,65.4,1.545,0.161,0.0000,50.1
15.571,4.16,-0.21,-9.49,4.41,-0.01,0.00,333.0,227.3,116.8,233.6,334.5,190.2,0,334.5,190.2,116.8,233.6,16,37.1,0.995,0.289,0.0000,50.1
15.621,4.31,-0.21,-9.49,4.42,-0.01,0.00,332.3,235.0,116.8,233.6,334.5,190.2,0,334.5,190.2,116.8,233.6,16,44.8,0.995,0.289,0.0000,50.1
15.671,4.31,-0.21,-9.49,4.43,-0.01,0.00,332.4,234.3,116.8,233.6,334.5,190.2,0,334.5,190.2,116.8,233.6,16,44.1,0.995,0.289,0.0000,50.1
15.721,4.45,-0.22,-9.49,4.44,-0.01,0.00,331.7,242.0,116.8,233.6,334.5,190.2,0,334.5,190.2,116.8,233.6,16,51.9,0.995,0.289,0.0000,50.1
15.771,4.45,-0.22,-9.49,4.46,-0.01,0.00,331.8,241.3,116.8,233.6,334.5,190.2,0,334.5,190.2,116.8,233.6,16,51.1,0.995,0.289,0.0000,50.3
15.821,4.60,-0.22,-9.49,4.47,-0.01,0.00,331.0,249.1,116.8,233.6,334.5,190.2,0,334.5,190.2,116.8,233.6,16,59.0,0.995,0.289,0.0000,50.1
15.871,4.60,-0.22,-9.49,4.48,-0.01,0.00,331.1,248.4,116.8,233.6,334.5,190.2,0,334.5,190.2,116.8,233.6,16,58.2,0.995,0.289,0.0000,50.1
15.921,4.74,-0.22,-9.49,4.49,-0.01,0.00,330.2,255.9,116.8,233.6,334.5,190.2,0,334.5,190.2,116.8,233.6,16,65.9,0.995,0.289,0.0000,50.1
15.971,4.74,-0.22,-9.49,4.51,-0.01,0.00,330.3,255.2,116.8,233.6,334.5,190.2,0,334.5,190.2,116.8,233.6,16,65.1,0.995,0.289,0.0000,50.1
16.021,4.88,-0.22,-9.49,4.52,-0.01,0.00,329.3,262.4,116.8,233.6,330.4,254.8,1,330.4,254.8,116.8,233.6,17,7.7,-0.296,0.208,0.0000,50.1
16.071,4.88,-0.22,-9.49,4.53,-0.01,0.00,329.4,261.7,116.8,233.6,330.4,254.8,0,334.5,190.2,116.8,233.6,16,71.7,0.995,0.289,0.0000,50.1
16.121,5.01,-0.21,-9.49,4.54,-0.01,0.00,328.3,268.6,116.8,233.7,330.4,254.8,0,334.5,190.2,116.8,233.6,16,78.6,0.995,0.289,0.0000,50.1
16.172,5.01,-0.21,-9.49,4.56,-0.01,0.00,328.4,267.8,116.8,233.7,330.4,254.8,0,334.5,190.2,116.8,233.6,16,77.8,0.995,0.289,0.0000,50.1
16.222,5.14,-0.21,-9.49,4.57,-0.01,0.00,327.1,274.3,116.8,233.7,330.4,254.8,0,334.5,190.2,116.8,233.6,16,84.4,0.995,0.289,0.0000,50.1
16.272,5.14,-0.21,-9.49,4.58,-0.01,0.00,327.2,273.5,116.8,233.7,330.4,254.8,0,334.5,190.2,116.8,233.6,16,83.6,0.995,0.289,0.0000,50.1
16.322,5.26,-0.20,-9.49,4.59,-0.01,0.00,325.9,279.6,116.8,233.7,330.4,254.8,0,334.5,190.2,116.8,233.6,16,89.8,0.995,0.289,0.0000,50.1
16.372,5.26,-0.20,-9.49,4.61,-0.01,0.00,325.9,278.9,116.8,233.7,330.4,254.8,0,334.5,190.2,116.8,233.6,16,89.1,0.995,0.289,0.0000,50.1
16.422,5.37,-0.18,-9.49,4.62,-0.01,0.00,324.5,284.8,116.8,233.7,330.4,254.8,0,334.5,190.2,116.8,233.6,16,95.1,0.995,0.289,0.0000,50.1
16.472,5.37,-0.18,-9.49,4.63,-0.01,0.00,324.6,284.1,116.8,233.7,330.4,254.8,0,334.5,190.2,116.8,233.6,16,94.3,0.995,0.289,0.0000,50.1
16.522,5.48,-0.17,-9.49,4.64,-0.01,0.00,323.2,289.8,116.8,233.7,330.4,254.8,0,334.5,190.2,116.8,233.6,16,100.2,0.995,0.289,0.0000,50.1
16.572,5.48,-0.17,-9.49,4.66,-0.01,0.00,323.2,289.0,116.8,233.7,330.4,254.8,0,330.4,254.8,116.8,233.6,17,35.0,-0.296,0.208,0.0000,50.1
16.622,5.59,-0.16,-9.49,4.67,-0.01,0.00,321.8,294.6,116.8,233.7,330.4,254.8,0,330.4,254.8,116.8,233.6,17,40.8,-0.296,0.208,0.0000,50.1
16.672,5.59,-0.16,-9.49,4.68,-0.01,0.00,321.8,293.9,116.8,233.7,330.4,254.8,0,330.4,254.8,116.8,233.6,17,40.1,-0.296,0.208,0.0000,50.1
16.722,5.70,-0.14,-9.49,4.69,-0.01,0.00,320.3,299.4,116.8,233.7,330.4,254.8,0,330.4,254.8,116.8,233.6,17,45.8,-0.296,0.208,0.0000,50.1
16.772,5.70,-0.14,-9.49,4.71,-0.01,0.00,320.4,298.7,116.8,233.7,330.4,254.8,0,330.4,254.8,116.8,233.6,17,45.0,-0.296,0.208,0.0000,50.1
16.822,5.81,-0.13,-9.49,4.72,-0.01,0.00,318.9,304.0,116.8,233.7,330.4,254.8,0,330.4,254.8,116.8,233.6,17,50.6,-0.296,0.208,0.0000,50.1
16.872,5.81,-0.13,-9.49,4.73,-0.01,0.00,319.0,303.3,116.8,233.7,330.4,254.8,0,330.4,254.8,116.8,233.6,17,49.9,-0.296,0.208,0.0000,50.1
16.922,5.91,-0.11,-9.49,4.74,-0.01,0.00,317.5,308.2,116.8,233.7,330.4,254.8,0,330.4,254.8,116.8,233.6,17,55.0,-0.296,0.208,0.0000,50.1
16.972,5.91,-0.11,-9.49,4.76,-0.01,0.00,317.6,307.5,116.8,233.7,330.4,254.8,0,330.4,254.8,116.8,233.6,17,54.3,-0.296,0.208,0.0000,50.1
17.023,6.00,-0.10,-9.49,4.77,-0.01,0.00,316.1,311.7,116.8,233.7,317.7,307.1,1,317.7,307.1,116.8,233.7,18,4.9,-1.342,-0.047,-0.0000,50.1
17.073,6.00,-0.10,-9.49,4.78,-0.01,0.00,316.2,311.0,116.8,233.7,317.7,307.1,0,330.4,254.8,116.8,233.6,17,58.0,-0.296,0.208,0.0000,50.1
17.123,6.07,-0.08,-9.49,4.79,-0.01,0.00,314.8,314.2,116.9,233.7,317.7,307.1,0,330.4,254.8,116.8,233.6,17,61.5,-0.296,0.208,0.0000,50.1
17.173,6.07,-0.08,-9.49,4.81,-0.01,0.00,314.9,313.5,116.9,233.7,317.7,307.1,0,330.4,254.8,116.8,233.6,17,60.7,-0.296,0.208,0.0000,50.1
17.223,6.12,-0.06,-9.49,4.82,-0.01,0.00,313.6,315.7,116.9,233.7,317.7,307.1,0,330.4,254.8,116.8,233.6,17,63.2,-0.296,0.208,0.0000,50.1
17.273,6.12,-0.06,-9.49,4.83,-0.01,0.00,313.7,315.0,116.9,233.7,317.7,307.1,0,330.4,254.8,116.8,233.6,17,62.5,-0.296,0.208,0.0000,50.1
17.323,6.15,-0.04,-9.49,4.84,-0.01,0.00,312.4,316.2,116.9,233.7,317.7,307.1,0,330.4,254.8,116.8,233.6,17,64.0,-0.296,0.208,0.0000,50.1
17.373,6.15,-0.04,-9.49,4.86,-0.01,0.00,312.5,315.4,116.9,233.7,317.7,307.1,0,330.4,254.8,116.8,233.6,17,63.2,-0.296,0.208,0.0000,50.1
17.423,6.18,-0.02,-9.49,4.87,-0.01,0.00,311.2,315.8,116.8,233.7,317.7,307.1,0,330.4,254.8,116.8,233.6,17,64.0,-0.296,0.208,0.0000,50.1
17.473,6.18,-0.02,-9.49,4.88,-0.01,0.00,311.3,315.1,116.8,233.7,317.7,307.1,0,330.4,254.8,116.8,233.6,17,63.2,-0.296,0.208,0.0000,50.1
17.523,6.19,-0.00,-9.49,4.89,-0.01,0.00,310.1,314.8,116.8,233.7,317.7,307.1,0,330.4,254.8,116.8,233.6,17,63.4,-0.296,0.208,0.0000,50.1
17.573,6.19,-0.00,-9.49,4.91,-0.01,0.00,310.2,314.1,116.8,233.7,317.7,307.1,0,317.7,307.1,116.8,233.7,18,10.2,-1.342,-0.047,-0.0000,50.0
17.623,6.19,0.02,-9.49,4.92,-0.01,0.00,308.9,313.3,116.8,233.7,317.7,307.1,0,317.7,307.1,116.8,233.7,18,10.7,-1.342,-0.047,-0.0000,50.1
17.673,6.19,0.02,-9.49,4.93,-0.01,0.00,309.0,312.6,116.8,233.7,317.7,307.1,0,317.7,307.1,116.8,233.7,18,10.2,-1.342,-0.047,-0.0000,50.1
17.723,6.19,0.04,-9.49,4.94,-0.01,0.00,307.8,311.5,116.8,233.7,317.7,307.1,0,317.7,307.1,116.8,233.7,18,10.8,-1.342,-0.047,-0.0000,50.1
17.773,6.19,0.04,-9.49,4.96,-0.01,0.00,307.9,310.8,116.8,233.7,317.7,307.1,0,317.7,307.1,116.8,233.7,18,10.4,-1.342,-0.047,-0.0000,50.1
17.823,6.17,0.07,-9.49,4.97,-0.01,0.00,306.7,309.3,116.8,233.7,317.7,307.1,0,317.7,307.1,116.8,233.7,18,11.1,-1.342,-0.047,-0.0000,50.1
17.874,6.17,0.07,-9.49,4.98,-0.01,0.00,306.8,308.6,116.8,233.7,317.7,307.1,0,317.7,307.1,116.8,233.7,18,10.9,-1.342,-0.047,-0.0000,50.1
17.924,6.15,0.09,-9.49,4.99,-0.01,0.00,305.7,306.4,116.8,233.7,317.7,307.1,0,317.7,307.1,116.8,233.7,18,12.0,-1.342,-0.047,-0.0000,50.1
17.974,6.15,0.09,-9.49,5.01,-0.01,0.00,305.8,305.7,116.8,233.7,317.7,307.1,0,317.7,307.1,116.8,233.7,18,11.9,-1.342,-0.047,-0.0000,50.1
18.024,6.12,0.11,-9.49,5.02,-0.01,0.00,304.9,302.8,116.8,233.7,305.8,305.3,1,305.8,305.3,116.8,233.7,19,2.7,-1.306,-0.283,-0.0000,50.1
18.074,6.12,0.11,-9.49,5.03,-0.01,0.00,304.9,302.0,116.8,233.7,305.8,305.3,0,317.7,307.1,116.8,233.7,18,13.7,-1.342,-0.047,-0.0000,50.1
18.124,6.07,0.13,-9.49,5.04,-0.01,0.00,304.3,298.1,116.8,233.7,305.8,305.3,0,317.7,307.1,116.8,233.7,18,16.1,-1.342,-0.047,-0.0000,50.1
18.174,6.07,0.13,-9.49,5.06,-0.01,0.00,304.4,297.4,116.8,233.7,305.8,305.3,0,317.7,307.1,116.8,233.7,18,16.5,-1.342,-0.047,-0.0000,50.1
18.224,6.00,0.15,-9.49,5.07,-0.01,0.00,303.9,292.5,116.8,233.6,305.8,305.3,0,317.7,307.1,116.8,233.7,18,20.0,-1.342,-0.047,-0.0000,50.1
18.274,6.00,0.15,-9.49,5.08,-0.01,0.00,304.0,291.8,116.8,233.6,305.8,305.3,0,317.7,307.1,116.8,233.7,18,20.5,-1.342,-0.047,-0.0000,50.1
18.324,5.91,0.17,-9.49,5.09,-0.01,0.00,303.8,286.2,116.8,233.6,305.8,305.3,0,317.7,307.1,116.8,233.7,18,25.1,-1.342,-0.047,-0.0000,50.1
18.374,5.91,0.17,-9.49,5.11,-0.01,0.00,303.9,285.5,116.8,233.6,305.8,305.3,0,317.7,307.1,116.8,233.7,18,25.6,-1.342,-0.047,-0.0000,50.1
18.424,5.82,0.18,-9.49,5.12,-0.01,0.00,303.8,279.2,116.8,233.6,305.8,305.3,0,317.7,307.1,116.8,233.7,18,31.1,-1.342,-0.047,-0.0000,50.1
18.474,5.82,0.18,-9.49,5.13,-0.01,0.00,303.9,278.5,116.8,233.6,305.8,305.3,0,317.7,307.1,116.8,233.7,18,31.7,-1.342,-0.047,-0.0000,50.1
18.524,5.72,0.19,-9.49,5.15,-0.01,0.00,303.9,271.8,116.8,233.6,305.8,305.3,0,317.7,307.1,116.8,233.7,18,37.9,-1.342,-0.047,-0.0000,50.1
18.574,5.72,0.19,-9.49,5.16,-0.01,0.00,304.0,271.1,116.8,233.6,305.8,305.3,0,305.8,305.3,116.8,233.7,19,34.3,-1.306,-0.283,-0.0000,50.1
18.624,5.61,0.21,-9.49,5.17,-0.01,0.00,304.0,264.0,116.8,233.6,305.8,305.3,0,305.8,305.3,116.8,233.7,19,41.4,-1.306,-0.283,-0.0000,50.1
18.675,5.61,0.21,-9.49,5.18,-0.01,0.00,304.1,263.3,116.8,233.6,305.8,305.3,0,305.8,305.3,116.8,233.7,19,42.1,-1.306,-0.283,-0.0000,50.1
18.725,5.50,0.22,-9.49,5.20,-0.01,0.00,304.3,255.9,116.8,233.6,305.8,305.3,0,305.8,305.3,116.8,233.7,19,49.4,-1.306,-0.283,-0.0000,50.1
18.775,5.50,0.22,-9.49,5.21,-0.01,0.00,304.4,255.2,116.8,233.6,305.8,305.3,0,305.8,305.3,116.8,233.7,19,50.2,-1.306,-0.283,-0.0000,50.1
18.825,5.38,0.23,-9.49,5.22,-0.01,0.00,304.7,247.6,116.8,233.6,305.8,305.3,0,305.8,305.3,116.8,233.7,19,57.7,-1.306,-0.283,-0.0000,50.1
18.875,5.38,0.23,-9.49,5.23,-0.01,0.00,304.7,246.9,116.8,233.6,305.8,305.3,0,305.8,305.3,116.8,233.7,19,58.5,-1.306,-0.283,-0.0000,50.1
18.925,5.26,0.24,-9.49,5.25,-0.01,0.00,305.3,239.1,116.8,233.6,305.8,305.3,0,305.8,305.3,116.8,233.7,19,66.2,-1.306,-0.283,-0.0000,50.1
18.975,5.26,0.24,-9.49,5.26,-0.01,0.00,305.3,238.4,116.8,233.6,305.8,305.3,0,305.8,305.3,116.8,233.7,19,66.9,-1.306,-0.283,-0.0000,50.1
19.025,5.14,0.24,-9.49,5.27,-0.01,0.00,306.1,230.5,116.8,233.6,305.4,238.0,1,305.4,238.0,116.8,233.6,20,7.5,0.040,-0.292,-0.0000,50.1
19.075,5.14,0.24,-9.49,5.28,-0.01,0.00,306.2,229.8,116.8,233.6,305.4,238.0,0,305.8,305.3,116.8,233.7,19,75.5,-1.306,-0.283,-0.0000,50.1
19.125,5.01,0.24,-9.49,5.30,-0.01,0.00,307.1,221.9,116.8,233.6,305.4,238.0,0,305.8,305.3,116.8,233.7,19,83.5,-1.306,-0.283,-0.0000,50.1
19.175,5.01,0.24,-9.49,5.31,-0.01,0.00,307.2,221.1,116.8,233.6,305.4,238.0,0,305.8,305.3,116.8,233.7,19,84.2,-1.306,-0.283,-0.0000,50.1
19.225,4.89,0.24,-9.49,5.32,-0.01,0.00,308.3,213.1,116.8,233.6,305.4,238.0,0,305.8,305.3,116.8,233.7,19,92.2,-1.306,-0.283,-0.0000,50.0
19.275,4.89,0.24,-9.49,5.33,-0.01,0.00,308.4,212.4,116.8,233.6,305.4,238.0,0,305.8,305.3,116.8,233.7,19,92.9,-1.306,-0.283,-0.0000,50.1
19.325,4.76,0.23,-9.49,5.35,-0.01,0.00,309.7,204.3,116.8,233.6,305.4,238.0,0,305.8,305.3,116.8,233.7,19,101.0,-1.306,-0.283,-0.0000,50.1
19.375,4.76,0.23,-9.49,5.36,-0.01,0.00,309.7,203.6,116.8,233.6,305.4,238.0,0,305.8,305.3,116.8,233.7,19,101.8,-1.306,-0.283,-0.0000,50.1
19.425,4.63,0.23,-9.49,5.37,-0.01,0.00,311.1,195.5,116.8,233.6,305.4,238.0,0,305.8,305.3,116.8,233.7,19,109.9,-1.306,-0.283,-0.0000,50.1
19.475,4.63,0.23,-9.49,5.38,-0.01,0.00,311.2,194.8,116.8,233.6,305.4,238.0,0,305.8,305.3,116.8,233.7,19,110.7,-1.306,-0.283,-0.0000,50.1
19.526,4.50,0.22,-9.49,5.40,-0.01,0.00,312.7,186.6,116.8,233.6,305.4,238.0,0,305.8,305.3,116.8,233.7,19,118.9,-1.306,-0.283,-0.0000,50.1
19.576,4.50,0.22,-9.49,5.41,-0.01,0.00,312.7,185.9,116.8,233.6,305.4,238.0,0,305.4,238.0,116.8,233.6,20,52.6,0.040,-0.292,-0.0000,50.1
19.626,4.37,0.21,-9.49,5.42,-0.01,0.00,314.3,177.7,116.8,233.6,305.4,238.0,0,305.4,238.0,116.8,233.6,20,61.0,0.040,-0.292,-0.0000,50.1
19.676,4.37,0.21,-9.49,5.43,-0.01,0.00,314.4,177.0,116.8,233.6,305.4,238.0,0,305.4,238.0,116.8,233.6,20,61.7,0.040,-0.292,-0.0000,50.1
19.726,4.24,0.20,-9.49,5.45,-0.01,0.00,315.9,168.7,116.8,233.6,305.4,238.0,0,305.4,238.0,116.8,233.6,20,70.1,0.040,-0.292,-0.0000,50.1
19.776,4.24,0.20,-9.49,5.46,-0.01,0.00,316.0,168.0,116.8,233.6,305.4,238.0,0,305.4,238.0,116.8,233.6,20,70.8,0.040,-0.292,-0.0000,50.1
19.826,4.11,0.19,-9.49,5.47,-0.01,0.00,317.6,159.8,116.8,233.6,305.4,238.0,0,305.4,238.0,116.8,233.6,20,79.1,0.040,-0.292,-0.0000,50.1
19.876,4.11,0.19,-9.49,5.48,-0.01,0.00,317.6,159.1,116.8,233.6,305.4,238.0,0,305.4,238.0,116.8,233.6,20,79.9,0.040,-0.292,-0.0000,50.1
19.926,3.99,0.18,-9.49,5.50,-0.01,0.00,319.2,151.2,116.8,233.6,305.4,238.0,0,305.4,238.0,116.8,233.6,20,87.9,0.040,-0.292,-0.0000,50.1
19.976,3.99,0.18,-9.49,5.51,-0.01,0.00,319.3,150.5,116.8,233.6,305.4,238.0,0,305.4,238.0,116.8,233.6,20,88.6,0.040,-0.292,-0.0000,50.1
20.026,3.87,0.16,-9.49,5.52,-0.01,0.00,320.9,143.1,116.8,233.6,319.3,150.1,1,319.3,150.1,116.8,233.6,21,7.1,1.798,-0.013,-0.0000,50.0
20.076,3.87,0.16,-9.49,5.53,-0.01,0.00,321.0,142.4,116.8,233.6,319.3,150.1,0,305.4,238.0,116.8,233.6,20,96.9,0.040,-0.292,-0.0000,50.1
20.126,3.77,0.15,-9.49,5.55,-0.01,0.00,322.6,135.9,116.8,233.7,319.3,150.1,0,305.4,238.0,116.8,233.6,20,103.5,0.040,-0.292,-0.0000,50.1
20.176,3.77,0.15,-9.49,5.56,-0.01,0.00,322.7,135.2,116.8,233.7,319.3,150.1,0,305.4,238.0,116.8,233.6,20,104.2,0.040,-0.292,-0.0000,50.1
20.226,3.69,0.13,-9.49,5.57,-0.01,0.00,324.4,129.8,116.8,233.7,319.3,150.1,0,305.4,238.0,116.8,233.6,20,109.9,0.040,-0.292,-0.0000,50.1
20.276,3.69,0.13,-9.49,5.58,-0.01,0.00,324.5,129.1,116.8,233.7,319.3,150.1,0,305.4,238.0,116.8,233.6,20,110.6,0.040,-0.292,-0.0000,50.1
20.327,3.62,0.11,-9.49,5.60,-0.01,0.00,326.2,124.7,116.8,233.7,319.3,150.1,0,305.4,238.0,116.8,233.6,20,115.2,0.040,-0.292,-0.0000,50.1
20.377,3.62,0.11,-9.49,5.61,-0.01,0.00,326.3,124.0,116.8,233.7,319.3,150.1,0,305.4,238.0,116.8,233.6,20,115.9,0.040,-0.292,-0.0000,50.1
20.427,3.57,0.09,-9.49,5.62,-0.01,0.00,328.1,120.5,116.8,233.7,319.3,150.1,0,305.4,238.0,116.8,233.6,20,119.7,0.040,-0.292,-0.0000,50.1
20.477,3.57,0.09,-9.49,5.63,-0.01,0.00,328.2,119.8,116.8,233.7,319.3,150.1,0,305.4,238.0,116.8,233.6,20,120.4,0.040,-0.292,-0.0000,50.1
20.527,3.53,0.06,-9.49,5.65,-0.01,0.00,330.0,116.9,116.8,233.7,319.3,150.1,0,305.4,238.0,116.8,233.6,20,123.5,0.040,-0.292,-0.0000,50.1
20.577,3.53,0.06,-9.49,5.66,-0.01,0.00,330.1,116.5,116.8,233.0,319.3,150.1,0,319.3,150.1,116.8,233.6,21,35.2,1.798,-0.013,-0.0000,50.1
20.627,3.50,0.04,-9.49,5.67,-0.01,0.00,331.9,115.3,116.8,230.7,319.3,150.1,0,319.3,150.1,116.8,233.6,21,36.9,1.798,-0.013,-0.0000,50.1
20.677,3.50,0.04,-9.49,5.68,-0.01,0.00,332.0,115.0,116.8,230.0,319.3,150.1,0,319.3,150.1,116.8,233.6,21,37.3,1.798,-0.013,-0.0000,50.1
20.727,3.48,0.01,-9.49,5.70,-0.01,0.00,333.8,114.0,116.8,228.0,319.3,150.1,0,319.3,150.1,116.8,233.6,21,38.9,1.798,-0.013,-0.0000,50.1
20.777,3.48,0.01,-9.49,5.71,-0.01,0.00,333.8,113.6,116.8,227.3,319.3,150.1,0,319.3,150.1,116.8,233.6,21,39.2,1.798,-0.013,-0.0000,50.1
20.827,3.46,-0.02,-9.49,5.72,-0.01,0.00,335.7,112.8,116.8,225.7,319.3,150.1,0,319.3,150.1,116.8,233.6,21,40.7,1.798,-0.013,-0.0000,50.1
20.877,3.46,-0.02,-9.49,5.73,-0.01,0.00,335.7,112.5,116.8,225.0,319.3,150.1,0,319.3,150.1,116.8,233.6,21,41.0,1.798,-0.013,-0.0000,50.1
20.927,3.45,-0.04,-9.49,5.75,-0.01,0.00,337.5,112.0,116.8,224.0,319.3,150.1,0,319.3,150.1,116.8,233.6,21,42.2,1.798,-0.013,-0.0000,50.1
20.977,3.45,-0.04,-9.49,5.76,-0.01,0.00,337.6,111.6,116.8,223.3,319.3,150.1,0,319.3,150.1,116.8,233.6,21,42.6,1.798,-0.013,-0.0000,50.1
21.027,3.46,-0.07,-9.49,5.77,-0.01,0.00,339.4,111.6,116.8,223.2,337.7,111.5,1,337.7,111.5,116.8,222.9,22,1.8,2.571,0.353,0.0000,50.1
21.078,3.46,-0.07,-9.49,5.78,-0.01,0.00,339.5,111.3,116.8,222.5,337.7,111.5,0,319.3,150.1,116.8,233.6,21,43.8,1.798,-0.013,-0.0000,50.1
21.128,3.49,-0.10,-9.49,5.80,-0.01,0.00,341.1,111.8,116.9,223.7,337.7,111.5,0,319.3,150.1,116.8,233.6,21,44.0,1.798,-0.013,-0.0000,50.1
21.178,3.49,-0.10,-9.49,5.81,-0.01,0.00,341.2,111.5,116.9,222.9,337.7,111.5,0,319.3,150.1,116.8,233.6,21,44.4,1.798,-0.013,-0.0000,50.1
21.228,3.54,-0.12,-9.49,5.82,-0.01,0.00,342.4,112.7,116.9,225.4,337.7,111.5,0,319.3,150.1,116.8,233.6,21,43.9,1.798,-0.013,-0.0000,50.1
21.278,3.54,-0.12,-9.49,5.83,-0.01,0.00,342.4,112.3,116.9,224.7,337.7,111.5,0,319.3,150.1,116.8,233.6,21,44.3,1.798,-0.013,-0.0000,50.1
21.328,3.62,-0.14,-9.49,5.85,-0.01,0.00,343.2,114.3,116.9,228.6,337.7,111.5,0,319.3,150.1,116.8,233.6,21,43.0,1.798,-0.013,-0.0000,50.1
21.378,3.62,-0.14,-9.49,5.86,-0.01,0.00,343.3,113.9,116.9,227.9,337.7,111.5,0,319.3,150.1,116.8,233.6,21,43.4,1.798,-0.013,-0.0000,50.1
21.428,3.72,-0.17,-9.49,5.87,-0.01,0.00,343.9,116.5,116.9,233.0,337.7,111.5,0,319.3,150.1,116.8,233.6,21,41.6,1.798,-0.013,-0.0000,50.1
21.478,3.72,-0.17,-9.49,5.88,-0.01,0.00,344.0,116.1,116.9,232.3,337.7,111.5,0,319.3,150.1,116.8,233.6,21,41.9,1.798,-0.013,-0.0000,50.1
21.528,3.83,-0.19,-9.49,5.90,-0.01,0.00,344.5,121.5,116.8,233.7,337.7,111.5,0,319.3,150.1,116.8,233.6,21,38.0,1.798,-0.013,-0.0000,50.1
21.578,3.83,-0.19,-9.49,5.91,-0.01,0.00,344.6,120.8,116.8,233.7,337.7,111.5,0,337.7,111.5,116.8,222.9,22,11.6,2.571,0.353,0.0000,50.1
21.628,3.96,-0.21,-9.49,5.92,-0.01,0.00,345.0,127.7,116.8,233.7,337.7,111.5,0,337.7,111.5,116.8,222.9,22,17.8,2.571,0.353,0.0000,50.1
21.678,3.96,-0.21,-9.49,5.93,-0.01,0.00,345.1,127.0,116.8,233.7,337.7,111.5,0,337.7,111.5,116.8,222.9,22,17.2,2.571,0.353,0.0000,50.1
21.728,4.10,-0.23,-9.49,5.95,-0.01,0.00,345.6,134.4,116.8,233.7,337.7,111.5,0,337.7,111.5,116.8,222.9,22,24.3,2.571,0.353,0.0000,50.1
21.778,4.10,-0.23,-9.49,5.96,-0.01,0.00,345.7,133.7,116.8,233.7,337.7,111.5,0,337.7,111.5,116.8,222.9,22,23.6,2.571,0.353,0.0000,50.1
21.828,4.25,-0.26,-9.49,5.97,-0.01,0.00,346.1,141.8,116.8,233.6,337.7,111.5,0,337.7,111.5,116.8,222.9,22,31.5,2.571,0.353,0.0000,50.1
21.878,4.25,-0.26,-9.49,5.98,-0.01,0.00,346.2,141.0,116.8,233.6,337.7,111.5,0,337.7,111.5,116.8,222.9,22,30.8,2.571,0.353,0.0000,50.1
21.929,4.41,-0.28,-9.49,6.00,-0.01,0.00,346.5,149.8,116.8,233.6,337.7,111.5,0,337.7,111.5,116.8,222.9,22,39.4,2.571,0.353,0.0000,50.4
21.979,4.41,-0.28,-9.49,6.01,-0.01,0.00,346.6,149.1,116.8,233.6,337.7,111.5,0,337.7,111.5,116.8,222.9,22,38.7,2.571,0.353,0.0000,50.1
22.029,4.59,-0.29,-9.49,6.02,-0.01,0.00,346.4,158.7,116.8,233.7,346.6,148.8,1,346.6,148.8,116.8,233.6,23,10.0,1.825,0.533,0.0000,50.1
22.079,4.59,-0.29,-9.49,6.03,-0.01,0.00,346.5,158.0,116.8,233.7,346.6,148.8,0,337.7,111.5,116.8,222.9,22,47.4,2.571,0.353,0.0000,50.1
22.129,4.78,-0.31,-9.49,6.05,-0.01,0.00,345.9,168.5,116.8,233.7,346.6,148.8,0,337.7,111.5,116.8,222.9,22,57.6,2.571,0.353,0.0000,50.1
22.179,4.78,-0.31,-9.49,6.06,-0.01,0.00,346.0,167.7,116.8,233.7,346.6,148.8,0,337.7,111.5,116.8,222.9,22,56.9,2.571,0.353,0.0000,50.1
22.229,4.98,-0.32,-9.49,6.07,-0.01,0.00,345.1,178.9,116.8,233.7,346.6,148.8,0,337.7,111.5,116.8,222.9,22,67.9,2.571,0.353,0.0000,50.1
22.279,4.98,-0.32,-9.49,6.08,-0.01,0.00,345.2,178.2,116.8,233.7,346.6,148.8,0,337.7,111.5,116.8,222.9,22,67.2,2.571,0.353,0.0000,50.1
22.329,5.20,-0.32,-9.49,6.10,-0.01,0.00,344.1,190.1,116.8,233.7,346.6,148.8,0,337.7,111.5,116.8,222.9,22,78.9,2.571,0.353,0.0000,50.1
22.379,5.20,-0.32,-9.49,6.11,-0.01,0.00,344.2,189.4,116.8,233.7,346.6,148.8,0,337.7,111.5,116.8,222.9,22,78.2,2.571,0.353,0.0000,50.1
22.430,5.42,-0.33,-9.49,6.12,-0.01,0.00,342.9,201.6,116.8,233.6,346.6,148.8,0,337.7,111.5,116.8,222.9,22,90.3,2.571,0.353,0.0000,50.1
22.480,5.42,-0.33,-9.49,6.13,-0.01,0.00,343.0,200.9,116.8,233.6,346.6,148.8,0,337.7,111.5,116.8,222.9,22,89.6,2.571,0.353,0.0000,50.1
22.530,5.65,-0.33,-9.49,6.15,-0.01,0.00,341.6,213.6,116.8,233.6,346.6,148.8,0,337.7,111.5,116.8,222.9,22,102.2,2.571,0.353,0.0000,50.1
22.580,5.65,-0.33,-9.49,6.16,-0.01,0.00,341.7,212.8,116.8,233.6,346.6,148.8,0,346.6,148.8,116.8,233.6,23,64.3,1.825,0.533,0.0000,50.1
22.630,5.89,-0.33,-9.49,6.17,-0.01,0.00,340.1,225.8,116.8,233.6,346.6,148.8,0,346.6,148.8,116.8,233.6,23,77.3,1.825,0.533,0.0000,50.1
22.680,5.89,-0.33,-9.49,6.18,-0.01,0.00,340.2,225.1,116.8,233.6,346.6,148.8,0,346.6,148.8,116.8,233.6,23,76.6,1.825,0.533,0.0000,50.1
22.730,6.13,-0.33,-9.49,6.20,-0.01,0.00,338.6,238.2,116.8,233.6,346.6,148.8,0,346.6,148.8,116.8,233.6,23,89.8,1.825,0.533,0.0000,50.1
22.780,6.13,-0.33,-9.49,6.21,-0.01,0.00,338.7,237.5,116.8,233.6,346.6,148.8,0,346.6,148.8,116.8,233.6,23,89.1,1.825,0.533,0.0000,50.1
22.830,6.37,-0.32,-9.49,6.22,-0.01,0.00,337.0,250.8,116.8,233.6,346.6,148.8,0,346.6,148.8,116.8,233.6,23,102.5,1.825,0.533,0.0000,50.1
22.880,6.37,-0.32,-9.49,6.23,-0.01,0.00,337.0,250.1,116.8,233.6,346.6,148.8,0,346.6,148.8,116.8,233.6,23,101.7,1.825,0.533,0.0000,50.1
22.930,6.61,-0.32,-9.49,6.25,-0.01,0.00,335.2,263.2,116.8,233.7,346.6,148.8,0,346.6,148.8,116.8,233.6,23,115.0,1.825,0.533,0.0000,50.1
22.980,6.61,-0.32,-9.49,6.26,-0.01,0.00,335.3,262.5,116.8,233.7,346.6,148.8,0,346.6,148.8,116.8,233.6,23,114.3,1.825,0.533,0.0000,50.1
23.030,6.85,-0.31,-9.49,6.27,-0.01,0.00,333.3,275.3,116.8,233.7,335.3,262.2,1,335.3,262.2,116.8,233.7,24,13.3,-0.443,0.307,0.0000,50.1
23.080,6.85,-0.31,-9.49,6.28,-0.01,0.00,333.4,274.6,116.8,233.7,335.3,262.2,0,346.6,148.8,116.8,233.6,23,126.5,1.825,0.533,0.0000,50.1
23.130,7.07,-0.30,-9.49,6.30,-0.01,0.00,331.2,286.9,116.8,233.7,335.3,262.2,0,346.6,148.8,116.8,233.6,23,139.0,1.825,0.533,0.0000,50.1
23.181,7.07,-0.30,-9.49,6.31,-0.01,0.00,331.3,286.2,116.8,233.7,335.3,262.2,0,346.6,148.8,116.8,233.6,23,138.3,1.825,0.533,0.0000,50.1
23.231,7.29,-0.28,-9.49,6.32,-0.01,0.00,328.9,298.1,116.8,233.7,335.3,262.2,0,346.6,148.8,116.8,233.6,23,150.3,1.825,0.533,0.0000,50.1
23.281,7.29,-0.28,-9.49,6.33,-0.01,0.00,329.0,297.3,116.8,233.7,335.3,262.2,0,346.6,148.8,116.8,233.6,23,149.6,1.825,0.533,0.0000,50.1
23.331,7.50,-0.26,-9.49,6.35,-0.01,0.00,326.4,308.7,116.8,233.7,335.3,262.2,0,346.6,148.8,116.8,233.6,23,161.2,1.825,0.533,0.0000,50.1
23.381,7.50,-0.26,-9.49,6.36,-0.01,0.00,326.5,308.0,116.8,233.7,335.3,262.2,0,346.6,148.8,116.8,233.6,23,160.5,1.825,0.533,0.0000,50.1
23.431,7.71,-0.23,-9.49,6.37,-0.01,0.00,323.8,319.1,116.8,233.7,335.3,262.2,0,346.6,148.8,116.8,233.6,23,171.8,1.825,0.533,0.0000,50.1
23.481,7.71,-0.23,-9.49,6.38,-0.01,0.00,323.9,318.4,116.8,233.7,335.3,262.2,0,346.6,148.8,116.8,233.6,23,171.1,1.825,0.533,0.0000,50.1
23.531,7.91,-0.21,-9.49,6.40,-0.01,0.00,321.1,329.2,116.9,233.7,335.3,262.2,0,346.6,148.8,116.8,233.6,23,182.2,1.825,0.533,0.0000,50.1
23.581,7.91,-0.21,-9.49,6.41,-0.01,0.00,321.2,328.5,116.9,233.7,335.3,262.2,0,335.3,262.2,116.8,233.7,24,67.8,-0.443,0.307,0.0000,50.4
23.632,8.11,-0.18,-9.49,6.42,-0.01,0.00,318.3,339.2,116.9,233.7,335.3,262.2,0,335.3,262.2,116.8,233.7,24,78.9,-0.443,0.307,0.0000,50.3
23.682,8.11,-0.18,-9.49,6.43,-0.01,0.00,318.4,338.5,116.9,233.7,335.3,262.2,0,335.3,262.2,116.8,233.7,24,78.1,-0.443,0.307,0.0000,50.1
23.732,8.31,-0.15,-9.49,6.45,-0.01,0.00,315.5,349.0,116.9,233.7,335.3,262.2,0,335.3,262.2,116.8,233.7,24,89.1,-0.443,0.307,0.0000,50.1
23.782,8.31,-0.15,-9.49,6.46,-0.01,0.00,315.6,348.3,116.9,233.7,335.3,262.2,0,335.3,262.2,116.8,233.7,24,88.4,-0.443,0.307,0.0000,50.1
23.832,8.50,-0.12,-9.49,6.47,-0.01,0.00,312.7,358.7,116.9,233.7,335.3,262.2,0,335.3,262.2,116.8,233.7,24,99.1,-0.443,0.307,0.0000,50.1
23.882,8.50,-0.12,-9.49,6.48,-0.01,0.00,312.8,358.0,116.9,233.7,335.3,262.2,0,335.3,262.2,116.8,233.7,24,98.4,-0.443,0.307,0.0000,50.1
23.932,8.69,-0.09,-9.49,6.50,-0.01,0.00,309.9,365.5,116.9,228.9,335.3,262.2,0,335.3,262.2,116.8,233.7,24,106.5,-0.443,0.307,0.0000,50.1
23.982,8.69,-0.09,-9.49,6.51,-0.01,0.00,310.0,365.2,116.9,229.6,335.3,262.2,0,335.3,262.2,116.8,233.7,24,106.1,-0.443,0.307,0.0000,50.1
24.032,8.87,-0.06,-9.49,6.52,-0.01,0.00,307.2,369.8,116.9,220.3,310.1,365.0,1,310.1,365.0,116.9,229.9,25,5.6,-2.501,-0.199,-0.0000,50.1
24.082,8.87,-0.06,-9.49,6.53,-0.01,0.00,307.3,369.5,116.9,221.1,310.1,365.0,0,335.3,262.2,116.8,233.7,24,110.9,-0.443,0.307,0.0000,50.1
24.132,9.03,-0.03,-9.49,6.55,-0.01,0.00,304.5,373.6,116.9,212.8,310.1,365.0,0,335.3,262.2,116.8,233.7,24,115.6,-0.443,0.307,0.0000,50.1
24.182,9.03,-0.03,-9.49,6.56,-0.01,0.00,304.6,373.2,116.9,213.5,310.1,365.0,0,335.3,262.2,116.8,233.7,24,115.3,-0.443,0.307,0.0000,50.1
24.233,9.16,-0.01,-9.49,6.57,-0.01,0.00,302.0,376.8,116.9,206.5,310.1,365.0,0,335.3,262.2,116.8,233.7,24,119.4,-0.443,0.307,0.0000,50.1
24.283,9.16,-0.01,-9.49,6.58,-0.01,0.00,302.1,376.4,116.9,207.2,310.1,365.0,0,335.3,262.2,116.8,233.7,24,119.0,-0.443,0.307,0.0000,50.1
24.333,9.28,0.01,-9.48,6.60,-0.01,0.00,299.9,379.2,116.9,201.6,310.1,365.0,0,335.3,262.2,116.8,233.7,24,122.3,-0.443,0.307,0.0000,50.1
24.383,9.28,0.01,-9.48,6.61,-0.01,0.00,300.0,378.8,116.9,202.3,310.1,365.0,0,335.3,262.2,116.8,233.7,24,121.9,-0.443,0.307,0.0000,50.1
24.433,9.36,0.04,-9.48,6.62,-0.01,0.00,298.1,380.9,116.9,198.1,310.1,365.0,0,335.3,262.2,116.8,233.7,24,124.5,-0.443,0.307,0.0000,50.1
24.483,9.36,0.04,-9.48,6.63,-0.01,0.00,298.2,380.6,116.9,198.8,310.1,365.0,0,335.3,262.2,116.8,233.7,24,124.1,-0.443,0.307,0.0000,50.1
24.533,9.43,0.06,-9.49,6.65,-0.01,0.00,296.4,382.0,116.9,196.1,310.1,365.0,0,335.3,262.2,116.8,233.7,24,126.0,-0.443,0.307,0.0000,50.1
24.583,9.43,0.06,-9.49,6.66,-0.01,0.00,296.5,381.6,116.9,196.8,310.1,365.0,0,310.1,365.0,116.9,229.9,25,21.4,-2.501,-0.199,-0.0000,50.1
24.633,9.47,0.09,-9.49,6.67,-0.01,0.00,294.7,382.4,116.9,195.2,310.1,365.0,0,310.1,365.0,116.9,229.9,25,23.2,-2.501,-0.199,-0.0000,50.1
24.683,9.47,0.09,-9.49,6.68,-0.01,0.00,294.8,382.0,116.9,195.9,310.1,365.0,0,310.1,365.0,116.9,229.9,25,22.9,-2.501,-0.199,-0.0000,50.1
24.733,9.50,0.12,-9.49,6.70,-0.01,0.00,293.0,382.4,116.9,195.3,310.1,365.0,0,310.1,365.0,116.9,229.9,25,24.3,-2.501,-0.199,-0.0000,50.1
24.783,9.50,0.12,-9.49,6.71,-0.01,0.00,293.1,382.0,116.9,196.0,310.1,365.0,0,310.1,365.0,116.9,229.9,25,24.0,-2.501,-0.199,-0.0000,50.1
24.834,9.51,0.15,-9.49,6.72,-0.01,0.00,291.4,381.9,116.8,196.3,310.1,365.0,0,310.1,365.0,116.9,229.9,25,25.1,-2.501,-0.199,-0.0000,50.3
24.884,9.51,0.15,-9.49,6.73,-0.01,0.00,291.5,381.5,116.8,197.0,310.1,365.0,0,310.1,365.0,116.9,229.9,25,24.8,-2.501,-0.199,-0.0000,50.1
24.934,9.50,0.18,-9.49,6.75,-0.01,0.00,289.8,380.9,116.8,198.3,310.1,365.0,0,310.1,365.0,116.9,229.9,25,25.7,-2.501,-0.199,-0.0000,50.1
24.984,9.50,0.18,-9.49,6.76,-0.01,0.00,289.9,380.5,116.8,199.0,310.1,365.0,0,310.1,365.0,116.9,229.9,25,25.4,-2.501,-0.199,-0.0000,50.1
25.034,9.48,0.20,-9.49,6.77,-0.01,0.00,288.4,379.2,116.8,201.5,289.9,380.4,1,289.9,380.4,116.8,199.3,26,1.9,-2.807,-0.601,-0.0000,50.1
25.084,9.48,0.20,-9.49,6.78,-0.01,0.00,288.5,378.9,116.8,202.3,289.9,380.4,0,310.1,365.0,116.9,229.9,25,25.6,-2.501,-0.199,-0.0000,50.1
25.134,9.42,0.23,-9.49,6.80,-0.01,0.00,287.5,376.9,116.8,206.2,289.9,380.4,0,310.1,365.0,116.9,229.9,25,25.5,-2.501,-0.199,-0.0000,50.1
25.184,9.42,0.23,-9.49,6.81,-0.01,0.00,287.6,376.5,116.8,206.9,289.9,380.4,0,310.1,365.0,116.9,229.9,25,25.3,-2.501,-0.199,-0.0000,50.1
25.234,9.35,0.24,-9.49,6.82,-0.01,0.00,287.0,373.9,116.8,212.3,289.9,380.4,0,310.1,365.0,116.9,229.9,25,24.7,-2.501,-0.199,-0.0000,50.1
25.284,9.35,0.24,-9.49,6.83,-0.01,0.00,287.1,373.5,116.8,213.0,289.9,380.4,0,310.1,365.0,116.9,229.9,25,24.5,-2.501,-0.199,-0.0000,50.1
25.334,9.24,0.26,-9.49,6.85,-0.01,0.00,286.9,370.1,116.8,219.8,289.9,380.4,0,310.1,365.0,116.9,229.9,25,23.7,-2.501,-0.199,-0.0000,50.1
25.384,9.24,0.26,-9.49,6.86,-0.01,0.00,287.0,369.7,116.8,220.5,289.9,380.4,0,310.1,365.0,116.9,229.9,25,23.6,-2.501,-0.199,-0.0000,50.1
25.434,9.12,0.28,-9.49,6.87,-0.01,0.00,287.2,365.6,116.8,228.8,289.9,380.4,0,310.1,365.0,116.9,229.9,25,22.9,-2.501,-0.199,-0.0000,50.1
25.484,9.12,0.28,-9.49,6.89,-0.01,0.00,287.3,365.2,116.8,229.5,289.9,380.4,0,310.1,365.0,116.9,229.9,25,22.8,-2.501,-0.199,-0.0000,50.1
25.534,8.96,0.29,-9.49,6.90,-0.01,0.00,287.8,357.7,116.8,233.7,289.9,380.4,0,310.1,365.0,116.9,229.9,25,23.4,-2.501,-0.199,-0.0000,50.1
25.584,8.96,0.29,-9.49,6.91,-0.01,0.00,287.9,357.0,116.8,233.7,289.9,380.4,0,289.9,380.4,116.8,199.3,26,23.5,-2.807,-0.601,-0.0000,50.1
25.635,8.79,0.30,-9.49,6.92,-0.01,0.00,288.6,346.3,116.8,233.6,289.9,380.4,0,289.9,380.4,116.8,199.3,26,34.1,-2.807,-0.601,-0.0000,50.1
25.685,8.79,0.30,-9.49,6.94,-0.01,0.00,288.7,345.5,116.8,233.6,289.9,380.4,0,289.9,380.4,116.8,199.3,26,34.9,-2.807,-0.601,-0.0000,50.1
25.735,8.61,0.31,-9.49,6.95,-0.01,0.00,289.4,333.9,116.8,233.6,289.9,380.4,0,289.9,380.4,116.8,199.3,26,46.5,-2.807,-0.601,-0.0000,50.1
25.785,8.61,0.31,-9.49,6.96,-0.01,0.00,289.5,333.2,116.8,233.6,289.9,380.4,0,289.9,380.4,116.8,199.3,26,47.2,-2.807,-0.601,-0.0000,50.1
25.835,8.41,0.32,-9.49,6.97,-0.01,0.00,290.4,320.7,116.8,233.6,289.9,380.4,0,289.9,380.4,116.8,199.3,26,59.7,-2.807,-0.601,-0.0000,50.1
25.885,8.41,0.32,-9.49,6.99,-0.01,0.00,290.5,320.0,116.8,233.6,289.9,380.4,0,289.9,380.4,116.8,199.3,26,60.4,-2.807,-0.601,-0.0000,50.1
25.935,8.19,0.33,-9.49,7.00,-0.01,0.00,291.8,306.7,116.8,233.6,289.9,380.4,0,289.9,380.4,116.8,199.3,26,73.6,-2.807,-0.601,-0.0000,50.1
25.985,8.19,0.33,-9.49,7.01,-0.01,0.00,291.9,306.0,116.8,233.6,289.9,380.4,0,289.9,380.4,116.8,199.3,26,74.4,-2.807,-0.601,-0.0000,50.1
26.035,7.96,0.33,-9.49,7.02,-0.01,0.00,293.6,292.1,116.8,233.6,291.9,305.8,1,291.9,305.8,116.8,233.6,27,13.8,-1.315,-0.562,-0.0000,50.1
26.085,7.96,0.33,-9.49,7.04,-0.01,0.00,293.7,291.4,116.8,233.6,291.9,305.8,0,289.9,380.4,116.8,199.3,26,89.1,-2.807,-0.601,-0.0000,50.1
26.135,7.72,0.32,-9.49,7.05,-0.01,0.00,295.8,276.8,116.8,233.6,291.9,305.8,0,289.9,380.4,116.8,199.3,26,103.7,-2.807,-0.601,-0.0000,50.1
26.185,7.72,0.32,-9.49,7.06,-0.01,0.00,295.9,276.1,116.8,233.6,291.9,305.8,0,289.9,380.4,116.8,199.3,26,104.4,-2.807,-0.601,-0.0000,50.0
26.235,7.47,0.31,-9.49,7.07,-0.01,0.00,298.2,261.1,116.8,233.6,291.9,305.8,0,289.9,380.4,116.8,199.3,26,119.6,-2.807,-0.601,-0.0000,50.1
26.285,7.47,0.31,-9.49,7.09,-0.01,0.00,298.3,260.4,116.8,233.6,291.9,305.8,0,289.9,380.4,116.8,199.3,26,120.3,-2.807,-0.601,-0.0000,50.1
26.335,7.22,0.30,-9.49,7.10,-0.01,0.00,300.9,244.9,116.8,233.6,291.9,305.8,0,289.9,380.4,116.8,199.3,26,135.9,-2.807,-0.601,-0.0000,50.1
26.385,7.22,0.30,-9.49,7.11,-0.01,0.00,301.0,244.2,116.8,233.6,291.9,305.8,0,289.9,380.4,116.8,199.3,26,136.6,-2.807,-0.601,-0.0000,50.1
26.435,6.96,0.28,-9.49,7.12,-0.01,0.00,303.8,228.5,116.8,233.6,291.9,305.8,0,289.9,380.4,116.8,199.3,26,152.5,-2.807,-0.601,-0.0000,50.1
26.486,6.96,0.28,-9.49,7.14,-0.01,0.00,303.8,227.7,116.8,233.6,291.9,305.8,0,289.9,380.4,116.8,199.3,26,153.3,-2.807,-0.601,-0.0000,50.1
26.536,6.69,0.27,-9.49,7.15,-0.01,0.00,306.8,211.6,116.8,233.6,291.9,305.8,0,289.9,380.4,116.8,199.3,26,169.6,-2.807,-0.601,-0.0000,50.1
26.586,6.69,0.27,-9.49,7.16,-0.01,0.00,306.9,210.9,116.8,233.6,291.9,305.8,0,291.9,305.8,116.8,233.6,27,96.1,-1.315,-0.562,-0.0000,50.0
26.636,6.42,0.24,-9.49,7.17,-0.01,0.00,310.0,194.6,116.8,233.6,291.9,305.8,0,291.9,305.8,116.8,233.6,27,112.6,-1.315,-0.562,-0.0000,50.1
26.686,6.42,0.24,-9.49,7.19,-0.01,0.00,310.1,193.9,116.8,233.6,291.9,305.8,0,291.9,305.8,116.8,233.6,27,113.3,-1.315,-0.562,-0.0000,50.1
26.736,6.15,0.22,-9.49,7.20,-0.01,0.00,313.2,177.5,116.8,233.6,291.9,305.8,0,291.9,305.8,116.8,233.6,27,130.0,-1.315,-0.562,-0.0000,50.1
26.786,6.15,0.22,-9.49,7.21,-0.01,0.00,313.3,176.8,116.8,233.6,291.9,305.8,0,291.9,305.8,116.8,233.6,27,130.8,-1.315,-0.562,-0.0000,50.1
26.836,5.87,0.20,-9.49,7.22,-0.01,0.00,316.5,160.3,116.8,233.6,291.9,305.8,0,291.9,305.8,116.8,233.6,27,147.6,-1.315,-0.562,-0.0000,50.1
26.886,5.87,0.20,-9.49,7.24,-0.01,0.00,316.6,159.5,116.8,233.6,291.9,305.8,0,291.9,305.8,116.8,233.6,27,148.3,-1.315,-0.562,-0.0000,50.1
26.936,5.60,0.17,-9.49,7.25,-0.01,0.00,319.8,143.2,116.8,233.6,291.9,305.8,0,291.9,305.8,116.8,233.6,27,165.0,-1.315,-0.562,-0.0000,50.1
26.986,5.60,0.17,-9.49,7.26,-0.01,0.00,319.9,142.5,116.8,233.6,291.9,305.8,0,291.9,305.8,116.8,233.6,27,165.7,-1.315,-0.562,-0.0000,50.1
27.036,5.34,0.15,-9.49,7.27,-0.01,0.00,323.2,126.5,116.8,233.6,319.9,142.2,1,319.9,142.2,116.8,233.6,28,16.0,1.956,-0.001,-0.0000,50.1
27.086,5.34,0.15,-9.49,7.29,-0.01,0.00,323.2,125.8,116.8,233.6,319.9,142.2,0,291.9,305.8,116.8,233.6,27,182.7,-1.315,-0.562,-0.0000,50.0
27.136,5.08,0.12,-9.49,7.30,-0.01,0.00,326.5,113.7,116.8,227.4,319.9,142.2,0,291.9,305.8,116.8,233.6,27,195.2,-1.315,-0.562,-0.0000,50.1
27.186,5.08,0.12,-9.49,7.31,-0.01,0.00,326.6,113.3,116.8,226.6,319.9,142.2,0,291.9,305.8,116.8,233.6,27,195.5,-1.315,-0.562,-0.0000,50.1
27.236,4.85,0.08,-9.49,7.32,-0.01,0.00,329.9,106.2,116.8,212.4,319.9,142.2,0,291.9,305.8,116.8,233.6,27,203.2,-1.315,-0.562,-0.0000,50.1
27.286,4.85,0.08,-9.49,7.34,-0.01,0.00,330.0,105.8,116.8,211.6,319.9,142.2,0,291.9,305.8,116.8,233.6,27,203.5,-1.315,-0.562,-0.0000,50.1
27.336,4.63,0.05,-9.49,7.35,-0.01,0.00,333.4,99.2,116.8,198.5,319.9,142.2,0,291.9,305.8,116.8,233.6,27,210.6,-1.315,-0.562,-0.0000,50.1
27.387,4.63,0.05,-9.49,7.36,-0.01,0.00,333.5,98.9,116.8,197.8,319.9,142.2,0,291.9,305.8,116.8,233.6,27,211.0,-1.315,-0.562,-0.0000,50.1
27.437,4.43,0.02,-9.49,7.37,-0.01,0.00,336.9,92.8,116.9,185.5,319.9,142.2,0,291.9,305.8,116.8,233.6,27,217.7,-1.315,-0.562,-0.0000,50.1
27.487,4.43,0.02,-9.49,7.39,-0.01,0.00,337.0,92.4,116.9,184.8,319.9,142.2,0,291.9,305.8,116.8,233.6,27,218.1,-1.315,-0.562,-0.0000,50.1
27.537,4.24,-0.02,-9.49,7.40,-0.01,0.00,340.4,86.6,116.9,173.3,319.9,142.2,0,291.9,305.8,116.8,233.6,27,224.4,-1.315,-0.562,-0.0000,50.1
27.587,4.24,-0.02,-9.49,7.41,-0.01,0.00,340.5,86.3,116.9,172.6,319.9,142.2,0,319.9,142.2,116.8,233.6,28,59.6,1.956,-0.001,-0.0000,50.1
27.637,4.06,-0.06,-9.49,7.42,-0.01,0.00,343.9,80.8,116.9,161.6,319.9,142.2,0,319.9,142.2,116.8,233.6,28,65.9,1.956,-0.001,-0.0000,50.1
27.687,4.06,-0.06,-9.49,7.44,-0.01,0.00,344.0,80.4,116.9,160.9,319.9,142.2,0,319.9,142.2,116.8,233.6,28,66.3,1.956,-0.001,-0.0000,50.1
27.737,3.88,-0.09,-9.49,7.45,-0.01,0.00,347.4,75.2,116.9,150.4,319.9,142.2,0,319.9,142.2,116.8,233.6,28,72.4,1.956,-0.001,-0.0000,50.1
27.787,3.88,-0.09,-9.49,7.46,-0.01,0.00,347.5,74.8,116.9,149.6,319.9,142.2,0,319.9,142.2,116.8,233.6,28,72.8,1.956,-0.001,-0.0000,50.1
27.837,3.72,-0.13,-9.48,7.47,-0.01,0.00,350.9,69.8,116.9,139.6,319.9,142.2,0,319.9,142.2,116.8,233.6,28,78.8,1.956,-0.001,-0.0000,50.1
27.887,3.72,-0.13,-9.48,7.49,-0.01,0.00,350.9,69.4,116.9,138.8,319.9,142.2,0,319.9,142.2,116.8,233.6,28,79.1,1.956,-0.001,-0.0000,50.0
27.937,3.56,-0.17,-9.48,7.50,-0.01,0.00,354.4,64.7,116.9,129.4,319.9,142.2,0,319.9,142.2,116.8,233.6,28,84.8,1.956,-0.001,-0.0000,50.1
27.987,3.56,-0.17,-9.48,7.51,-0.01,0.00,354.5,64.3,116.9,128.6,319.9,142.2,0,319.9,142.2,116.8,233.6,28,85.2,1.956,-0.001,-0.0000,50.1
28.037,3.42,-0.20,-9.48,7.52,-0.01,0.00,358.1,60.0,116.9,120.1,354.5,64.2,1,354.5,64.2,116.9,128.4,29,5.5,3.000,0.690,0.0000,50.1
28.087,3.42,-0.20,-9.48,7.54,-0.01,0.00,358.1,59.7,116.9,119.3,354.5,64.2,0,319.9,142.2,116.8,233.6,28,91.0,1.956,-0.001,-0.0000,50.1
28.137,3.30,-0.23,-9.48,7.55,-0.01,0.00,361.5,56.0,116.9,112.0,354.5,64.2,0,319.9,142.2,116.8,233.6,28,95.7,1.956,-0.001,-0.0000,50.1
28.188,3.30,-0.23,-9.48,7.56,-0.01,0.00,361.6,55.6,116.9,111.2,354.5,64.2,0,319.9,142.2,116.8,233.6,28,96.1,1.956,-0.001,-0.0000,50.0
28.238,3.21,-0.26,-9.48,7.57,-0.01,0.00,364.3,52.6,116.9,105.1,354.5,64.2,0,319.9,142.2,116.8,233.6,28,100.0,1.956,-0.001,-0.0000,50.1
28.288,3.21,-0.26,-9.48,7.59,-0.01,0.00,364.4,52.2,116.9,104.4,354.5,64.2,0,319.9,142.2,116.8,233.6,28,100.4,1.956,-0.001,-0.0000,50.1
28.338,3.13,-0.28,-9.48,7.60,-0.01,0.00,366.6,49.9,116.9,99.7,354.5,64.2,0,319.9,142.2,116.8,233.6,28,103.5,1.956,-0.001,-0.0000,50.1
28.388,3.13,-0.28,-9.48,7.61,-0.01,0.00,366.7,49.5,116.9,99.0,354.5,64.2,0,319.9,142.2,116.8,233.6,28,103.8,1.956,-0.001,-0.0000,50.1
28.438,3.09,-0.30,-9.48,7.62,-0.01,0.00,368.4,47.9,116.9,95.8,354.5,64.2,0,319.9,142.2,116.8,233.6,28,106.0,1.956,-0.001,-0.0000,50.1
28.488,3.09,-0.30,-9.48,7.64,-0.01,0.00,368.5,47.5,116.9,95.1,354.5,64.2,0,319.9,142.2,116.8,233.6,28,106.4,1.956,-0.001,-0.0000,50.1
28.538,3.07,-0.32,-9.48,7.65,-0.01,0.00,369.8,46.7,116.9,93.4,354.5,64.2,0,319.9,142.2,116.8,233.6,28,107.8,1.956,-0.001,-0.0000,50.1
28.588,3.07,-0.32,-9.48,7.66,-0.01,0.00,369.9,46.3,116.9,92.7,354.5,64.2,0,354.5,64.2,116.9,128.4,29,23.6,3.000,0.690,0.0000,50.1
28.638,3.08,-0.34,-9.48,7.67,-0.01,0.00,371.1,46.3,116.9,92.5,354.5,64.2,0,354.5,64.2,116.9,128.4,29,24.4,3.000,0.690,0.0000,50.1
28.688,3.08,-0.34,-9.48,7.69,-0.01,0.00,371.2,45.9,116.9,91.8,354.5,64.2,0,354.5,64.2,116.9,128.4,29,24.8,3.000,0.690,0.0000,50.1
28.738,3.11,-0.36,-9.49,7.70,-0.01,0.00,372.1,46.6,116.9,93.2,354.5,64.2,0,354.5,64.2,116.9,128.4,29,24.9,3.000,0.690,0.0000,50.1
28.788,3.11,-0.36,-9.49,7.71,-0.01,0.00,372.1,46.2,116.9,92.4,354.5,64.2,0,354.5,64.2,116.9,128.4,29,25.2,3.000,0.690,0.0000,50.1
28.838,3.17,-0.37,-9.49,7.72,-0.01,0.00,372.8,47.6,116.9,95.3,354.5,64.2,0,354.5,64.2,116.9,128.4,29,24.7,3.000,0.690,0.0000,50.1
28.888,3.17,-0.37,-9.49,7.74,-0.01,0.00,372.9,47.3,116.9,94.5,354.5,64.2,0,354.5,64.2,116.9,128.4,29,25.0,3.000,0.690,0.0000,50.1
28.938,3.26,-0.39,-9.49,7.75,-0.01,0.00,373.1,49.4,116.9,98.9,354.5,64.2,0,354.5,64.2,116.9,128.4,29,23.8,3.000,0.690,0.0000,50.1
28.989,3.26,-0.39,-9.49,7.76,-0.01,0.00,373.2,49.1,116.9,98.1,354.5,64.2,0,354.5,64.2,116.9,128.4,29,24.1,3.000,0.690,0.0000,50.1
29.039,3.37,-0.39,-9.49,7.77,-0.01,0.00,373.0,51.9,116.9,103.9,373.2,49.0,1,373.2,49.0,116.9,97.9,30,3.0,3.000,1.064,0.0000,50.1
29.089,3.37,-0.39,-9.49,7.79,-0.01,0.00,373.1,51.6,116.9,103.1,373.2,49.0,0,354.5,64.2,116.9,128.4,29,22.5,3.000,0.690,0.0000,50.1
29.139,3.50,-0.40,-9.49,7.80,-0.01,0.00,372.4,55.1,116.8,110.3,373.2,49.0,0,354.5,64.2,116.9,128.4,29,20.1,3.000,0.690,0.0000,50.1
29.189,3.50,-0.40,-9.49,7.81,-0.01,0.00,372.5,54.8,116.8,109.6,373.2,49.0,0,354.5,64.2,116.9,128.4,29,20.3,3.000,0.690,0.0000,50.1
29.239,3.66,-0.39,-9.49,7.82,-0.01,0.00,371.3,59.0,116.8,118.1,373.2,49.0,0,354.5,64.2,116.9,128.4,29,17.6,3.000,0.690,0.0000,50.1
29.289,3.66,-0.39,-9.49,7.84,-0.01,0.00,371.4,58.7,116.8,117.4,373.2,49.0,0,354.5,64.2,116.9,128.4,29,17.8,3.000,0.690,0.0000,50.1
29.339,3.84,-0.38,-9.49,7.85,-0.01,0.00,369.4,63.6,116.8,127.2,373.2,49.0,0,354.5,64.2,116.9,128.4,29,14.9,3.000,0.690,0.0000,50.1
29.389,3.84,-0.38,-9.49,7.86,-0.01,0.00,369.5,63.2,116.8,126.5,373.2,49.0,0,354.5,64.2,116.9,128.4,29,15.0,3.000,0.690,0.0000,50.1
29.439,4.05,-0.36,-9.49,7.87,-0.01,0.00,366.8,68.7,116.8,137.5,373.2,49.0,0,354.5,64.2,116.9,128.4,29,13.1,3.000,0.690,0.0000,50.1
29.489,4.05,-0.36,-9.49,7.89,-0.01,0.00,366.9,68.4,116.8,136.8,373.2,49.0,0,354.5,64.2,116.9,128.4,29,13.0,3.000,0.690,0.0000,50.1
29.539,4.28,-0.34,-9.49,7.90,-0.01,0.00,363.8,74.5,116.8,148.9,373.2,49.0,0,354.5,64.2,116.9,128.4,29,13.9,3.000,0.690,0.0000,50.1
29.589,4.28,-0.34,-9.49,7.91,-0.01,0.00,363.9,74.1,116.8,148.2,373.2,49.0,0,373.2,49.0,116.9,97.9,30,26.8,3.000,1.064,0.0000,50.0
29.639,4.52,-0.32,-9.49,7.92,-0.01,0.00,360.8,80.6,116.8,161.3,373.2,49.0,0,373.2,49.0,116.9,97.9,30,34.0,3.000,1.064,0.0000,50.1
29.689,4.52,-0.32,-9.49,7.94,-0.01,0.00,360.9,80.3,116.8,160.5,373.2,49.0,0,373.2,49.0,116.9,97.9,30,33.7,3.000,1.064,0.0000,50.1
29.739,4.77,-0.30,-9.49,7.95,-0.01,0.00,357.6,87.2,116.8,174.3,373.2,49.0,0,373.2,49.0,116.9,97.9,30,41.3,3.000,1.064,0.0000,50.1
29.789,4.77,-0.30,-9.49,7.96,-0.01,0.00,357.7,86.8,116.8,173.6,373.2,49.0,0,373.2,49.0,116.9,97.9,30,40.9,3.000,1.064,0.0000,50.1
29.839,5.04,-0.27,-9.49,7.97,-0.01,0.00,354.2,94.0,116.8,188.0,373.2,49.0,0,373.2,49.0,116.9,97.9,30,48.9,3.000,1.064,0.0000,50.0
29.889,5.04,-0.27,-9.49,7.99,-0.01,0.00,354.3,93.6,116.8,187.3,373.2,49.0,0,373.2,49.0,116.9,97.9,30,48.5,3.000,1.064,0.0000,50.1
29.940,5.31,-0.24,-9.49,8.00,-0.01,0.00,350.4,101.1,116.8,202.1,373.2,49.0,0,373.2,49.0,116.9,97.9,30,56.9,3.000,1.064,0.0000,50.1
29.990,5.31,-0.24,-9.49,8.01,-0.01,0.00,350.5,100.7,116.8,201.4,373.2,49.0,0,373.2,49.0,116.9,97.9,30,56.5,3.000,1.064,0.0000,50.1
