t_s,copter_n,copter_e,copter_d,rover_n,rover_e,rover_d,bbox_cx,bbox_cy,bbox_w,bbox_h,track_id,pixel_err_px,vx_cmd,vy_cmd,yaw_rate_cmd,loop_dt_ms
0.000,132.89,4.34,-9.96,3.00,0.00,0.00,,,,,,,0.000,0.000,0.0000,0.0
0.059,132.89,4.34,-9.96,3.12,0.00,0.00,,,,,,,0.000,0.000,0.0000,59.5
0.110,132.89,4.34,-9.96,3.22,0.00,0.00,,,,,,,0.000,0.000,0.0000,50.1
0.160,132.89,4.34,-9.96,3.32,0.00,0.00,,,,,,,0.000,0.000,0.0000,50.1
0.210,132.89,4.34,-9.96,3.42,0.00,0.00,,,,,,,0.000,0.000,0.0000,50.1
0.260,132.89,4.34,-9.96,3.52,0.00,0.00,,,,,,,0.000,0.000,0.0000,50.1
0.310,132.89,4.34,-9.96,3.62,0.00,0.00,,,,,,,0.000,0.000,0.0000,50.1
0.360,132.89,4.34,-9.96,3.72,0.00,0.00,,,,,,,0.000,0.000,0.0000,50.1
0.410,132.89,4.34,-9.96,3.82,0.00,0.00,,,,,,,0.000,0.000,0.0000,50.1
0.460,132.89,4.34,-9.96,3.92,0.00,0.00,,,,,,,0.000,0.000,0.0000,50.1
0.510,132.89,4.34,-9.96,4.02,0.00,0.00,,,,,,,0.000,0.000,0.0000,50.1
0.560,132.89,4.34,-9.96,4.12,0.00,0.00,,,,,,,0.000,0.000,0.0000,50.1
0.610,132.89,4.34,-9.96,4.22,0.00,0.00,,,,,,,0.000,0.000,0.0000,50.1
0.660,132.89,4.34,-9.96,4.32,0.00,0.00,,,,,,,0.000,0.000,0.0000,50.1
0.710,132.89,4.34,-9.96,4.42,0.00,0.00,,,,,,,0.000,0.000,0.0000,50.1
0.760,132.89,4.34,-9.96,4.52,0.00,0.00,,,,,,,0.000,0.000,0.0000,50.1
0.810,132.89,4.34,-9.96,4.62,0.00,0.00,,,,,,,0.000,0.000,0.0000,50.1
0.861,132.89,4.34,-9.96,4.72,0.00,0.00,,,,,,,0.000,0.000,0.0000,50.1
0.911,132.87,4.35,-9.96,4.82,0.00,0.00,,,,,,,0.000,0.000,0.0000,50.1
0.961,132.87,4.35,-9.96,4.92,0.00,0.00,,,,,,,0.000,0.000,0.0000,50.1
1.011,132.87,4.35,-9.96,5.02,0.00,0.00,,,,,,,0.000,0.000,0.0000,50.1
1.061,132.87,4.35,-9.96,5.12,0.00,0.00,,,,,,,0.000,0.000,0.0000,50.1
1.111,132.87,4.35,-9.96,5.22,0.00,0.00,,,,,,,0.000,0.000,0.0000,50.1
1.161,132.87,4.35,-9.96,5.32,0.00,0.00,,,,,,,0.000,0.000,0.0000,50.1
1.211,132.87,4.35,-9.96,5.42,0.00,0.00,,,,,,,0.000,0.000,0.0000,50.1
1.261,132.87,4.35,-9.96,5.52,0.00,0.00,,,,,,,0.000,0.000,0.0000,50.1
1.311,132.87,4.35,-9.96,5.62,0.00,0.00,,,,,,,0.000,0.000,0.0000,50.1
1.361,132.87,4.35,-9.96,5.72,0.00,0.00,,,,,,,0.000,0.000,0.0000,50.1
1.411,132.87,4.35,-9.96,5.82,0.00,0.00,,,,,,,0.000,0.000,0.0000,50.1
1.461,132.87,4.35,-9.96,5.92,0.00,0.00,,,,,,,0.000,0.000,0.0000,50.1
1.511,132.87,4.35,-9.96,6.02,0.00,0.00,,,,,,,0.000,0.000,0.0000,50.1
1.561,132.87,4.35,-9.96,6.12,0.00,0.00,,,,,,,0.000,0.000,0.0000,50.1
1.612,132.87,4.35,-9.96,6.22,0.00,0.00,,,,,,,0.000,0.000,0.0000,50.1
1.662,132.87,4.35,-9.96,6.32,0.00,0.00,,,,,,,0.000,0.000,0.0000,50.1
1.712,132.87,4.35,-9.96,6.42,0.00,0.00,,,,,,,0.000,0.000,0.0000,50.1
1.762,132.87,4.35,-9.96,6.52,0.00,0.00,,,,,,,0.000,0.000,0.0000,50.1
1.812,132.87,4.35,-9.96,6.62,0.00,0.00,,,,,,,0.000,0.000,0.0000,50.1
1.862,132.87,4.35,-9.96,6.72,0.00,0.00,,,,,,,0.000,0.000,0.0000,50.1
1.912,132.87,4.35,-9.96,6.82,0.00,0.00,,,,,,,0.000,0.000,0.0000,50.1
1.962,132.87,4.35,-9.96,6.92,0.00,0.00,,,,,,,0.000,0.000,0.0000,50.1
2.012,132.87,4.35,-9.96,7.02,0.00,0.00,,,,,,,0.000,0.000,0.0000,50.1
2.062,132.87,4.35,-9.96,7.12,0.00,0.00,,,,,,,0.000,0.000,0.0000,50.1
2.112,132.87,4.35,-9.96,7.22,0.00,0.00,,,,,,,0.000,0.000,0.0000,50.0
2.162,132.87,4.35,-9.96,7.32,0.00,0.00,,,,,,,0.000,0.000,0.0000,50.1
2.212,132.87,4.35,-9.96,7.42,0.00,0.00,,,,,,,0.000,0.000,0.0000,50.1
2.262,132.87,4.35,-9.96,7.52,0.00,0.00,,,,,,,0.000,0.000,0.0000,50.1
2.312,132.87,4.35,-9.96,7.62,0.00,0.00,,,,,,,0.000,0.000,0.0000,50.1
2.362,132.87,4.35,-9.96,7.72,0.00,0.00,,,,,,,0.000,0.000,0.0000,50.1
2.413,132.87,4.35,-9.96,7.83,0.00,0.00,,,,,,,0.000,0.000,0.0000,50.1
2.463,132.87,4.35,-9.96,7.93,0.00,0.00,,,,,,,0.000,0.000,0.0000,50.1
2.513,132.87,4.35,-9.96,8.03,0.00,0.00,,,,,,,0.000,0.000,0.0000,50.1
2.563,132.87,4.35,-9.96,8.13,0.00,0.00,,,,,,,0.000,0.000,0.0000,50.1
2.613,132.87,4.35,-9.96,8.23,0.00,0.00,,,,,,,0.000,0.000,0.0000,50.1
2.663,132.87,4.35,-9.96,8.33,0.00,0.00,,,,,,,0.000,0.000,0.0000,50.1
2.713,132.87,4.35,-9.96,8.43,0.00,0.00,,,,,,,0.000,0.000,0.0000,50.1
2.763,132.87,4.35,-9.96,8.53,0.00,0.00,,,,,,,0.000,0.000,0.0000,50.1
2.813,132.87,4.35,-9.96,8.63,0.00,0.00,,,,,,,0.000,0.000,0.0000,50.1
2.863,132.87,4.35,-9.96,8.73,0.00,0.00,,,,,,,0.000,0.000,0.0000,50.1
2.913,132.87,4.35,-9.96,8.83,0.00,0.00,,,,,,,0.000,0.000,0.0000,50.1
2.963,132.87,4.35,-9.96,8.93,0.00,0.00,,,,,,,0.000,0.000,0.0000,50.1
3.013,132.87,4.35,-9.96,9.03,0.00,0.00,,,,,,,0.000,0.000,0.0000,50.1
3.063,132.87,4.35,-9.96,9.13,0.00,0.00,,,,,,,0.000,0.000,0.0000,50.1
3.114,132.87,4.35,-9.96,9.23,0.00,0.00,,,,,,,0.000,0.000,0.0000,50.1
3.164,132.87,4.35,-9.96,9.33,0.00,0.00,,,,,,,0.000,0.000,0.0000,50.1
3.214,132.87,4.34,-9.96,9.43,0.00,0.00,,,,,,,0.000,0.000,0.0000,50.1
3.264,132.87,4.34,-9.96,9.53,0.00,0.00,,,,,,,0.000,0.000,0.0000,50.1
3.314,132.87,4.35,-9.96,9.63,0.00,0.00,,,,,,,0.000,0.000,0.0000,50.1
3.364,132.87,4.35,-9.96,9.73,0.00,0.00,,,,,,,0.000,0.000,0.0000,50.1
3.414,132.87,4.34,-9.96,9.83,0.00,0.00,,,,,,,0.000,0.000,0.0000,50.1
3.464,132.87,4.34,-9.96,9.93,0.00,0.00,,,,,,,0.000,0.000,0.0000,50.1
3.514,132.87,4.34,-9.96,10.03,0.00,0.00,,,,,,,0.000,0.000,0.0000,50.1
3.564,132.87,4.34,-9.96,10.13,0.00,0.00,,,,,,,0.000,0.000,0.0000,50.1
3.614,132.87,4.34,-9.96,10.23,0.00,0.00,,,,,,,0.000,0.000,0.0000,50.1
3.664,132.87,4.34,-9.96,10.33,0.00,0.00,,,,,,,0.000,0.000,0.0000,50.1
3.714,132.86,4.34,-9.96,10.43,0.00,0.00,,,,,,,0.000,0.000,0.0000,50.1
3.764,132.86,4.34,-9.96,10.53,0.00,0.00,,,,,,,0.000,0.000,0.0000,50.1
3.814,132.86,4.34,-9.96,10.63,0.00,0.00,,,,,,,0.000,0.000,0.0000,50.1
3.865,132.86,4.34,-9.96,10.73,0.00,0.00,,,,,,,0.000,0.000,0.0000,50.1
3.915,132.86,4.34,-9.96,10.83,0.00,0.00,,,,,,,0.000,0.000,0.0000,50.1
3.965,132.86,4.34,-9.96,10.93,0.00,0.00,,,,,,,0.000,0.000,0.0000,50.3
4.015,132.86,4.34,-9.96,11.03,0.00,0.00,,,,,,,0.000,0.000,0.0000,50.1
4.065,132.86,4.34,-9.96,11.13,0.00,0.00,,,,,,,0.000,0.000,0.0000,50.1
4.115,132.86,4.34,-9.96,11.23,0.00,0.00,,,,,,,0.000,0.000,0.0000,50.1
4.165,132.86,4.34,-9.96,11.33,0.00,0.00,,,,,,,0.000,0.000,0.0000,50.1
4.215,132.86,4.34,-9.96,11.43,0.00,0.00,,,,,,,0.000,0.000,0.0000,50.1
4.265,132.86,4.34,-9.96,11.53,0.00,0.00,,,,,,,0.000,0.000,0.0000,50.1
4.315,132.86,4.34,-9.96,11.63,0.00,0.00,,,,,,,0.000,0.000,0.0000,50.1
4.365,132.86,4.34,-9.96,11.73,0.00,0.00,,,,,,,0.000,0.000,0.0000,50.1
4.416,132.86,4.34,-9.96,11.83,0.00,0.00,,,,,,,0.000,0.000,0.0000,50.1
4.466,132.86,4.34,-9.96,11.93,0.00,0.00,,,,,,,0.000,0.000,0.0000,50.1
4.516,132.86,4.34,-9.96,12.03,0.00,0.00,,,,,,,0.000,0.000,0.0000,50.1
4.566,132.86,4.34,-9.96,12.13,0.00,0.00,,,,,,,0.000,0.000,0.0000,50.1
4.616,132.86,4.34,-9.96,12.23,0.00,0.00,,,,,,,0.000,0.000,0.0000,50.2
4.666,132.86,4.34,-9.96,12.33,0.00,0.00,,,,,,,0.000,0.000,0.0000,50.1
4.716,132.86,4.34,-9.96,12.43,0.00,0.00,,,,,,,0.000,0.000,0.0000,50.1
4.766,132.86,4.34,-9.96,12.53,0.00,0.00,,,,,,,0.000,0.000,0.0000,50.1
4.816,132.86,4.34,-9.96,12.63,0.00,0.00,,,,,,,0.000,0.000,0.0000,50.1
4.866,132.86,4.34,-9.96,12.73,0.00,0.00,,,,,,,0.000,0.000,0.0000,50.1
4.916,132.86,4.34,-9.97,12.83,0.00,0.00,,,,,,,0.000,0.000,0.0000,50.1
4.967,132.86,4.34,-9.97,12.93,0.00,0.00,,,,,,,0.000,0.000,0.0000,50.1
5.017,132.86,4.34,-9.97,13.03,0.00,0.00,,,,,,,0.000,0.000,0.0000,50.1
5.067,132.86,4.34,-9.97,13.13,0.00,0.00,,,,,,,0.000,0.000,0.0000,50.1
5.117,132.86,4.34,-9.97,13.23,0.00,0.00,,,,,,,0.000,0.000,0.0000,50.1
5.167,132.86,4.34,-9.97,13.33,0.00,0.00,,,,,,,0.000,0.000,0.0000,50.1
5.217,132.86,4.34,-9.97,13.43,0.00,0.00,,,,,,,0.000,0.000,0.0000,50.1
5.267,132.86,4.34,-9.97,13.53,0.00,0.00,,,,,,,0.000,0.000,0.0000,50.1
5.317,132.86,4.34,-9.97,13.63,0.00,0.00,,,,,,,0.000,0.000,0.0000,50.1
5.367,132.86,4.34,-9.97,13.73,0.00,0.00,,,,,,,0.000,0.000,0.0000,50.1
5.417,132.86,4.34,-9.97,13.83,0.00,0.00,,,,,,,0.000,0.000,0.0000,50.1
5.467,132.86,4.34,-9.97,13.93,0.00,0.00,,,,,,,0.000,0.000,0.0000,50.1
5.517,132.86,4.34,-9.97,14.03,0.00,0.00,,,,,,,0.000,0.000,0.0000,50.1
5.567,132.86,4.34,-9.97,14.13,0.00,0.00,,,,,,,0.000,0.000,0.0000,50.1
5.617,132.86,4.34,-9.97,14.23,0.00,0.00,,,,,,,0.000,0.000,0.0000,50.1
5.667,132.86,4.34,-9.97,14.33,0.00,0.00,,,,,,,0.000,0.000,0.0000,50.1
5.718,132.86,4.34,-9.97,14.44,0.00,0.00,,,,,,,0.000,0.000,0.0000,50.1
5.768,132.86,4.34,-9.97,14.54,0.00,0.00,,,,,,,0.000,0.000,0.0000,50.1
5.818,132.86,4.34,-9.97,14.64,0.00,0.00,,,,,,,0.000,0.000,0.0000,50.1
5.868,132.86,4.34,-9.97,14.74,0.00,0.00,,,,,,,0.000,0.000,0.0000,50.1
5.918,132.86,4.34,-9.97,14.84,0.00,0.00,,,,,,,0.000,0.000,0.0000,50.1
5.968,132.86,4.34,-9.97,14.94,0.00,0.00,,,,,,,0.000,0.000,0.0000,50.1
6.018,132.86,4.34,-9.97,15.04,0.00,0.00,,,,,,,0.000,0.000,0.0000,50.1
6.068,132.86,4.34,-9.97,15.14,0.00,0.00,,,,,,,0.000,0.000,0.0000,50.1
6.118,132.86,4.34,-9.97,15.24,0.00,0.00,,,,,,,0.000,0.000,0.0000,50.1
6.168,132.86,4.34,-9.97,15.34,0.00,0.00,,,,,,,0.000,0.000,0.0000,50.1
6.218,132.86,4.34,-9.97,15.44,0.00,0.00,,,,,,,0.000,0.000,0.0000,50.1
6.268,132.86,4.34,-9.97,15.54,0.00,0.00,,,,,,,0.000,0.000,0.0000,50.1
6.318,132.86,4.34,-9.97,15.64,0.00,0.00,,,,,,,0.000,0.000,0.0000,50.1
6.368,132.86,4.34,-9.97,15.74,0.00,0.00,,,,,,,0.000,0.000,0.0000,50.1
6.418,132.86,4.34,-9.97,15.84,0.00,0.00,,,,,,,0.000,0.000,0.0000,50.1
6.469,132.86,4.34,-9.97,15.94,0.00,0.00,,,,,,,0.000,0.000,0.0000,50.1
6.519,132.86,4.34,-9.97,16.04,0.00,0.00,,,,,,,0.000,0.000,0.0000,50.1
6.569,132.86,4.34,-9.97,16.14,0.00,0.00,,,,,,,0.000,0.000,0.0000,50.1
6.619,132.86,4.34,-9.97,16.24,0.00,0.00,,,,,,,0.000,0.000,0.0000,50.1
6.669,132.86,4.34,-9.97,16.34,0.00,0.00,,,,,,,0.000,0.000,0.0000,50.1
6.719,132.86,4.34,-9.97,16.44,0.00,0.00,,,,,,,0.000,0.000,0.0000,50.1
6.769,132.86,4.34,-9.97,16.54,0.00,0.00,,,,,,,0.000,0.000,0.0000,50.1
6.819,132.86,4.34,-9.97,16.64,0.00,0.00,,,,,,,0.000,0.000,0.0000,50.1
6.869,132.86,4.34,-9.97,16.74,0.00,0.00,,,,,,,0.000,0.000,0.0000,50.1
6.919,132.86,4.34,-9.97,16.84,0.00,0.00,,,,,,,0.000,0.000,0.0000,50.1
6.969,132.86,4.34,-9.97,16.94,0.00,0.00,,,,,,,0.000,0.000,0.0000,50.1
7.019,132.86,4.34,-9.97,17.04,0.00,0.00,,,,,,,0.000,0.000,0.0000,50.1
7.069,132.86,4.34,-9.97,17.14,0.00,0.00,,,,,,,0.000,0.000,0.0000,50.1
7.119,132.86,4.34,-9.97,17.24,0.00,0.00,,,,,,,0.000,0.000,0.0000,50.1
7.169,132.86,4.34,-9.97,17.34,0.00,0.00,,,,,,,0.000,0.000,0.0000,50.1
7.220,132.86,4.34,-9.97,17.44,0.00,0.00,,,,,,,0.000,0.000,0.0000,50.1
7.270,132.86,4.34,-9.97,17.54,0.00,0.00,,,,,,,0.000,0.000,0.0000,50.1
7.320,132.86,4.34,-9.97,17.64,0.00,0.00,,,,,,,0.000,0.000,0.0000,50.1
7.370,132.86,4.34,-9.97,17.74,0.00,0.00,,,,,,,0.000,0.000,0.0000,50.1
7.420,132.86,4.34,-9.97,17.84,0.00,0.00,,,,,,,0.000,0.000,0.0000,50.1
7.470,132.86,4.34,-9.97,17.94,0.00,0.00,,,,,,,0.000,0.000,0.0000,50.1
7.520,132.86,4.34,-9.97,18.04,0.00,0.00,,,,,,,0.000,0.000,0.0000,50.1
7.570,132.86,4.34,-9.97,18.14,0.00,0.00,,,,,,,0.000,0.000,0.0000,50.1
7.620,132.86,4.34,-9.97,18.24,0.00,0.00,,,,,,,0.000,0.000,0.0000,50.1
7.670,132.86,4.34,-9.97,18.34,0.00,0.00,,,,,,,0.000,0.000,0.0000,50.1
7.720,132.86,4.34,-9.97,18.44,0.00,0.00,,,,,,,0.000,0.000,0.0000,50.1
7.770,132.86,4.34,-9.97,18.54,0.00,0.00,,,,,,,0.000,0.000,0.0000,50.2
7.820,132.86,4.34,-9.97,18.64,0.00,0.00,,,,,,,0.000,0.000,0.0000,50.1
7.871,132.86,4.34,-9.97,18.74,0.00,0.00,,,,,,,0.000,0.000,0.0000,50.1
7.921,132.86,4.34,-9.97,18.84,0.00,0.00,,,,,,,0.000,0.000,0.0000,50.1
7.971,132.86,4.33,-9.97,18.94,0.00,0.00,,,,,,,0.000,0.000,0.0000,50.1
8.021,132.86,4.33,-9.97,19.04,0.00,0.00,,,,,,,0.000,0.000,0.0000,50.1
8.071,132.86,4.33,-9.97,19.14,0.00,0.00,,,,,,,0.000,0.000,0.0000,50.1
8.121,132.86,4.33,-9.97,19.24,0.00,0.00,,,,,,,0.000,0.000,0.0000,50.1
8.171,132.86,4.33,-9.97,19.34,0.00,0.00,,,,,,,0.000,0.000,0.0000,50.1
8.221,132.86,4.33,-9.97,19.44,0.00,0.00,,,,,,,0.000,0.000,0.0000,50.1
8.271,132.86,4.33,-9.97,19.54,0.00,0.00,,,,,,,0.000,0.000,0.0000,50.1
8.321,132.86,4.33,-9.97,19.64,0.00,0.00,,,,,,,0.000,0.000,0.0000,50.0
8.371,132.86,4.33,-9.97,19.74,0.00,0.00,,,,,,,0.000,0.000,0.0000,50.1
8.421,132.86,4.33,-9.97,19.84,0.00,0.00,,,,,,,0.000,0.000,0.0000,50.1
8.471,132.86,4.33,-9.97,19.94,0.00,0.00,,,,,,,0.000,0.000,0.0000,50.1
8.521,132.86,4.33,-9.97,20.04,0.00,0.00,,,,,,,0.000,0.000,0.0000,50.1
8.571,132.86,4.33,-9.97,20.14,0.00,0.00,,,,,,,0.000,0.000,0.0000,50.1
8.622,132.86,4.33,-9.97,20.24,0.00,0.00,,,,,,,0.000,0.000,0.0000,50.1
8.672,132.86,4.33,-9.97,20.34,0.00,0.00,,,,,,,0.000,0.000,0.0000,50.1
8.722,132.86,4.33,-9.97,20.44,0.00,0.00,,,,,,,0.000,0.000,0.0000,50.1
8.772,132.86,4.33,-9.97,20.54,0.00,0.00,,,,,,,0.000,0.000,0.0000,50.1
8.822,132.86,4.33,-9.97,20.64,0.00,0.00,,,,,,,0.000,0.000,0.0000,50.1
8.872,132.86,4.33,-9.97,20.74,0.00,0.00,,,,,,,0.000,0.000,0.0000,50.1
8.922,132.86,4.33,-9.97,20.84,0.00,0.00,,,,,,,0.000,0.000,0.0000,50.1
8.972,132.86,4.33,-9.97,20.94,0.00,0.00,,,,,,,0.000,0.000,0.0000,50.1
9.022,132.86,4.33,-9.97,21.04,0.00,0.00,,,,,,,0.000,0.000,0.0000,50.1
9.072,132.86,4.33,-9.97,21.14,0.00,0.00,,,,,,,0.000,0.000,0.0000,50.1
9.122,132.86,4.33,-9.97,21.24,0.00,0.00,,,,,,,0.000,0.000,0.0000,50.1
9.172,132.86,4.33,-9.97,21.34,0.00,0.00,,,,,,,0.000,0.000,0.0000,50.1
9.222,132.86,4.33,-9.97,21.44,0.00,0.00,,,,,,,0.000,0.000,0.0000,50.1
9.272,132.86,4.33,-9.97,21.54,0.00,0.00,,,,,,,0.000,0.000,0.0000,50.1
9.322,132.86,4.33,-9.97,21.64,0.00,0.00,,,,,,,0.000,0.000,0.0000,50.1
9.373,132.86,4.33,-9.97,21.75,0.00,0.00,,,,,,,0.000,0.000,0.0000,50.1
9.423,132.86,4.33,-9.97,21.85,0.00,0.00,,,,,,,0.000,0.000,0.0000,50.1
9.473,132.86,4.33,-9.97,21.95,0.00,0.00,,,,,,,0.000,0.000,0.0000,50.1
9.523,132.86,4.33,-9.97,22.05,0.00,0.00,,,,,,,0.000,0.000,0.0000,50.1
9.573,132.86,4.33,-9.97,22.15,0.00,0.00,,,,,,,0.000,0.000,0.0000,50.1
9.623,132.86,4.33,-9.97,22.25,0.00,0.00,,,,,,,0.000,0.000,0.0000,50.1
9.673,132.86,4.33,-9.97,22.35,0.00,0.00,,,,,,,0.000,0.000,0.0000,50.1
9.723,132.86,4.33,-9.97,22.45,0.00,0.00,,,,,,,0.000,0.000,0.0000,50.1
9.773,132.86,4.33,-9.97,22.55,0.00,0.00,,,,,,,0.000,0.000,0.0000,50.1
9.823,132.86,4.33,-9.97,22.65,0.00,0.00,,,,,,,0.000,0.000,0.0000,50.1
9.873,132.86,4.33,-9.97,22.75,0.00,0.00,,,,,,,0.000,0.000,0.0000,50.1
9.923,132.86,4.33,-9.97,22.85,0.00,0.00,,,,,,,0.000,0.000,0.0000,50.1
9.973,132.86,4.33,-9.97,22.95,0.00,0.00,,,,,,,0.000,0.000,0.0000,50.1
10.023,132.86,4.33,-9.97,23.05,0.00,0.00,,,,,,,0.000,0.000,0.0000,50.1
10.073,132.86,4.33,-9.97,23.15,0.00,0.00,,,,,,,0.000,0.000,0.0000,50.1
10.124,132.86,4.33,-9.97,23.25,0.00,0.00,,,,,,,0.000,0.000,0.0000,50.1
10.174,132.86,4.33,-9.97,23.35,0.00,0.00,,,,,,,0.000,0.000,0.0000,50.1
10.224,132.86,4.33,-9.97,23.45,0.00,0.00,,,,,,,0.000,0.000,0.0000,50.1
10.274,132.86,4.33,-9.97,23.55,0.00,0.00,,,,,,,0.000,0.000,0.0000,50.1
10.324,132.86,4.34,-9.97,23.65,0.00,0.00,,,,,,,0.000,0.000,0.0000,50.1
10.374,132.86,4.34,-9.97,23.75,0.00,0.00,,,,,,,0.000,0.000,0.0000,50.1
10.424,132.86,4.34,-9.97,23.85,0.00,0.00,,,,,,,0.000,0.000,0.0000,50.1
10.474,132.86,4.34,-9.97,23.95,0.00,0.00,,,,,,,0.000,0.000,0.0000,50.1
10.524,132.86,4.34,-9.97,24.05,0.00,0.00,,,,,,,0.000,0.000,0.0000,50.1
10.574,132.86,4.34,-9.97,24.15,0.00,0.00,,,,,,,0.000,0.000,0.0000,50.1
10.624,132.86,4.34,-9.97,24.25,0.00,0.00,,,,,,,0.000,0.000,0.0000,50.1
10.674,132.86,4.34,-9.97,24.35,0.00,0.00,,,,,,,0.000,0.000,0.0000,50.1
10.724,132.86,4.34,-9.97,24.45,0.00,0.00,,,,,,,0.000,0.000,0.0000,50.1
10.774,132.86,4.34,-9.97,24.55,0.00,0.00,,,,,,,0.000,0.000,0.0000,50.1
10.824,132.86,4.34,-9.97,24.65,0.00,0.00,,,,,,,0.000,0.000,0.0000,50.1
10.875,132.86,4.34,-9.97,24.75,0.00,0.00,,,,,,,0.000,0.000,0.0000,50.1
10.925,132.86,4.34,-9.97,24.85,0.00,0.00,,,,,,,0.000,0.000,0.0000,50.1
10.975,132.86,4.34,-9.97,24.95,0.00,0.00,,,,,,,0.000,0.000,0.0000,50.1
11.025,132.86,4.34,-9.97,25.05,0.00,0.00,,,,,,,0.000,0.000,0.0000,50.1
11.075,132.86,4.34,-9.97,25.15,0.00,0.00,,,,,,,0.000,0.000,0.0000,50.1
11.125,132.86,4.34,-9.97,25.25,0.00,0.00,,,,,,,0.000,0.000,0.0000,50.1
11.175,132.86,4.34,-9.97,25.35,0.00,0.00,,,,,,,0.000,0.000,0.0000,50.1
11.225,132.86,4.34,-9.97,25.45,0.00,0.00,,,,,,,0.000,0.000,0.0000,50.1
11.275,132.86,4.34,-9.97,25.55,0.00,0.00,,,,,,,0.000,0.000,0.0000,50.1
11.325,132.86,4.34,-9.97,25.65,0.00,0.00,,,,,,,0.000,0.000,0.0000,50.1
11.375,132.86,4.34,-9.97,25.75,0.00,0.00,,,,,,,0.000,0.000,0.0000,50.1
11.425,132.86,4.34,-9.97,25.85,0.00,0.00,,,,,,,0.000,0.000,0.0000,50.1
11.475,132.86,4.34,-9.97,25.95,0.00,0.00,,,,,,,0.000,0.000,0.0000,50.1
11.525,132.86,4.34,-9.97,26.05,0.00,0.00,,,,,,,0.000,0.000,0.0000,50.1
11.576,132.86,4.34,-9.97,26.15,0.00,0.00,,,,,,,0.000,0.000,0.0000,50.1
11.626,132.86,4.34,-9.97,26.25,0.00,0.00,,,,,,,0.000,0.000,0.0000,50.1
11.676,132.86,4.34,-9.97,26.35,0.00,0.00,,,,,,,0.000,0.000,0.0000,50.1
11.726,132.86,4.34,-9.97,26.45,0.00,0.00,,,,,,,0.000,0.000,0.0000,50.1
11.776,132.86,4.34,-9.97,26.55,0.00,0.00,,,,,,,0.000,0.000,0.0000,50.1
11.826,132.86,4.34,-9.97,26.65,0.00,0.00,,,,,,,0.000,0.000,0.0000,50.1
11.876,132.86,4.34,-9.97,26.75,0.00,0.00,,,,,,,0.000,0.000,0.0000,50.1
11.926,132.86,4.34,-9.97,26.85,0.00,0.00,,,,,,,0.000,0.000,0.0000,50.1
11.976,132.86,4.34,-9.97,26.95,0.00,0.00,,,,,,,0.000,0.000,0.0000,50.1
12.026,132.86,4.34,-9.97,27.05,0.00,0.00,,,,,,,0.000,0.000,0.0000,50.1
12.076,132.86,4.34,-9.97,27.15,0.00,0.00,,,,,,,0.000,0.000,0.0000,50.1
12.126,132.86,4.34,-9.97,27.25,0.00,0.00,,,,,,,0.000,0.000,0.0000,50.1
12.176,132.86,4.34,-9.97,27.35,0.00,0.00,,,,,,,0.000,0.000,0.0000,50.1
12.226,132.86,4.34,-9.97,27.45,0.00,0.00,,,,,,,0.000,0.000,0.0000,50.1
12.276,132.86,4.34,-9.97,27.55,0.00,0.00,,,,,,,0.000,0.000,0.0000,50.1
12.327,132.86,4.34,-9.97,27.65,0.00,0.00,,,,,,,0.000,0.000,0.0000,50.1
12.377,132.86,4.34,-9.97,27.75,0.00,0.00,,,,,,,0.000,0.000,0.0000,50.1
12.427,132.86,4.34,-9.97,27.85,0.00,0.00,,,,,,,0.000,0.000,0.0000,50.1
12.477,132.86,4.34,-9.97,27.95,0.00,0.00,,,,,,,0.000,0.000,0.0000,50.1
12.527,132.86,4.34,-9.97,28.05,0.00,0.00,,,,,,,0.000,0.000,0.0000,50.1
12.577,132.86,4.34,-9.97,28.15,0.00,0.00,,,,,,,0.000,0.000,0.0000,50.1
12.627,132.86,4.34,-9.97,28.25,0.00,0.00,,,,,,,0.000,0.000,0.0000,50.1
12.677,132.87,4.34,-9.97,28.35,0.00,0.00,,,,,,,0.000,0.000,0.0000,50.1
12.727,132.87,4.34,-9.97,28.45,0.00,0.00,,,,,,,0.000,0.000,0.0000,50.1
12.777,132.87,4.34,-9.97,28.55,0.00,0.00,,,,,,,0.000,0.000,0.0000,50.0
12.827,132.87,4.34,-9.97,28.65,0.00,0.00,,,,,,,0.000,0.000,0.0000,50.1
12.877,132.87,4.34,-9.97,28.75,0.00,0.00,,,,,,,0.000,0.000,0.0000,50.1
12.927,132.87,4.34,-9.97,28.85,0.00,0.00,,,,,,,0.000,0.000,0.0000,50.1
12.977,132.87,4.34,-9.97,28.95,0.00,0.00,,,,,,,0.000,0.000,0.0000,50.1
13.027,132.87,4.34,-9.97,29.05,0.00,0.00,,,,,,,0.000,0.000,0.0000,50.1
13.078,132.87,4.34,-9.97,29.16,0.00,0.00,,,,,,,0.000,0.000,0.0000,50.1
13.128,132.87,4.34,-9.97,29.26,0.00,0.00,,,,,,,0.000,0.000,0.0000,50.1
13.178,132.87,4.34,-9.97,29.36,0.00,0.00,,,,,,,0.000,0.000,0.0000,50.1
13.228,132.87,4.34,-9.97,29.46,0.00,0.00,,,,,,,0.000,0.000,0.0000,50.1
13.278,132.87,4.34,-9.97,29.56,0.00,0.00,,,,,,,0.000,0.000,0.0000,50.1
13.328,132.87,4.34,-9.97,29.66,0.00,0.00,,,,,,,0.000,0.000,0.0000,50.1
13.378,132.87,4.34,-9.97,29.76,0.00,0.00,,,,,,,0.000,0.000,0.0000,50.1
13.428,132.87,4.34,-9.97,29.86,0.00,0.00,,,,,,,0.000,0.000,0.0000,50.1
13.478,132.87,4.34,-9.97,29.96,0.00,0.00,,,,,,,0.000,0.000,0.0000,50.1
13.528,132.87,4.34,-9.97,30.06,0.00,0.00,,,,,,,0.000,0.000,0.0000,50.1
13.578,132.87,4.34,-9.97,30.16,0.00,0.00,,,,,,,0.000,0.000,0.0000,50.0
13.628,132.87,4.34,-9.97,30.26,0.00,0.00,,,,,,,0.000,0.000,0.0000,50.1
13.678,132.87,4.34,-9.97,30.36,0.00,0.00,,,,,,,0.000,0.000,0.0000,50.1
13.728,132.87,4.34,-9.97,30.46,0.00,0.00,,,,,,,0.000,0.000,0.0000,50.1
13.778,132.87,4.34,-9.97,30.56,0.00,0.00,,,,,,,0.000,0.000,0.0000,50.1
13.828,132.87,4.34,-9.97,30.66,0.00,0.00,,,,,,,0.000,0.000,0.0000,50.1
13.879,132.87,4.34,-9.97,30.76,0.00,0.00,,,,,,,0.000,0.000,0.0000,50.1
13.929,132.87,4.34,-9.97,30.86,0.00,0.00,,,,,,,0.000,0.000,0.0000,50.1
13.979,132.87,4.34,-9.97,30.96,0.00,0.00,,,,,,,0.000,0.000,0.0000,50.1
14.029,132.87,4.34,-9.97,31.06,0.00,0.00,,,,,,,0.000,0.000,0.0000,50.1
14.079,132.87,4.34,-9.97,31.16,0.00,0.00,,,,,,,0.000,0.000,0.0000,50.1
14.129,132.87,4.34,-9.97,31.26,0.00,0.00,,,,,,,0.000,0.000,0.0000,50.1
14.179,132.87,4.34,-9.97,31.36,0.00,0.00,,,,,,,0.000,0.000,0.0000,50.1
14.229,132.87,4.34,-9.97,31.46,0.00,0.00,,,,,,,0.000,0.000,0.0000,50.1
14.279,132.87,4.34,-9.97,31.56,0.00,0.00,,,,,,,0.000,0.000,0.0000,50.1
14.329,132.87,4.34,-9.97,31.66,0.00,0.00,,,,,,,0.000,0.000,0.0000,50.1
14.379,132.87,4.34,-9.97,31.76,0.00,0.00,,,,,,,0.000,0.000,0.0000,50.1
14.429,132.87,4.34,-9.97,31.86,0.00,0.00,,,,,,,0.000,0.000,0.0000,50.1
14.479,132.87,4.34,-9.97,31.96,0.00,0.00,,,,,,,0.000,0.000,0.0000,50.1
14.529,132.87,4.34,-9.97,32.06,0.00,0.00,,,,,,,0.000,0.000,0.0000,50.1
14.579,132.87,4.34,-9.97,32.16,0.00,0.00,,,,,,,0.000,0.000,0.0000,50.1
14.630,132.87,4.34,-9.97,32.26,0.00,0.00,,,,,,,0.000,0.000,0.0000,50.1
14.680,132.87,4.34,-9.97,32.36,0.00,0.00,,,,,,,0.000,0.000,0.0000,50.1
14.730,132.87,4.34,-9.97,32.46,0.00,0.00,,,,,,,0.000,0.000,0.0000,50.1
14.780,132.87,4.34,-9.97,32.56,0.00,0.00,,,,,,,0.000,0.000,0.0000,50.1
14.830,132.87,4.34,-9.97,32.66,0.00,0.00,,,,,,,0.000,0.000,0.0000,50.1
14.880,132.87,4.34,-9.97,32.76,0.00,0.00,,,,,,,0.000,0.000,0.0000,50.1
14.930,132.87,4.34,-9.97,32.86,0.00,0.00,,,,,,,0.000,0.000,0.0000,50.1
14.980,132.87,4.34,-9.97,32.96,0.00,0.00,,,,,,,0.000,0.000,0.0000,50.1
15.030,132.87,4.34,-9.97,33.06,0.00,0.00,,,,,,,0.000,0.000,0.0000,50.1
15.080,132.87,4.34,-9.97,33.16,0.00,0.00,,,,,,,0.000,0.000,0.0000,50.1
15.130,132.87,4.34,-9.97,33.26,0.00,0.00,,,,,,,0.000,0.000,0.0000,50.1
15.180,132.87,4.34,-9.97,33.36,0.00,0.00,,,,,,,0.000,0.000,0.0000,50.1
15.230,132.87,4.34,-9.97,33.46,0.00,0.00,,,,,,,0.000,0.000,0.0000,50.1
15.280,132.86,4.34,-9.97,33.56,0.00,0.00,,,,,,,0.000,0.000,0.0000,50.1
15.331,132.86,4.34,-9.97,33.66,0.00,0.00,,,,,,,0.000,0.000,0.0000,50.1
15.381,132.86,4.34,-9.97,33.76,0.00,0.00,,,,,,,0.000,0.000,0.0000,50.1
15.431,132.86,4.34,-9.97,33.86,0.00,0.00,,,,,,,0.000,0.000,0.0000,50.1
15.481,132.86,4.34,-9.97,33.96,0.00,0.00,,,,,,,0.000,0.000,0.0000,50.1
15.531,132.86,4.34,-9.97,34.06,0.00,0.00,,,,,,,0.000,0.000,0.0000,50.1
15.581,132.86,4.34,-9.97,34.16,0.00,0.00,,,,,,,0.000,0.000,0.0000,50.1
15.631,132.86,4.34,-9.97,34.26,0.00,0.00,,,,,,,0.000,0.000,0.0000,50.1
15.681,132.86,4.34,-9.97,34.36,0.00,0.00,,,,,,,0.000,0.000,0.0000,50.1
15.731,132.86,4.34,-9.97,34.46,0.00,0.00,,,,,,,0.000,0.000,0.0000,50.1
15.781,132.86,4.34,-9.97,34.56,0.00,0.00,,,,,,,0.000,0.000,0.0000,50.0
15.831,132.86,4.34,-9.97,34.66,0.00,0.00,,,,,,,0.000,0.000,0.0000,50.1
15.881,132.86,4.34,-9.97,34.76,0.00,0.00,,,,,,,0.000,0.000,0.0000,50.1
15.931,132.86,4.34,-9.97,34.86,0.00,0.00,,,,,,,0.000,0.000,0.0000,50.1
15.981,132.86,4.34,-9.97,34.96,0.00,0.00,,,,,,,0.000,0.000,0.0000,50.1
16.031,132.86,4.34,-9.97,35.06,0.00,0.00,,,,,,,0.000,0.000,0.0000,50.1
16.082,132.86,4.34,-9.97,35.16,0.00,0.00,,,,,,,0.000,0.000,0.0000,50.1
16.132,132.86,4.34,-9.97,35.26,0.00,0.00,,,,,,,0.000,0.000,0.0000,50.1
16.182,132.86,4.34,-9.97,35.36,0.00,0.00,,,,,,,0.000,0.000,0.0000,50.1
16.232,132.86,4.34,-9.97,35.46,0.00,0.00,,,,,,,0.000,0.000,0.0000,50.1
16.282,132.86,4.34,-9.97,35.56,0.00,0.00,,,,,,,0.000,0.000,0.0000,50.1
16.332,132.86,4.34,-9.97,35.66,0.00,0.00,,,,,,,0.000,0.000,0.0000,50.1
16.382,132.86,4.34,-9.97,35.76,0.00,0.00,,,,,,,0.000,0.000,0.0000,50.1
16.432,132.86,4.34,-9.97,35.86,0.00,0.00,,,,,,,0.000,0.000,0.0000,50.1
16.482,132.86,4.34,-9.97,35.96,0.00,0.00,,,,,,,0.000,0.000,0.0000,50.1
16.532,132.86,4.34,-9.97,36.06,0.00,0.00,,,,,,,0.000,0.000,0.0000,50.1
16.582,132.86,4.34,-9.97,36.16,0.00,0.00,,,,,,,0.000,0.000,0.0000,50.0
16.632,132.86,4.34,-9.97,36.26,0.00,0.00,,,,,,,0.000,0.000,0.0000,50.1
16.682,132.86,4.34,-9.97,36.36,0.00,0.00,,,,,,,0.000,0.000,0.0000,50.1
16.732,132.86,4.34,-9.97,36.46,0.00,0.00,,,,,,,0.000,0.000,0.0000,50.1
16.782,132.86,4.34,-9.97,36.56,0.00,0.00,,,,,,,0.000,0.000,0.0000,50.1
16.832,132.86,4.34,-9.97,36.66,0.00,0.00,,,,,,,0.000,0.000,0.0000,50.1
16.883,132.86,4.34,-9.97,36.77,0.00,0.00,,,,,,,0.000,0.000,0.0000,50.1
16.933,132.86,4.34,-9.97,36.87,0.00,0.00,,,,,,,0.000,0.000,0.0000,50.1
16.983,132.86,4.33,-9.97,36.97,0.00,0.00,,,,,,,0.000,0.000,0.0000,50.1
17.033,132.86,4.33,-9.97,37.07,0.00,0.00,,,,,,,0.000,0.000,0.0000,50.1
17.083,132.86,4.33,-9.97,37.17,0.00,0.00,,,,,,,0.000,0.000,0.0000,50.1
17.133,132.86,4.33,-9.97,37.27,0.00,0.00,,,,,,,0.000,0.000,0.0000,50.1
17.183,132.86,4.33,-9.97,37.37,0.00,0.00,,,,,,,0.000,0.000,0.0000,50.1
17.233,132.86,4.33,-9.97,37.47,0.00,0.00,,,,,,,0.000,0.000,0.0000,50.1
17.283,132.86,4.33,-9.97,37.57,0.00,0.00,,,,,,,0.000,0.000,0.0000,50.1
17.333,132.86,4.33,-9.97,37.67,0.00,0.00,,,,,,,0.000,0.000,0.0000,50.1
17.383,132.86,4.33,-9.97,37.77,0.00,0.00,,,,,,,0.000,0.000,0.0000,50.1
17.433,132.86,4.33,-9.97,37.87,0.00,0.00,,,,,,,0.000,0.000,0.0000,50.1
17.483,132.86,4.33,-9.97,37.97,0.00,0.00,,,,,,,0.000,0.000,0.0000,50.1
17.533,132.86,4.33,-9.97,38.07,0.00,0.00,,,,,,,0.000,0.000,0.0000,50.1
17.583,132.86,4.33,-9.97,38.17,0.00,0.00,,,,,,,0.000,0.000,0.0000,50.1
17.634,132.86,4.33,-9.97,38.27,0.00,0.00,,,,,,,0.000,0.000,0.0000,50.1
17.684,132.86,4.33,-9.97,38.37,0.00,0.00,,,,,,,0.000,0.000,0.0000,50.1
17.734,132.86,4.33,-9.97,38.47,0.00,0.00,,,,,,,0.000,0.000,0.0000,50.1
17.784,132.86,4.33,-9.97,38.57,0.00,0.00,,,,,,,0.000,0.000,0.0000,50.1
17.834,132.86,4.33,-9.97,38.67,0.00,0.00,,,,,,,0.000,0.000,0.0000,50.1
17.884,132.86,4.33,-9.97,38.77,0.00,0.00,,,,,,,0.000,0.000,0.0000,50.1
17.934,132.86,4.33,-9.97,38.87,0.00,0.00,,,,,,,0.000,0.000,0.0000,50.1
17.984,132.86,4.33,-9.97,38.97,0.00,0.00,,,,,,,0.000,0.000,0.0000,50.1
18.034,132.86,4.33,-9.97,39.07,0.00,0.00,,,,,,,0.000,0.000,0.0000,50.1
18.084,132.86,4.33,-9.97,39.17,0.00,0.00,,,,,,,0.000,0.000,0.0000,50.1
18.134,132.86,4.33,-9.97,39.27,0.00,0.00,,,,,,,0.000,0.000,0.0000,50.1
18.184,132.86,4.33,-9.97,39.37,0.00,0.00,,,,,,,0.000,0.000,0.0000,50.1
18.234,132.86,4.33,-9.97,39.47,0.00,0.00,,,,,,,0.000,0.000,0.0000,50.1
18.284,132.86,4.33,-9.97,39.57,0.00,0.00,,,,,,,0.000,0.000,0.0000,50.1
18.334,132.86,4.33,-9.97,39.67,0.00,0.00,,,,,,,0.000,0.000,0.0000,50.1
18.384,132.86,4.33,-9.97,39.77,0.00,0.00,,,,,,,0.000,0.000,0.0000,50.1
18.435,132.86,4.33,-9.97,39.87,0.00,0.00,,,,,,,0.000,0.000,0.0000,50.1
18.485,132.86,4.33,-9.97,39.97,0.00,0.00,,,,,,,0.000,0.000,0.0000,50.1
18.535,132.86,4.33,-9.97,40.07,0.00,0.00,,,,,,,0.000,0.000,0.0000,50.1
18.585,132.86,4.33,-9.97,40.17,0.00,0.00,,,,,,,0.000,0.000,0.0000,50.1
18.635,132.86,4.33,-9.97,40.27,0.00,0.00,,,,,,,0.000,0.000,0.0000,50.1
18.685,132.86,4.33,-9.97,40.37,0.00,0.00,,,,,,,0.000,0.000,0.0000,50.1
18.735,132.86,4.33,-9.97,40.47,0.00,0.00,,,,,,,0.000,0.000,0.0000,50.1
18.785,132.86,4.33,-9.97,40.57,0.00,0.00,,,,,,,0.000,0.000,0.0000,50.1
18.835,132.86,4.33,-9.97,40.67,0.00,0.00,,,,,,,0.000,0.000,0.0000,50.1
18.885,132.86,4.33,-9.97,40.77,0.00,0.00,,,,,,,0.000,0.000,0.0000,50.1
18.935,132.86,4.33,-9.97,40.87,0.00,0.00,,,,,,,0.000,0.000,0.0000,50.1
18.985,132.86,4.33,-9.97,40.97,0.00,0.00,,,,,,,0.000,0.000,0.0000,50.1
19.035,132.86,4.33,-9.97,41.07,0.00,0.00,,,,,,,0.000,0.000,0.0000,50.1
19.085,132.86,4.33,-9.97,41.17,0.00,0.00,,,,,,,0.000,0.000,0.0000,50.1
19.135,132.86,4.33,-9.97,41.27,0.00,0.00,,,,,,,0.000,0.000,0.0000,50.1
19.185,132.86,4.33,-9.97,41.37,0.00,0.00,,,,,,,0.000,0.000,0.0000,50.1
19.235,132.86,4.33,-9.97,41.47,0.00,0.00,,,,,,,0.000,0.000,0.0000,50.1
19.286,132.86,4.33,-9.97,41.57,0.00,0.00,,,,,,,0.000,0.000,0.0000,50.1
19.336,132.86,4.33,-9.97,41.67,0.00,0.00,,,,,,,0.000,0.000,0.0000,50.1
19.386,132.86,4.33,-9.97,41.77,0.00,0.00,,,,,,,0.000,0.000,0.0000,50.1
19.436,132.86,4.33,-9.97,41.87,0.00,0.00,,,,,,,0.000,0.000,0.0000,50.1
19.486,132.86,4.33,-9.97,41.97,0.00,0.00,,,,,,,0.000,0.000,0.0000,50.1
19.536,132.86,4.33,-9.97,42.07,0.00,0.00,,,,,,,0.000,0.000,0.0000,50.1
19.586,132.86,4.33,-9.97,42.17,0.00,0.00,,,,,,,0.000,0.000,0.0000,50.1
19.636,132.86,4.33,-9.97,42.27,0.00,0.00,,,,,,,0.000,0.000,0.0000,50.1
19.686,132.86,4.33,-9.97,42.37,0.00,0.00,,,,,,,0.000,0.000,0.0000,50.1
19.736,132.86,4.33,-9.97,42.47,0.00,0.00,,,,,,,0.000,0.000,0.0000,50.1
19.786,132.86,4.33,-9.97,42.57,0.00,0.00,,,,,,,0.000,0.000,0.0000,50.1
19.836,132.86,4.33,-9.97,42.67,0.00,0.00,,,,,,,0.000,0.000,0.0000,50.1
19.886,132.86,4.33,-9.97,42.77,0.00,0.00,,,,,,,0.000,0.000,0.0000,50.1
19.936,132.86,4.33,-9.97,42.87,0.00,0.00,,,,,,,0.000,0.000,0.0000,50.1
19.986,132.86,4.33,-9.97,42.97,0.00,0.00,,,,,,,0.000,0.000,0.0000,50.1
20.037,132.86,4.33,-9.97,43.07,0.00,0.00,,,,,,,0.000,0.000,0.0000,50.1
20.087,132.86,4.33,-9.97,43.17,0.00,0.00,,,,,,,0.000,0.000,0.0000,50.3
20.137,132.86,4.33,-9.97,43.27,0.00,0.00,,,,,,,0.000,0.000,0.0000,50.1
20.187,132.86,4.34,-9.97,43.37,0.00,0.00,,,,,,,0.000,0.000,0.0000,50.1
20.237,132.86,4.34,-9.97,43.47,0.00,0.00,,,,,,,0.000,0.000,0.0000,50.1
20.287,132.86,4.34,-9.97,43.57,0.00,0.00,,,,,,,0.000,0.000,0.0000,50.1
20.337,132.86,4.34,-9.97,43.67,0.00,0.00,,,,,,,0.000,0.000,0.0000,50.1
20.387,132.86,4.34,-9.97,43.77,0.00,0.00,,,,,,,0.000,0.000,0.0000,50.1
20.437,132.86,4.34,-9.97,43.87,0.00,0.00,,,,,,,0.000,0.000,0.0000,50.1
20.487,132.86,4.34,-9.97,43.97,0.00,0.00,,,,,,,0.000,0.000,0.0000,50.1
20.537,132.86,4.34,-9.97,44.07,0.00,0.00,,,,,,,0.000,0.000,0.0000,50.1
20.587,132.86,4.34,-9.97,44.17,0.00,0.00,,,,,,,0.000,0.000,0.0000,50.1
20.638,132.86,4.34,-9.97,44.28,0.00,0.00,,,,,,,0.000,0.000,0.0000,50.1
20.688,132.86,4.34,-9.97,44.38,0.00,0.00,,,,,,,0.000,0.000,0.0000,50.1
20.738,132.86,4.34,-9.97,44.48,0.00,0.00,,,,,,,0.000,0.000,0.0000,50.1
20.788,132.86,4.34,-9.97,44.58,0.00,0.00,,,,,,,0.000,0.000,0.0000,50.0
20.838,132.86,4.34,-9.97,44.68,0.00,0.00,,,,,,,0.000,0.000,0.0000,50.1
20.888,132.86,4.34,-9.97,44.78,0.00,0.00,,,,,,,0.000,0.000,0.0000,50.1
20.938,132.86,4.34,-9.97,44.88,0.00,0.00,,,,,,,0.000,0.000,0.0000,50.1
20.988,132.86,4.34,-9.97,44.98,0.00,0.00,,,,,,,0.000,0.000,0.0000,50.1
21.038,132.86,4.34,-9.97,45.08,0.00,0.00,,,,,,,0.000,0.000,0.0000,50.1
21.088,132.86,4.34,-9.97,45.18,0.00,0.00,,,,,,,0.000,0.000,0.0000,50.1
21.138,132.86,4.34,-9.97,45.28,0.00,0.00,,,,,,,0.000,0.000,0.0000,50.1
21.188,132.86,4.34,-9.97,45.38,0.00,0.00,,,,,,,0.000,0.000,0.0000,50.1
21.238,132.86,4.34,-9.97,45.48,0.00,0.00,,,,,,,0.000,0.000,0.0000,50.1
21.288,132.86,4.34,-9.97,45.58,0.00,0.00,,,,,,,0.000,0.000,0.0000,50.1
21.338,132.86,4.34,-9.97,45.68,0.00,0.00,,,,,,,0.000,0.000,0.0000,50.1
21.388,132.86,4.34,-9.97,45.78,0.00,0.00,,,,,,,0.000,0.000,0.0000,50.1
21.438,132.86,4.34,-9.97,45.88,0.00,0.00,,,,,,,0.000,0.000,0.0000,50.1
21.489,132.86,4.34,-9.97,45.98,0.00,0.00,,,,,,,0.000,0.000,0.0000,50.1
21.539,132.86,4.34,-9.97,46.08,0.00,0.00,,,,,,,0.000,0.000,0.0000,50.1
21.589,132.86,4.34,-9.97,46.18,0.00,0.00,,,,,,,0.000,0.000,0.0000,50.1
21.639,132.86,4.34,-9.97,46.28,0.00,0.00,,,,,,,0.000,0.000,0.0000,50.1
21.689,132.86,4.34,-9.97,46.38,0.00,0.00,,,,,,,0.000,0.000,0.0000,50.1
21.739,132.86,4.34,-9.97,46.48,0.00,0.00,,,,,,,0.000,0.000,0.0000,50.1
21.789,132.86,4.34,-9.97,46.58,0.00,0.00,,,,,,,0.000,0.000,0.0000,50.1
21.839,132.86,4.34,-9.97,46.68,0.00,0.00,,,,,,,0.000,0.000,0.0000,50.1
21.889,132.86,4.34,-9.97,46.78,0.00,0.00,,,,,,,0.000,0.000,0.0000,50.1
21.939,132.86,4.34,-9.97,46.88,0.00,0.00,,,,,,,0.000,0.000,0.0000,50.1
21.989,132.86,4.34,-9.97,46.98,0.00,0.00,,,,,,,0.000,0.000,0.0000,50.1
22.039,132.86,4.34,-9.97,47.08,0.00,0.00,,,,,,,0.000,0.000,0.0000,50.1
22.089,132.86,4.34,-9.97,47.18,0.00,0.00,,,,,,,0.000,0.000,0.0000,50.1
22.139,132.86,4.34,-9.97,47.28,0.00,0.00,,,,,,,0.000,0.000,0.0000,50.1
22.189,132.86,4.34,-9.97,47.38,0.00,0.00,,,,,,,0.000,0.000,0.0000,50.1
22.240,132.86,4.34,-9.97,47.48,0.00,0.00,,,,,,,0.000,0.000,0.0000,50.1
22.290,132.86,4.34,-9.97,47.58,0.00,0.00,,,,,,,0.000,0.000,0.0000,50.1
22.340,132.86,4.34,-9.97,47.68,0.00,0.00,,,,,,,0.000,0.000,0.0000,50.1
22.390,132.86,4.34,-9.97,47.78,0.00,0.00,,,,,,,0.000,0.000,0.0000,50.1
22.440,132.86,4.34,-9.97,47.88,0.00,0.00,,,,,,,0.000,0.000,0.0000,50.1
22.490,132.86,4.34,-9.97,47.98,0.00,0.00,,,,,,,0.000,0.000,0.0000,50.1
22.540,132.86,4.34,-9.97,48.08,0.00,0.00,,,,,,,0.000,0.000,0.0000,50.1
22.590,132.86,4.34,-9.97,48.18,0.00,0.00,,,,,,,0.000,0.000,0.0000,50.1
22.640,132.86,4.34,-9.97,48.28,0.00,0.00,,,,,,,0.000,0.000,0.0000,50.1
22.690,132.86,4.34,-9.97,48.38,0.00,0.00,,,,,,,0.000,0.000,0.0000,50.1
22.740,132.86,4.34,-9.97,48.48,0.00,0.00,,,,,,,0.000,0.000,0.0000,50.1
22.790,132.86,4.34,-9.97,48.58,0.00,0.00,,,,,,,0.000,0.000,0.0000,50.1
22.840,132.86,4.34,-9.97,48.68,0.00,0.00,,,,,,,0.000,0.000,0.0000,50.1
22.890,132.86,4.34,-9.97,48.78,0.00,0.00,,,,,,,0.000,0.000,0.0000,50.1
22.940,132.86,4.34,-9.97,48.88,0.00,0.00,,,,,,,0.000,0.000,0.0000,50.1
22.990,132.86,4.34,-9.97,48.98,0.00,0.00,,,,,,,0.000,0.000,0.0000,50.1
23.040,132.86,4.34,-9.97,49.08,0.00,0.00,,,,,,,0.000,0.000,0.0000,50.1
23.091,132.86,4.34,-9.97,49.18,0.00,0.00,,,,,,,0.000,0.000,0.0000,50.1
23.141,132.86,4.34,-9.97,49.28,0.00,0.00,,,,,,,0.000,0.000,0.0000,50.1
23.191,132.86,4.34,-9.97,49.38,0.00,0.00,,,,,,,0.000,0.000,0.0000,50.1
23.241,132.86,4.34,-9.97,49.48,0.00,0.00,,,,,,,0.000,0.000,0.0000,50.1
23.291,132.86,4.34,-9.97,49.58,0.00,0.00,,,,,,,0.000,0.000,0.0000,50.1
23.341,132.86,4.34,-9.97,49.68,0.00,0.00,,,,,,,0.000,0.000,0.0000,50.1
23.391,132.86,4.34,-9.97,49.78,0.00,0.00,,,,,,,0.000,0.000,0.0000,50.1
23.441,132.86,4.34,-9.97,49.88,0.00,0.00,,,,,,,0.000,0.000,0.0000,50.1
23.491,132.86,4.34,-9.97,49.98,0.00,0.00,,,,,,,0.000,0.000,0.0000,50.1
23.541,132.86,4.34,-9.97,50.08,0.00,0.00,,,,,,,0.000,0.000,0.0000,50.1
23.591,132.86,4.34,-9.97,50.18,0.00,0.00,,,,,,,0.000,0.000,0.0000,50.1
23.641,132.86,4.34,-9.97,50.28,0.00,0.00,,,,,,,0.000,0.000,0.0000,50.1
23.691,132.86,4.34,-9.97,50.38,0.00,0.00,,,,,,,0.000,0.000,0.0000,50.1
23.741,132.86,4.34,-9.97,50.48,0.00,0.00,,,,,,,0.000,0.000,0.0000,50.1
23.791,132.86,4.34,-9.97,50.58,0.00,0.00,,,,,,,0.000,0.000,0.0000,50.1
23.841,132.86,4.34,-9.97,50.68,0.00,0.00,,,,,,,0.000,0.000,0.0000,50.1
23.892,132.86,4.34,-9.97,50.78,0.00,0.00,,,,,,,0.000,0.000,0.0000,50.1
23.942,132.86,4.34,-9.97,50.88,0.00,0.00,,,,,,,0.000,0.000,0.0000,50.1
23.992,132.86,4.34,-9.97,50.98,0.00,0.00,,,,,,,0.000,0.000,0.0000,50.1
24.042,132.86,4.34,-9.97,51.08,0.00,0.00,,,,,,,0.000,0.000,0.0000,50.1
24.092,132.86,4.34,-9.97,51.18,0.00,0.00,,,,,,,0.000,0.000,0.0000,50.1
24.142,132.86,4.34,-9.97,51.28,0.00,0.00,,,,,,,0.000,0.000,0.0000,50.1
24.192,132.86,4.34,-9.97,51.38,0.00,0.00,,,,,,,0.000,0.000,0.0000,50.1
24.242,132.86,4.34,-9.97,51.48,0.00,0.00,,,,,,,0.000,0.000,0.0000,50.1
24.292,132.86,4.34,-9.98,51.58,0.00,0.00,,,,,,,0.000,0.000,0.0000,50.1
24.342,132.86,4.34,-9.98,51.68,0.00,0.00,,,,,,,0.000,0.000,0.0000,50.1
24.392,132.86,4.34,-9.98,51.78,0.00,0.00,,,,,,,0.000,0.000,0.0000,50.1
24.442,132.86,4.34,-9.98,51.88,0.00,0.00,,,,,,,0.000,0.000,0.0000,50.1
24.492,132.86,4.34,-9.98,51.98,0.00,0.00,,,,,,,0.000,0.000,0.0000,50.1
24.542,132.86,4.34,-9.98,52.08,0.00,0.00,,,,,,,0.000,0.000,0.0000,50.1
24.592,132.86,4.34,-9.98,52.18,0.00,0.00,,,,,,,0.000,0.000,0.0000,50.1
24.643,132.86,4.34,-9.98,52.29,0.00,0.00,,,,,,,0.000,0.000,0.0000,50.1
24.693,132.86,4.34,-9.98,52.39,0.00,0.00,,,,,,,0.000,0.000,0.0000,50.1
24.743,132.86,4.34,-9.98,52.49,0.00,0.00,,,,,,,0.000,0.000,0.0000,50.1
24.793,132.86,4.34,-9.98,52.59,0.00,0.00,,,,,,,0.000,0.000,0.0000,50.1
24.843,132.86,4.34,-9.98,52.69,0.00,0.00,,,,,,,0.000,0.000,0.0000,50.1
24.893,132.86,4.34,-9.98,52.79,0.00,0.00,,,,,,,0.000,0.000,0.0000,50.1
24.943,132.86,4.34,-9.98,52.89,0.00,0.00,,,,,,,0.000,0.000,0.0000,50.1
24.993,132.86,4.34,-9.98,52.99,0.00,0.00,,,,,,,0.000,0.000,0.0000,50.1
25.043,132.86,4.34,-9.98,53.09,0.00,0.00,,,,,,,0.000,0.000,0.0000,50.1
25.093,132.86,4.34,-9.98,53.19,0.00,0.00,,,,,,,0.000,0.000,0.0000,50.1
25.143,132.86,4.34,-9.98,53.29,0.00,0.00,,,,,,,0.000,0.000,0.0000,50.1
25.193,132.86,4.34,-9.98,53.39,0.00,0.00,,,,,,,0.000,0.000,0.0000,50.1
25.243,132.86,4.34,-9.98,53.49,0.00,0.00,,,,,,,0.000,0.000,0.0000,50.1
25.293,132.86,4.34,-9.98,53.59,0.00,0.00,,,,,,,0.000,0.000,0.0000,50.1
25.344,132.86,4.34,-9.98,53.69,0.00,0.00,,,,,,,0.000,0.000,0.0000,50.1
25.394,132.86,4.34,-9.98,53.79,0.00,0.00,,,,,,,0.000,0.000,0.0000,50.1
25.444,132.86,4.34,-9.98,53.89,0.00,0.00,,,,,,,0.000,0.000,0.0000,50.1
25.494,132.86,4.34,-9.98,53.99,0.00,0.00,,,,,,,0.000,0.000,0.0000,50.2
25.544,132.86,4.34,-9.98,54.09,0.00,0.00,,,,,,,0.000,0.000,0.0000,50.1
25.594,132.86,4.34,-9.98,54.19,0.00,0.00,,,,,,,0.000,0.000,0.0000,50.1
25.644,132.86,4.34,-9.98,54.29,0.00,0.00,,,,,,,0.000,0.000,0.0000,50.1
25.694,132.86,4.34,-9.98,54.39,0.00,0.00,,,,,,,0.000,0.000,0.0000,50.1
25.744,132.86,4.34,-9.98,54.49,0.00,0.00,,,,,,,0.000,0.000,0.0000,50.1
25.794,132.86,4.34,-9.98,54.59,0.00,0.00,,,,,,,0.000,0.000,0.0000,50.1
25.844,132.86,4.34,-9.98,54.69,0.00,0.00,,,,,,,0.000,0.000,0.0000,50.1
25.894,132.86,4.34,-9.98,54.79,0.00,0.00,,,,,,,0.000,0.000,0.0000,50.1
25.944,132.86,4.34,-9.98,54.89,0.00,0.00,,,,,,,0.000,0.000,0.0000,50.1
25.995,132.86,4.34,-9.98,54.99,0.00,0.00,,,,,,,0.000,0.000,0.0000,50.1
26.045,132.86,4.34,-9.98,55.09,0.00,0.00,,,,,,,0.000,0.000,0.0000,50.1
26.095,132.86,4.34,-9.98,55.19,0.00,0.00,,,,,,,0.000,0.000,0.0000,50.1
26.145,132.86,4.34,-9.98,55.29,0.00,0.00,,,,,,,0.000,0.000,0.0000,50.1
26.195,132.86,4.34,-9.98,55.39,0.00,0.00,,,,,,,0.000,0.000,0.0000,50.1
26.245,132.86,4.34,-9.98,55.49,0.00,0.00,,,,,,,0.000,0.000,0.0000,50.1
26.295,132.86,4.34,-9.98,55.59,0.00,0.00,,,,,,,0.000,0.000,0.0000,50.1
26.345,132.86,4.34,-9.98,55.69,0.00,0.00,,,,,,,0.000,0.000,0.0000,50.1
26.395,132.86,4.33,-9.97,55.79,0.00,0.00,,,,,,,0.000,0.000,0.0000,50.1
26.445,132.86,4.33,-9.97,55.89,0.00,0.00,,,,,,,0.000,0.000,0.0000,50.1
26.495,132.86,4.33,-9.97,55.99,0.00,0.00,,,,,,,0.000,0.000,0.0000,50.1
26.545,132.86,4.33,-9.97,56.09,0.00,0.00,,,,,,,0.000,0.000,0.0000,50.1
26.595,132.87,4.33,-9.97,56.19,0.00,0.00,,,,,,,0.000,0.000,0.0000,50.1
26.645,132.87,4.33,-9.97,56.29,0.00,0.00,,,,,,,0.000,0.000,0.0000,50.1
26.695,132.87,4.33,-9.97,56.39,0.00,0.00,,,,,,,0.000,0.000,0.0000,50.1
26.746,132.87,4.33,-9.97,56.49,0.00,0.00,,,,,,,0.000,0.000,0.0000,50.1
26.796,132.87,4.33,-9.97,56.59,0.00,0.00,,,,,,,0.000,0.000,0.0000,50.1
26.846,132.87,4.33,-9.97,56.69,0.00,0.00,,,,,,,0.000,0.000,0.0000,50.1
26.896,132.87,4.33,-9.97,56.79,0.00,0.00,,,,,,,0.000,0.000,0.0000,50.1
26.946,132.87,4.33,-9.97,56.89,0.00,0.00,,,,,,,0.000,0.000,0.0000,50.1
26.996,132.87,4.33,-9.97,56.99,0.00,0.00,,,,,,,0.000,0.000,0.0000,50.1
27.046,132.87,4.33,-9.97,57.09,0.00,0.00,,,,,,,0.000,0.000,0.0000,50.1
27.096,132.87,4.33,-9.97,57.19,0.00,0.00,,,,,,,0.000,0.000,0.0000,50.1
27.146,132.87,4.33,-9.97,57.29,0.00,0.00,,,,,,,0.000,0.000,0.0000,50.1
27.196,132.87,4.33,-9.97,57.39,0.00,0.00,,,,,,,0.000,0.000,0.0000,50.1
27.246,132.87,4.33,-9.97,57.49,0.00,0.00,,,,,,,0.000,0.000,0.0000,50.0
27.296,132.87,4.33,-9.97,57.59,0.00,0.00,,,,,,,0.000,0.000,0.0000,50.1
27.346,132.87,4.33,-9.97,57.69,0.00,0.00,,,,,,,0.000,0.000,0.0000,50.1
27.396,132.87,4.33,-9.97,57.79,0.00,0.00,,,,,,,0.000,0.000,0.0000,50.1
27.446,132.87,4.33,-9.97,57.89,0.00,0.00,,,,,,,0.000,0.000,0.0000,50.1
27.496,132.87,4.33,-9.97,57.99,0.00,0.00,,,,,,,0.000,0.000,0.0000,50.1
27.546,132.87,4.33,-9.97,58.09,0.00,0.00,,,,,,,0.000,0.000,0.0000,50.1
27.597,132.87,4.33,-9.97,58.19,0.00,0.00,,,,,,,0.000,0.000,0.0000,50.1
27.647,132.87,4.33,-9.97,58.29,0.00,0.00,,,,,,,0.000,0.000,0.0000,50.1
27.697,132.87,4.33,-9.97,58.39,0.00,0.00,,,,,,,0.000,0.000,0.0000,50.1
27.747,132.87,4.33,-9.97,58.49,0.00,0.00,,,,,,,0.000,0.000,0.0000,50.1
27.797,132.87,4.33,-9.97,58.59,0.00,0.00,,,,,,,0.000,0.000,0.0000,50.1
27.847,132.87,4.33,-9.97,58.69,0.00,0.00,,,,,,,0.000,0.000,0.0000,50.1
27.897,132.87,4.33,-9.97,58.79,0.00,0.00,,,,,,,0.000,0.000,0.0000,50.1
27.947,132.87,4.33,-9.97,58.89,0.00,0.00,,,,,,,0.000,0.000,0.0000,50.1
27.997,132.87,4.33,-9.97,58.99,0.00,0.00,,,,,,,0.000,0.000,0.0000,50.1
28.047,132.87,4.33,-9.97,59.09,0.00,0.00,,,,,,,0.000,0.000,0.0000,50.1
28.097,132.87,4.33,-9.97,59.19,0.00,0.00,,,,,,,0.000,0.000,0.0000,50.1
28.147,132.87,4.33,-9.97,59.29,0.00,0.00,,,,,,,0.000,0.000,0.0000,50.1
28.197,132.87,4.33,-9.97,59.39,0.00,0.00,,,,,,,0.000,0.000,0.0000,50.1
28.247,132.87,4.33,-9.97,59.49,0.00,0.00,,,,,,,0.000,0.000,0.0000,50.1
28.297,132.87,4.33,-9.97,59.59,0.00,0.00,,,,,,,0.000,0.000,0.0000,50.1
28.347,132.87,4.33,-9.97,59.69,0.00,0.00,,,,,,,0.000,0.000,0.0000,50.1
28.398,132.87,4.33,-9.97,59.80,0.00,0.00,,,,,,,0.000,0.000,0.0000,50.1
28.448,132.87,4.33,-9.97,59.90,0.00,0.00,,,,,,,0.000,0.000,0.0000,50.1
28.498,132.87,4.33,-9.97,60.00,0.00,0.00,,,,,,,0.000,0.000,0.0000,50.1
28.548,132.87,4.33,-9.97,60.10,0.00,0.00,,,,,,,0.000,0.000,0.0000,50.1
28.598,132.87,4.33,-9.97,60.20,0.00,0.00,,,,,,,0.000,0.000,0.0000,50.1
28.648,132.87,4.33,-9.97,60.30,0.00,0.00,,,,,,,0.000,0.000,0.0000,50.1
28.698,132.87,4.33,-9.97,60.40,0.00,0.00,,,,,,,0.000,0.000,0.0000,50.1
28.748,132.87,4.33,-9.97,60.50,0.00,0.00,,,,,,,0.000,0.000,0.0000,50.1
28.798,132.87,4.33,-9.97,60.60,0.00,0.00,,,,,,,0.000,0.000,0.0000,50.1
28.848,132.87,4.33,-9.97,60.70,0.00,0.00,,,,,,,0.000,0.000,0.0000,50.1
28.898,132.87,4.33,-9.97,60.80,0.00,0.00,,,,,,,0.000,0.000,0.0000,50.1
28.948,132.87,4.33,-9.97,60.90,0.00,0.00,,,,,,,0.000,0.000,0.0000,50.1
28.998,132.86,4.33,-9.98,61.00,0.00,0.00,,,,,,,0.000,0.000,0.0000,50.1
29.048,132.86,4.33,-9.98,61.10,0.00,0.00,,,,,,,0.000,0.000,0.0000,50.1
29.099,132.86,4.33,-9.98,61.20,0.00,0.00,,,,,,,0.000,0.000,0.0000,50.1
29.149,132.86,4.33,-9.98,61.30,0.00,0.00,,,,,,,0.000,0.000,0.0000,50.1
29.199,132.86,4.33,-9.98,61.40,0.00,0.00,,,,,,,0.000,0.000,0.0000,50.1
29.249,132.86,4.33,-9.98,61.50,0.00,0.00,,,,,,,0.000,0.000,0.0000,50.1
29.299,132.86,4.34,-9.98,61.60,0.00,0.00,,,,,,,0.000,0.000,0.0000,50.1
29.349,132.86,4.34,-9.98,61.70,0.00,0.00,,,,,,,0.000,0.000,0.0000,50.1
29.399,132.86,4.34,-9.98,61.80,0.00,0.00,,,,,,,0.000,0.000,0.0000,50.1
29.449,132.86,4.34,-9.98,61.90,0.00,0.00,,,,,,,0.000,0.000,0.0000,50.1
29.499,132.86,4.34,-9.98,62.00,0.00,0.00,,,,,,,0.000,0.000,0.0000,50.1
29.549,132.86,4.34,-9.98,62.10,0.00,0.00,,,,,,,0.000,0.000,0.0000,50.0
29.599,132.86,4.34,-9.98,62.20,0.00,0.00,,,,,,,0.000,0.000,0.0000,50.1
29.649,132.86,4.34,-9.98,62.30,0.00,0.00,,,,,,,0.000,0.000,0.0000,50.1
29.699,132.86,4.34,-9.98,62.40,0.00,0.00,,,,,,,0.000,0.000,0.0000,50.1
29.749,132.86,4.34,-9.98,62.50,0.00,0.00,,,,,,,0.000,0.000,0.0000,50.1
29.799,132.86,4.34,-9.98,62.60,0.00,0.00,,,,,,,0.000,0.000,0.0000,50.1
29.850,132.86,4.34,-9.98,62.70,0.00,0.00,,,,,,,0.000,0.000,0.0000,50.1
29.900,132.86,4.34,-9.98,62.80,0.00,0.00,,,,,,,0.000,0.000,0.0000,50.1
29.950,132.86,4.34,-9.98,62.90,0.00,0.00,,,,,,,0.000,0.000,0.0000,50.1
30.000,132.86,4.34,-9.98,63.00,0.00,0.00,,,,,,,0.000,0.000,0.0000,50.1
30.050,132.86,4.34,-9.98,63.10,0.00,0.00,,,,,,,0.000,0.000,0.0000,50.1
30.100,132.86,4.34,-9.98,63.20,0.00,0.00,,,,,,,0.000,0.000,0.0000,50.1
30.150,132.86,4.34,-9.98,63.30,0.00,0.00,,,,,,,0.000,0.000,0.0000,50.1
30.200,132.86,4.34,-9.98,63.40,0.00,0.00,,,,,,,0.000,0.000,0.0000,50.1
30.250,132.86,4.34,-9.98,63.50,0.00,0.00,,,,,,,0.000,0.000,0.0000,50.1
30.300,132.86,4.34,-9.98,63.60,0.00,0.00,,,,,,,0.000,0.000,0.0000,50.1
30.350,132.86,4.34,-9.98,63.70,0.00,0.00,,,,,,,0.000,0.000,0.0000,50.1
30.400,132.86,4.34,-9.98,63.80,0.00,0.00,,,,,,,0.000,0.000,0.0000,50.2
30.451,132.86,4.34,-9.98,63.90,0.00,0.00,,,,,,,0.000,0.000,0.0000,50.1
30.501,132.86,4.34,-9.98,64.00,0.00,0.00,,,,,,,0.000,0.000,0.0000,50.1
30.551,132.86,4.34,-9.98,64.10,0.00,0.00,,,,,,,0.000,0.000,0.0000,50.1
30.601,132.86,4.34,-9.98,64.20,0.00,0.00,,,,,,,0.000,0.000,0.0000,50.1
30.651,132.86,4.34,-9.98,64.30,0.00,0.00,,,,,,,0.000,0.000,0.0000,50.1
30.701,132.86,4.34,-9.98,64.40,0.00,0.00,,,,,,,0.000,0.000,0.0000,50.1
30.751,132.86,4.34,-9.98,64.50,0.00,0.00,,,,,,,0.000,0.000,0.0000,50.1
30.801,132.86,4.34,-9.98,64.60,0.00,0.00,,,,,,,0.000,0.000,0.0000,50.1
30.851,132.86,4.34,-9.98,64.70,0.00,0.00,,,,,,,0.000,0.000,0.0000,50.1
30.901,132.86,4.34,-9.98,64.80,0.00,0.00,,,,,,,0.000,0.000,0.0000,50.1
30.951,132.86,4.34,-9.98,64.90,0.00,0.00,,,,,,,0.000,0.000,0.0000,50.1
31.001,132.86,4.34,-9.98,65.00,0.00,0.00,,,,,,,0.000,0.000,0.0000,50.1
31.051,132.86,4.34,-9.98,65.10,0.00,0.00,,,,,,,0.000,0.000,0.0000,50.1
31.101,132.86,4.34,-9.98,65.20,0.00,0.00,,,,,,,0.000,0.000,0.0000,50.1
31.151,132.86,4.34,-9.98,65.30,0.00,0.00,,,,,,,0.000,0.000,0.0000,50.1
31.202,132.86,4.34,-9.98,65.40,0.00,0.00,,,,,,,0.000,0.000,0.0000,50.1
31.252,132.86,4.34,-9.98,65.50,0.00,0.00,,,,,,,0.000,0.000,0.0000,50.1
31.302,132.86,4.34,-9.97,65.60,0.00,0.00,,,,,,,0.000,0.000,0.0000,50.1
31.352,132.86,4.34,-9.97,65.70,0.00,0.00,,,,,,,0.000,0.000,0.0000,50.1
31.402,132.86,4.34,-9.97,65.80,0.00,0.00,,,,,,,0.000,0.000,0.0000,50.1
31.452,132.86,4.34,-9.97,65.90,0.00,0.00,,,,,,,0.000,0.000,0.0000,50.1
31.502,132.86,4.34,-9.97,66.00,0.00,0.00,,,,,,,0.000,0.000,0.0000,50.1
31.552,132.86,4.34,-9.97,66.10,0.00,0.00,,,,,,,0.000,0.000,0.0000,50.1
31.602,132.86,4.34,-9.97,66.20,0.00,0.00,,,,,,,0.000,0.000,0.0000,50.1
31.652,132.86,4.34,-9.97,66.30,0.00,0.00,,,,,,,0.000,0.000,0.0000,50.1
31.702,132.86,4.34,-9.97,66.40,0.00,0.00,,,,,,,0.000,0.000,0.0000,50.1
31.752,132.86,4.34,-9.97,66.50,0.00,0.00,,,,,,,0.000,0.000,0.0000,50.1
31.802,132.86,4.34,-9.97,66.60,0.00,0.00,,,,,,,0.000,0.000,0.0000,50.1
31.852,132.86,4.34,-9.97,66.70,0.00,0.00,,,,,,,0.000,0.000,0.0000,50.1
31.903,132.86,4.34,-9.97,66.81,0.00,0.00,,,,,,,0.000,0.000,0.0000,50.1
31.953,132.86,4.34,-9.97,66.91,0.00,0.00,,,,,,,0.000,0.000,0.0000,50.1
32.003,132.86,4.34,-9.97,67.01,0.00,0.00,,,,,,,0.000,0.000,0.0000,50.1
32.053,132.86,4.34,-9.97,67.11,0.00,0.00,,,,,,,0.000,0.000,0.0000,50.1
32.103,132.86,4.34,-9.97,67.21,0.00,0.00,,,,,,,0.000,0.000,0.0000,50.1
32.153,132.86,4.34,-9.97,67.31,0.00,0.00,,,,,,,0.000,0.000,0.0000,50.1
32.203,132.86,4.34,-9.97,67.41,0.00,0.00,,,,,,,0.000,0.000,0.0000,50.1
32.253,132.86,4.34,-9.97,67.51,0.00,0.00,,,,,,,0.000,0.000,0.0000,50.1
32.303,132.86,4.34,-9.97,67.61,0.00,0.00,,,,,,,0.000,0.000,0.0000,50.1
32.353,132.86,4.34,-9.97,67.71,0.00,0.00,,,,,,,0.000,0.000,0.0000,50.1
32.403,132.86,4.34,-9.97,67.81,0.00,0.00,,,,,,,0.000,0.000,0.0000,50.1
32.453,132.86,4.34,-9.97,67.91,0.00,0.00,,,,,,,0.000,0.000,0.0000,50.1
32.503,132.86,4.34,-9.97,68.01,0.00,0.00,,,,,,,0.000,0.000,0.0000,50.1
32.553,132.86,4.34,-9.97,68.11,0.00,0.00,,,,,,,0.000,0.000,0.0000,50.1
32.603,132.86,4.34,-9.97,68.21,0.00,0.00,,,,,,,0.000,0.000,0.0000,50.1
32.654,132.86,4.34,-9.97,68.31,0.00,0.00,,,,,,,0.000,0.000,0.0000,50.1
32.704,132.86,4.34,-9.97,68.41,0.00,0.00,,,,,,,0.000,0.000,0.0000,50.1
32.754,132.86,4.34,-9.97,68.51,0.00,0.00,,,,,,,0.000,0.000,0.0000,50.1
32.804,132.86,4.34,-9.97,68.61,0.00,0.00,,,,,,,0.000,0.000,0.0000,50.1
32.854,132.86,4.34,-9.97,68.71,0.00,0.00,,,,,,,0.000,0.000,0.0000,50.1
32.904,132.86,4.34,-9.97,68.81,0.00,0.00,,,,,,,0.000,0.000,0.0000,50.1
32.954,132.86,4.34,-9.97,68.91,0.00,0.00,,,,,,,0.000,0.000,0.0000,50.1
33.004,132.86,4.34,-9.97,69.01,0.00,0.00,,,,,,,0.000,0.000,0.0000,50.1
33.054,132.86,4.34,-9.97,69.11,0.00,0.00,,,,,,,0.000,0.000,0.0000,50.1
33.104,132.86,4.34,-9.97,69.21,0.00,0.00,,,,,,,0.000,0.000,0.0000,50.1
33.154,132.86,4.34,-9.97,69.31,0.00,0.00,,,,,,,0.000,0.000,0.0000,50.1
33.204,132.86,4.34,-9.98,69.41,0.00,0.00,,,,,,,0.000,0.000,0.0000,50.1
33.254,132.86,4.34,-9.98,69.51,0.00,0.00,,,,,,,0.000,0.000,0.0000,50.1
33.304,132.86,4.34,-9.98,69.61,0.00,0.00,,,,,,,0.000,0.000,0.0000,50.1
33.354,132.86,4.34,-9.98,69.71,0.00,0.00,,,,,,,0.000,0.000,0.0000,50.1
33.405,132.86,4.34,-9.98,69.81,0.00,0.00,,,,,,,0.000,0.000,0.0000,50.1
33.455,132.86,4.34,-9.98,69.91,0.00,0.00,,,,,,,0.000,0.000,0.0000,50.1
33.505,132.86,4.34,-9.98,70.01,0.00,0.00,,,,,,,0.000,0.000,0.0000,50.1
33.555,132.86,4.34,-9.98,70.11,0.00,0.00,,,,,,,0.000,0.000,0.0000,50.1
33.605,132.86,4.34,-9.98,70.21,0.00,0.00,,,,,,,0.000,0.000,0.0000,50.1
33.655,132.86,4.34,-9.98,70.31,0.00,0.00,,,,,,,0.000,0.000,0.0000,50.1
33.705,132.86,4.34,-9.98,70.41,0.00,0.00,,,,,,,0.000,0.000,0.0000,50.1
33.755,132.86,4.34,-9.98,70.51,0.00,0.00,,,,,,,0.000,0.000,0.0000,50.1
33.805,132.86,4.34,-9.98,70.61,0.00,0.00,,,,,,,0.000,0.000,0.0000,50.1
33.855,132.86,4.34,-9.98,70.71,0.00,0.00,,,,,,,0.000,0.000,0.0000,50.1
33.905,132.86,4.34,-9.98,70.81,0.00,0.00,,,,,,,0.000,0.000,0.0000,50.1
33.955,132.86,4.34,-9.98,70.91,0.00,0.00,,,,,,,0.000,0.000,0.0000,50.1
34.005,132.86,4.34,-9.98,71.01,0.00,0.00,,,,,,,0.000,0.000,0.0000,50.1
34.055,132.86,4.34,-9.98,71.11,0.00,0.00,,,,,,,0.000,0.000,0.0000,50.1
34.105,132.86,4.34,-9.98,71.21,0.00,0.00,,,,,,,0.000,0.000,0.0000,50.1
34.155,132.86,4.34,-9.98,71.31,0.00,0.00,,,,,,,0.000,0.000,0.0000,50.1
34.206,132.86,4.34,-9.98,71.41,0.00,0.00,,,,,,,0.000,0.000,0.0000,50.1
34.256,132.86,4.34,-9.98,71.51,0.00,0.00,,,,,,,0.000,0.000,0.0000,50.1
34.306,132.86,4.34,-9.98,71.61,0.00,0.00,,,,,,,0.000,0.000,0.0000,50.1
34.356,132.86,4.34,-9.98,71.71,0.00,0.00,,,,,,,0.000,0.000,0.0000,50.1
34.406,132.86,4.34,-9.98,71.81,0.00,0.00,,,,,,,0.000,0.000,0.0000,50.1
34.456,132.86,4.34,-9.98,71.91,0.00,0.00,,,,,,,0.000,0.000,0.0000,50.1
34.506,132.86,4.34,-9.98,72.01,0.00,0.00,,,,,,,0.000,0.000,0.0000,50.1
34.556,132.86,4.34,-9.98,72.11,0.00,0.00,,,,,,,0.000,0.000,0.0000,50.1
34.606,132.86,4.34,-9.98,72.21,0.00,0.00,,,,,,,0.000,0.000,0.0000,50.1
34.656,132.86,4.34,-9.98,72.31,0.00,0.00,,,,,,,0.000,0.000,0.0000,50.0
34.706,132.86,4.34,-9.98,72.41,0.00,0.00,,,,,,,0.000,0.000,0.0000,50.1
34.756,132.86,4.34,-9.98,72.51,0.00,0.00,,,,,,,0.000,0.000,0.0000,50.1
34.806,132.86,4.34,-9.98,72.61,0.00,0.00,,,,,,,0.000,0.000,0.0000,50.0
34.856,132.86,4.34,-9.98,72.71,0.00,0.00,,,,,,,0.000,0.000,0.0000,50.1
34.906,132.86,4.34,-9.98,72.81,0.00,0.00,,,,,,,0.000,0.000,0.0000,50.1
34.956,132.86,4.34,-9.98,72.91,0.00,0.00,,,,,,,0.000,0.000,0.0000,50.1
35.007,132.86,4.34,-9.98,73.01,0.00,0.00,,,,,,,0.000,0.000,0.0000,50.1
35.057,132.86,4.34,-9.98,73.11,0.00,0.00,,,,,,,0.000,0.000,0.0000,50.1
35.107,132.86,4.34,-9.98,73.21,0.00,0.00,,,,,,,0.000,0.000,0.0000,50.1
35.157,132.86,4.34,-9.98,73.31,0.00,0.00,,,,,,,0.000,0.000,0.0000,50.1
35.207,132.86,4.34,-9.98,73.41,0.00,0.00,,,,,,,0.000,0.000,0.0000,50.1
35.257,132.86,4.34,-9.98,73.51,0.00,0.00,,,,,,,0.000,0.000,0.0000,50.1
35.307,132.86,4.34,-9.98,73.61,0.00,0.00,,,,,,,0.000,0.000,0.0000,50.1
35.357,132.86,4.34,-9.98,73.71,0.00,0.00,,,,,,,0.000,0.000,0.0000,50.1
35.407,132.86,4.33,-9.98,73.81,0.00,0.00,,,,,,,0.000,0.000,0.0000,50.1
35.457,132.86,4.33,-9.98,73.91,0.00,0.00,,,,,,,0.000,0.000,0.0000,50.0
35.507,132.86,4.33,-9.98,74.01,0.00,0.00,,,,,,,0.000,0.000,0.0000,50.1
35.557,132.86,4.33,-9.98,74.11,0.00,0.00,,,,,,,0.000,0.000,0.0000,50.1
35.607,132.86,4.33,-9.98,74.21,0.00,0.00,,,,,,,0.000,0.000,0.0000,50.1
35.657,132.86,4.33,-9.98,74.31,0.00,0.00,,,,,,,0.000,0.000,0.0000,50.1
35.707,132.86,4.33,-9.98,74.41,0.00,0.00,,,,,,,0.000,0.000,0.0000,50.1
35.758,132.86,4.33,-9.98,74.52,0.00,0.00,,,,,,,0.000,0.000,0.0000,50.1
35.808,132.86,4.33,-9.98,74.62,0.00,0.00,,,,,,,0.000,0.000,0.0000,50.1
35.858,132.86,4.33,-9.98,74.72,0.00,0.00,,,,,,,0.000,0.000,0.0000,50.1
35.908,132.86,4.33,-9.98,74.82,0.00,0.00,,,,,,,0.000,0.000,0.0000,50.1
35.958,132.86,4.33,-9.98,74.92,0.00,0.00,,,,,,,0.000,0.000,0.0000,50.1
36.008,132.86,4.33,-9.98,75.02,0.00,0.00,,,,,,,0.000,0.000,0.0000,50.1
36.058,132.86,4.33,-9.98,75.12,0.00,0.00,,,,,,,0.000,0.000,0.0000,50.1
36.108,132.86,4.33,-9.98,75.22,0.00,0.00,,,,,,,0.000,0.000,0.0000,50.1
36.158,132.86,4.33,-9.98,75.32,0.00,0.00,,,,,,,0.000,0.000,0.0000,50.1
36.208,132.86,4.33,-9.98,75.42,0.00,0.00,,,,,,,0.000,0.000,0.0000,50.1
36.258,132.86,4.33,-9.98,75.52,0.00,0.00,,,,,,,0.000,0.000,0.0000,50.1
36.308,132.86,4.33,-9.98,75.62,0.00,0.00,,,,,,,0.000,0.000,0.0000,50.1
36.358,132.86,4.33,-9.98,75.72,0.00,0.00,,,,,,,0.000,0.000,0.0000,50.1
36.408,132.86,4.33,-9.98,75.82,0.00,0.00,,,,,,,0.000,0.000,0.0000,50.1
36.458,132.86,4.33,-9.98,75.92,0.00,0.00,,,,,,,0.000,0.000,0.0000,50.1
36.509,132.86,4.33,-9.98,76.02,0.00,0.00,,,,,,,0.000,0.000,0.0000,50.1
36.559,132.86,4.33,-9.98,76.12,0.00,0.00,,,,,,,0.000,0.000,0.0000,50.1
36.609,132.86,4.33,-9.98,76.22,0.00,0.00,,,,,,,0.000,0.000,0.0000,50.1
36.659,132.86,4.33,-9.98,76.32,0.00,0.00,,,,,,,0.000,0.000,0.0000,50.1
36.709,132.86,4.33,-9.98,76.42,0.00,0.00,,,,,,,0.000,0.000,0.0000,50.1
36.759,132.86,4.33,-9.98,76.52,0.00,0.00,,,,,,,0.000,0.000,0.0000,50.1
36.809,132.86,4.33,-9.98,76.62,0.00,0.00,,,,,,,0.000,0.000,0.0000,50.0
36.859,132.86,4.33,-9.98,76.72,0.00,0.00,,,,,,,0.000,0.000,0.0000,50.1
36.909,132.86,4.33,-9.98,76.82,0.00,0.00,,,,,,,0.000,0.000,0.0000,50.1
36.959,132.86,4.33,-9.98,76.92,0.00,0.00,,,,,,,0.000,0.000,0.0000,50.1
37.009,132.86,4.33,-9.98,77.02,0.00,0.00,,,,,,,0.000,0.000,0.0000,50.1
37.059,132.86,4.33,-9.98,77.12,0.00,0.00,,,,,,,0.000,0.000,0.0000,50.1
37.109,132.86,4.33,-9.97,77.22,0.00,0.00,,,,,,,0.000,0.000,0.0000,50.1
37.159,132.86,4.33,-9.97,77.32,0.00,0.00,,,,,,,0.000,0.000,0.0000,50.1
37.209,132.86,4.33,-9.97,77.42,0.00,0.00,,,,,,,0.000,0.000,0.0000,50.1
37.259,132.86,4.33,-9.97,77.52,0.00,0.00,,,,,,,0.000,0.000,0.0000,50.1
37.309,132.86,4.33,-9.97,77.62,0.00,0.00,,,,,,,0.000,0.000,0.0000,50.1
37.360,132.86,4.33,-9.97,77.72,0.00,0.00,,,,,,,0.000,0.000,0.0000,50.1
37.410,132.86,4.33,-9.97,77.82,0.00,0.00,,,,,,,0.000,0.000,0.0000,50.1
37.460,132.86,4.33,-9.97,77.92,0.00,0.00,,,,,,,0.000,0.000,0.0000,50.1
37.510,132.86,4.33,-9.97,78.02,0.00,0.00,,,,,,,0.000,0.000,0.0000,50.1
37.560,132.86,4.33,-9.97,78.12,0.00,0.00,,,,,,,0.000,0.000,0.0000,50.1
37.610,132.86,4.33,-9.97,78.22,0.00,0.00,,,,,,,0.000,0.000,0.0000,50.1
37.660,132.86,4.33,-9.97,78.32,0.00,0.00,,,,,,,0.000,0.000,0.0000,50.1
37.710,132.86,4.33,-9.97,78.42,0.00,0.00,,,,,,,0.000,0.000,0.0000,50.1
37.760,132.86,4.33,-9.97,78.52,0.00,0.00,,,,,,,0.000,0.000,0.0000,50.1
37.810,132.86,4.33,-9.97,78.62,0.00,0.00,,,,,,,0.000,0.000,0.0000,50.1
37.860,132.86,4.33,-9.97,78.72,0.00,0.00,,,,,,,0.000,0.000,0.0000,50.1
37.910,132.86,4.33,-9.97,78.82,0.00,0.00,,,,,,,0.000,0.000,0.0000,50.1
37.960,132.86,4.33,-9.97,78.92,0.00,0.00,,,,,,,0.000,0.000,0.0000,50.1
38.010,132.86,4.33,-9.97,79.02,0.00,0.00,,,,,,,0.000,0.000,0.0000,50.1
38.060,132.86,4.33,-9.97,79.12,0.00,0.00,,,,,,,0.000,0.000,0.0000,50.1
38.110,132.86,4.33,-9.97,79.22,0.00,0.00,,,,,,,0.000,0.000,0.0000,50.1
38.161,132.86,4.33,-9.97,79.32,0.00,0.00,,,,,,,0.000,0.000,0.0000,50.1
38.211,132.86,4.33,-9.97,79.42,0.00,0.00,,,,,,,0.000,0.000,0.0000,50.1
38.261,132.86,4.33,-9.97,79.52,0.00,0.00,,,,,,,0.000,0.000,0.0000,50.1
38.311,132.86,4.33,-9.97,79.62,0.00,0.00,,,,,,,0.000,0.000,0.0000,50.1
38.361,132.86,4.33,-9.97,79.72,0.00,0.00,,,,,,,0.000,0.000,0.0000,50.1
38.411,132.86,4.33,-9.97,79.82,0.00,0.00,,,,,,,0.000,0.000,0.0000,50.1
38.461,132.86,4.33,-9.97,79.92,0.00,0.00,,,,,,,0.000,0.000,0.0000,50.1
38.511,132.86,4.33,-9.97,80.02,0.00,0.00,,,,,,,0.000,0.000,0.0000,50.1
38.561,132.86,4.33,-9.97,80.12,0.00,0.00,,,,,,,0.000,0.000,0.0000,50.1
38.611,132.86,4.33,-9.98,80.22,0.00,0.00,,,,,,,0.000,0.000,0.0000,50.1
38.661,132.86,4.33,-9.98,80.32,0.00,0.00,,,,,,,0.000,0.000,0.0000,50.1
38.711,132.86,4.33,-9.98,80.42,0.00,0.00,,,,,,,0.000,0.000,0.0000,50.1
38.761,132.86,4.33,-9.98,80.52,0.00,0.00,,,,,,,0.000,0.000,0.0000,50.1
38.811,132.86,4.34,-9.98,80.62,0.00,0.00,,,,,,,0.000,0.000,0.0000,50.1
38.861,132.86,4.34,-9.98,80.72,0.00,0.00,,,,,,,0.000,0.000,0.0000,50.1
38.911,132.86,4.34,-9.98,80.82,0.00,0.00,,,,,,,0.000,0.000,0.0000,50.1
38.962,132.86,4.34,-9.98,80.92,0.00,0.00,,,,,,,0.000,0.000,0.0000,50.1
39.012,132.86,4.34,-9.98,81.02,0.00,0.00,,,,,,,0.000,0.000,0.0000,50.1
39.062,132.86,4.34,-9.98,81.12,0.00,0.00,,,,,,,0.000,0.000,0.0000,50.1
39.112,132.86,4.34,-9.98,81.22,0.00,0.00,,,,,,,0.000,0.000,0.0000,50.1
39.162,132.86,4.34,-9.98,81.32,0.00,0.00,,,,,,,0.000,0.000,0.0000,50.1
39.212,132.86,4.34,-9.98,81.42,0.00,0.00,,,,,,,0.000,0.000,0.0000,50.1
39.262,132.86,4.34,-9.98,81.52,0.00,0.00,,,,,,,0.000,0.000,0.0000,50.1
39.312,132.86,4.34,-9.98,81.62,0.00,0.00,,,,,,,0.000,0.000,0.0000,50.1
39.362,132.86,4.34,-9.98,81.72,0.00,0.00,,,,,,,0.000,0.000,0.0000,50.1
39.412,132.86,4.34,-9.98,81.82,0.00,0.00,,,,,,,0.000,0.000,0.0000,50.1
39.462,132.86,4.34,-9.98,81.92,0.00,0.00,,,,,,,0.000,0.000,0.0000,50.1
39.512,132.86,4.34,-9.98,82.02,0.00,0.00,,,,,,,0.000,0.000,0.0000,50.1
39.562,132.86,4.34,-9.98,82.12,0.00,0.00,,,,,,,0.000,0.000,0.0000,50.1
39.612,132.86,4.34,-9.98,82.22,0.00,0.00,,,,,,,0.000,0.000,0.0000,50.1
39.662,132.86,4.34,-9.98,82.32,0.00,0.00,,,,,,,0.000,0.000,0.0000,50.1
39.713,132.86,4.34,-9.98,82.43,0.00,0.00,,,,,,,0.000,0.000,0.0000,50.1
39.763,132.86,4.34,-9.98,82.53,0.00,0.00,,,,,,,0.000,0.000,0.0000,50.1
39.813,132.86,4.34,-9.98,82.63,0.00,0.00,,,,,,,0.000,0.000,0.0000,50.1
39.863,132.86,4.34,-9.98,82.73,0.00,0.00,,,,,,,0.000,0.000,0.0000,50.1
39.913,132.86,4.34,-9.98,82.83,0.00,0.00,,,,,,,0.000,0.000,0.0000,50.1
39.963,132.86,4.34,-9.98,82.93,0.00,0.00,,,,,,,0.000,0.000,0.0000,50.1
40.013,132.86,4.34,-9.98,83.03,0.00,0.00,,,,,,,0.000,0.000,0.0000,50.1
40.063,132.86,4.34,-9.98,83.13,0.00,0.00,,,,,,,0.000,0.000,0.0000,50.1
40.113,132.86,4.34,-9.98,83.23,0.00,0.00,,,,,,,0.000,0.000,0.0000,50.1
40.163,132.86,4.34,-9.98,83.33,0.00,0.00,,,,,,,0.000,0.000,0.0000,50.1
40.213,132.86,4.34,-9.98,83.43,0.00,0.00,,,,,,,0.000,0.000,0.0000,50.1
40.263,132.86,4.34,-9.98,83.53,0.00,0.00,,,,,,,0.000,0.000,0.0000,50.1
40.313,132.86,4.34,-9.98,83.63,0.00,0.00,,,,,,,0.000,0.000,0.0000,50.1
40.363,132.86,4.34,-9.98,83.73,0.00,0.00,,,,,,,0.000,0.000,0.0000,50.1
40.413,132.86,4.34,-9.98,83.83,0.00,0.00,,,,,,,0.000,0.000,0.0000,50.1
40.463,132.86,4.34,-9.98,83.93,0.00,0.00,,,,,,,0.000,0.000,0.0000,50.1
40.513,132.86,4.34,-9.98,84.03,0.00,0.00,,,,,,,0.000,0.000,0.0000,50.1
40.564,132.86,4.34,-9.98,84.13,0.00,0.00,,,,,,,0.000,0.000,0.0000,50.1
40.614,132.86,4.34,-9.98,84.23,0.00,0.00,,,,,,,0.000,0.000,0.0000,50.1
40.664,132.86,4.34,-9.98,84.33,0.00,0.00,,,,,,,0.000,0.000,0.0000,50.1
40.714,132.86,4.34,-9.98,84.43,0.00,0.00,,,,,,,0.000,0.000,0.0000,50.1
40.764,132.86,4.34,-9.98,84.53,0.00,0.00,,,,,,,0.000,0.000,0.0000,50.1
40.814,132.86,4.34,-9.98,84.63,0.00,0.00,,,,,,,0.000,0.000,0.0000,50.1
40.864,132.86,4.34,-9.98,84.73,0.00,0.00,,,,,,,0.000,0.000,0.0000,50.1
40.914,132.86,4.34,-9.98,84.83,0.00,0.00,,,,,,,0.000,0.000,0.0000,50.1
40.964,132.86,4.34,-9.98,84.93,0.00,0.00,,,,,,,0.000,0.000,0.0000,50.1
41.014,132.86,4.34,-9.98,85.03,0.00,0.00,,,,,,,0.000,0.000,0.0000,50.1
41.064,132.86,4.34,-9.98,85.13,0.00,0.00,,,,,,,0.000,0.000,0.0000,50.1
41.114,132.86,4.34,-9.98,85.23,0.00,0.00,,,,,,,0.000,0.000,0.0000,50.1
41.164,132.86,4.34,-9.98,85.33,0.00,0.00,,,,,,,0.000,0.000,0.0000,50.1
41.214,132.86,4.34,-9.98,85.43,0.00,0.00,,,,,,,0.000,0.000,0.0000,50.1
41.264,132.86,4.34,-9.98,85.53,0.00,0.00,,,,,,,0.000,0.000,0.0000,50.1
41.315,132.86,4.34,-9.98,85.63,0.00,0.00,,,,,,,0.000,0.000,0.0000,50.1
41.365,132.86,4.34,-9.98,85.73,0.00,0.00,,,,,,,0.000,0.000,0.0000,50.1
41.415,132.86,4.34,-9.98,85.83,0.00,0.00,,,,,,,0.000,0.000,0.0000,50.1
41.465,132.86,4.34,-9.98,85.93,0.00,0.00,,,,,,,0.000,0.000,0.0000,50.1
41.515,132.86,4.34,-9.98,86.03,0.00,0.00,,,,,,,0.000,0.000,0.0000,50.0
41.565,132.86,4.34,-9.98,86.13,0.00,0.00,,,,,,,0.000,0.000,0.0000,50.1
41.615,132.86,4.34,-9.98,86.23,0.00,0.00,,,,,,,0.000,0.000,0.0000,50.1
41.665,132.86,4.34,-9.98,86.33,0.00,0.00,,,,,,,0.000,0.000,0.0000,50.1
41.715,132.86,4.34,-9.98,86.43,0.00,0.00,,,,,,,0.000,0.000,0.0000,50.1
41.765,132.86,4.34,-9.98,86.53,0.00,0.00,,,,,,,0.000,0.000,0.0000,50.1
41.815,132.86,4.34,-9.98,86.63,0.00,0.00,,,,,,,0.000,0.000,0.0000,50.1
41.865,132.86,4.34,-9.98,86.73,0.00,0.00,,,,,,,0.000,0.000,0.0000,50.1
41.915,132.86,4.34,-9.98,86.83,0.00,0.00,,,,,,,0.000,0.000,0.0000,50.1
41.965,132.86,4.34,-9.98,86.93,0.00,0.00,,,,,,,0.000,0.000,0.0000,50.1
42.015,132.86,4.34,-9.98,87.03,0.00,0.00,,,,,,,0.000,0.000,0.0000,50.1
42.066,132.86,4.34,-9.98,87.13,0.00,0.00,,,,,,,0.000,0.000,0.0000,50.1
42.116,132.86,4.34,-9.98,87.23,0.00,0.00,,,,,,,0.000,0.000,0.0000,50.1
42.166,132.86,4.34,-9.98,87.33,0.00,0.00,,,,,,,0.000,0.000,0.0000,50.1
42.216,132.86,4.34,-9.98,87.43,0.00,0.00,,,,,,,0.000,0.000,0.0000,50.1
42.266,132.86,4.34,-9.98,87.53,0.00,0.00,,,,,,,0.000,0.000,0.0000,50.1
42.316,132.86,4.34,-9.98,87.63,0.00,0.00,,,,,,,0.000,0.000,0.0000,50.1
42.366,132.86,4.34,-9.98,87.73,0.00,0.00,,,,,,,0.000,0.000,0.0000,50.1
42.416,132.86,4.34,-9.98,87.83,0.00,0.00,,,,,,,0.000,0.000,0.0000,50.1
42.466,132.86,4.34,-9.98,87.93,0.00,0.00,,,,,,,0.000,0.000,0.0000,50.1
42.516,132.86,4.34,-9.98,88.03,0.00,0.00,,,,,,,0.000,0.000,0.0000,50.1
42.566,132.86,4.34,-9.98,88.13,0.00,0.00,,,,,,,0.000,0.000,0.0000,50.1
42.616,132.86,4.34,-9.98,88.23,0.00,0.00,,,,,,,0.000,0.000,0.0000,50.1
42.666,132.86,4.34,-9.98,88.33,0.00,0.00,,,,,,,0.000,0.000,0.0000,50.1
42.716,132.86,4.34,-9.98,88.43,0.00,0.00,,,,,,,0.000,0.000,0.0000,50.1
42.766,132.86,4.34,-9.98,88.53,0.00,0.00,,,,,,,0.000,0.000,0.0000,50.1
42.817,132.86,4.34,-9.98,88.63,0.00,0.00,,,,,,,0.000,0.000,0.0000,50.1
42.867,132.86,4.34,-9.98,88.73,0.00,0.00,,,,,,,0.000,0.000,0.0000,50.1
42.917,132.87,4.34,-9.98,88.83,0.00,0.00,,,,,,,0.000,0.000,0.0000,50.1
42.967,132.87,4.34,-9.98,88.93,0.00,0.00,,,,,,,0.000,0.000,0.0000,50.1
43.017,132.87,4.34,-9.98,89.03,0.00,0.00,,,,,,,0.000,0.000,0.0000,50.1
43.067,132.87,4.34,-9.98,89.13,0.00,0.00,,,,,,,0.000,0.000,0.0000,50.1
43.117,132.87,4.34,-9.98,89.23,0.00,0.00,,,,,,,0.000,0.000,0.0000,50.1
43.167,132.87,4.34,-9.98,89.33,0.00,0.00,,,,,,,0.000,0.000,0.0000,50.1
43.217,132.87,4.34,-9.98,89.43,0.00,0.00,,,,,,,0.000,0.000,0.0000,50.1
43.267,132.87,4.34,-9.98,89.53,0.00,0.00,,,,,,,0.000,0.000,0.0000,50.1
43.317,132.87,4.34,-9.98,89.63,0.00,0.00,,,,,,,0.000,0.000,0.0000,50.1
43.367,132.87,4.34,-9.98,89.73,0.00,0.00,,,,,,,0.000,0.000,0.0000,50.1
43.417,132.87,4.34,-9.98,89.83,0.00,0.00,,,,,,,0.000,0.000,0.0000,50.1
43.467,132.87,4.34,-9.98,89.93,0.00,0.00,,,,,,,0.000,0.000,0.0000,50.1
43.518,132.87,4.34,-9.98,90.04,0.00,0.00,,,,,,,0.000,0.000,0.0000,50.1
43.568,132.87,4.34,-9.98,90.14,0.00,0.00,,,,,,,0.000,0.000,0.0000,50.1
43.618,132.87,4.34,-9.98,90.24,0.00,0.00,,,,,,,0.000,0.000,0.0000,50.1
43.668,132.87,4.34,-9.98,90.34,0.00,0.00,,,,,,,0.000,0.000,0.0000,50.1
43.718,132.87,4.34,-9.98,90.44,0.00,0.00,,,,,,,0.000,0.000,0.0000,50.1
43.768,132.87,4.34,-9.98,90.54,0.00,0.00,,,,,,,0.000,0.000,0.0000,50.1
43.818,132.87,4.34,-9.98,90.64,0.00,0.00,,,,,,,0.000,0.000,0.0000,50.1
43.868,132.87,4.34,-9.98,90.74,0.00,0.00,,,,,,,0.000,0.000,0.0000,50.1
43.918,132.87,4.34,-9.98,90.84,0.00,0.00,,,,,,,0.000,0.000,0.0000,50.1
43.968,132.87,4.34,-9.98,90.94,0.00,0.00,,,,,,,0.000,0.000,0.0000,50.1
44.018,132.87,4.34,-9.98,91.04,0.00,0.00,,,,,,,0.000,0.000,0.0000,50.1
44.068,132.87,4.34,-9.98,91.14,0.00,0.00,,,,,,,0.000,0.000,0.0000,50.1
44.118,132.87,4.34,-9.98,91.24,0.00,0.00,,,,,,,0.000,0.000,0.0000,50.1
44.168,132.87,4.34,-9.98,91.34,0.00,0.00,,,,,,,0.000,0.000,0.0000,50.1
44.219,132.87,4.34,-9.98,91.44,0.00,0.00,,,,,,,0.000,0.000,0.0000,50.1
44.269,132.87,4.34,-9.98,91.54,0.00,0.00,,,,,,,0.000,0.000,0.0000,50.1
44.319,132.87,4.34,-9.98,91.64,0.00,0.00,,,,,,,0.000,0.000,0.0000,50.1
44.369,132.87,4.34,-9.98,91.74,0.00,0.00,,,,,,,0.000,0.000,0.0000,50.1
44.419,132.87,4.34,-9.98,91.84,0.00,0.00,,,,,,,0.000,0.000,0.0000,50.1
44.469,132.87,4.34,-9.98,91.94,0.00,0.00,,,,,,,0.000,0.000,0.0000,50.1
44.519,132.87,4.34,-9.98,92.04,0.00,0.00,,,,,,,0.000,0.000,0.0000,50.1
44.569,132.87,4.34,-9.98,92.14,0.00,0.00,,,,,,,0.000,0.000,0.0000,50.1
44.619,132.87,4.33,-9.98,92.24,0.00,0.00,,,,,,,0.000,0.000,0.0000,50.1
44.669,132.87,4.33,-9.98,92.34,0.00,0.00,,,,,,,0.000,0.000,0.0000,50.1
44.719,132.87,4.33,-9.98,92.44,0.00,0.00,,,,,,,0.000,0.000,0.0000,50.1
44.769,132.87,4.33,-9.98,92.54,0.00,0.00,,,,,,,0.000,0.000,0.0000,50.1
44.819,132.87,4.33,-9.98,92.64,0.00,0.00,,,,,,,0.000,0.000,0.0000,50.1
44.869,132.87,4.33,-9.98,92.74,0.00,0.00,,,,,,,0.000,0.000,0.0000,50.1
44.919,132.87,4.33,-9.98,92.84,0.00,0.00,,,,,,,0.000,0.000,0.0000,50.1
44.970,132.87,4.33,-9.98,92.94,0.00,0.00,,,,,,,0.000,0.000,0.0000,50.1
45.020,132.87,4.33,-9.98,93.04,0.00,0.00,,,,,,,0.000,0.000,0.0000,50.1
45.070,132.87,4.33,-9.98,93.14,0.00,0.00,,,,,,,0.000,0.000,0.0000,50.1
45.120,132.87,4.33,-9.98,93.24,0.00,0.00,,,,,,,0.000,0.000,0.0000,50.1
45.170,132.87,4.33,-9.98,93.34,0.00,0.00,,,,,,,0.000,0.000,0.0000,50.1
45.220,132.87,4.33,-9.97,93.44,0.00,0.00,,,,,,,0.000,0.000,0.0000,50.1
45.270,132.87,4.33,-9.97,93.54,0.00,0.00,,,,,,,0.000,0.000,0.0000,50.1
45.320,132.86,4.33,-9.97,93.64,0.00,0.00,,,,,,,0.000,0.000,0.0000,50.1
45.370,132.86,4.33,-9.97,93.74,0.00,0.00,,,,,,,0.000,0.000,0.0000,50.1
45.420,132.86,4.33,-9.97,93.84,0.00,0.00,,,,,,,0.000,0.000,0.0000,50.1
45.470,132.86,4.33,-9.97,93.94,0.00,0.00,,,,,,,0.000,0.000,0.0000,50.1
45.520,132.86,4.33,-9.97,94.04,0.00,0.00,,,,,,,0.000,0.000,0.0000,50.1
45.570,132.86,4.33,-9.97,94.14,0.00,0.00,,,,,,,0.000,0.000,0.0000,50.1
45.620,132.86,4.33,-9.97,94.24,0.00,0.00,,,,,,,0.000,0.000,0.0000,50.1
45.671,132.86,4.33,-9.97,94.34,0.00,0.00,,,,,,,0.000,0.000,0.0000,50.1
45.721,132.86,4.33,-9.98,94.44,0.00,0.00,,,,,,,0.000,0.000,0.0000,50.1
45.771,132.86,4.33,-9.98,94.54,0.00,0.00,,,,,,,0.000,0.000,0.0000,50.1
45.821,132.86,4.33,-9.98,94.64,0.00,0.00,,,,,,,0.000,0.000,0.0000,50.1
45.871,132.86,4.33,-9.98,94.74,0.00,0.00,,,,,,,0.000,0.000,0.0000,50.1
45.921,132.86,4.33,-9.98,94.84,0.00,0.00,,,,,,,0.000,0.000,0.0000,50.1
45.971,132.86,4.33,-9.98,94.94,0.00,0.00,,,,,,,0.000,0.000,0.0000,50.1
46.021,132.86,4.33,-9.98,95.04,0.00,0.00,,,,,,,0.000,0.000,0.0000,50.1
46.071,132.86,4.33,-9.98,95.14,0.00,0.00,,,,,,,0.000,0.000,0.0000,50.1
46.121,132.86,4.33,-9.98,95.24,0.00,0.00,,,,,,,0.000,0.000,0.0000,50.1
46.171,132.86,4.33,-9.98,95.34,0.00,0.00,,,,,,,0.000,0.000,0.0000,50.3
46.222,132.86,4.33,-9.98,95.44,0.00,0.00,,,,,,,0.000,0.000,0.0000,50.1
46.272,132.86,4.33,-9.98,95.54,0.00,0.00,,,,,,,0.000,0.000,0.0000,50.1
46.322,132.86,4.33,-9.98,95.64,0.00,0.00,,,,,,,0.000,0.000,0.0000,50.1
46.372,132.86,4.33,-9.98,95.74,0.00,0.00,,,,,,,0.000,0.000,0.0000,50.1
46.422,132.86,4.33,-9.98,95.84,0.00,0.00,,,,,,,0.000,0.000,0.0000,50.1
46.472,132.86,4.33,-9.98,95.94,0.00,0.00,,,,,,,0.000,0.000,0.0000,50.1
46.522,132.86,4.33,-9.98,96.04,0.00,0.00,,,,,,,0.000,0.000,0.0000,50.1
46.572,132.86,4.33,-9.98,96.14,0.00,0.00,,,,,,,0.000,0.000,0.0000,50.1
46.622,132.86,4.33,-9.98,96.24,0.00,0.00,,,,,,,0.000,0.000,0.0000,50.1
46.672,132.86,4.33,-9.98,96.34,0.00,0.00,,,,,,,0.000,0.000,0.0000,50.1
46.722,132.86,4.33,-9.98,96.44,0.00,0.00,,,,,,,0.000,0.000,0.0000,50.1
46.772,132.86,4.33,-9.98,96.54,0.00,0.00,,,,,,,0.000,0.000,0.0000,50.1
46.822,132.86,4.33,-9.98,96.64,0.00,0.00,,,,,,,0.000,0.000,0.0000,50.1
46.872,132.86,4.33,-9.98,96.74,0.00,0.00,,,,,,,0.000,0.000,0.0000,50.1
46.923,132.86,4.33,-9.98,96.85,0.00,0.00,,,,,,,0.000,0.000,0.0000,50.1
46.973,132.86,4.33,-9.98,96.95,0.00,0.00,,,,,,,0.000,0.000,0.0000,50.1
47.023,132.86,4.33,-9.98,97.05,0.00,0.00,,,,,,,0.000,0.000,0.0000,50.1
47.073,132.86,4.33,-9.98,97.15,0.00,0.00,,,,,,,0.000,0.000,0.0000,50.1
47.123,132.86,4.33,-9.98,97.25,0.00,0.00,,,,,,,0.000,0.000,0.0000,50.1
47.173,132.86,4.33,-9.98,97.35,0.00,0.00,,,,,,,0.000,0.000,0.0000,50.1
47.223,132.86,4.33,-9.98,97.45,0.00,0.00,,,,,,,0.000,0.000,0.0000,50.1
47.273,132.86,4.33,-9.98,97.55,0.00,0.00,,,,,,,0.000,0.000,0.0000,50.1
47.323,132.86,4.33,-9.98,97.65,0.00,0.00,,,,,,,0.000,0.000,0.0000,50.1
47.373,132.86,4.33,-9.98,97.75,0.00,0.00,,,,,,,0.000,0.000,0.0000,50.1
47.423,132.86,4.33,-9.98,97.85,0.00,0.00,,,,,,,0.000,0.000,0.0000,50.1
47.473,132.86,4.33,-9.98,97.95,0.00,0.00,,,,,,,0.000,0.000,0.0000,50.1
47.524,132.86,4.33,-9.98,98.05,0.00,0.00,,,,,,,0.000,0.000,0.0000,50.3
47.574,132.86,4.33,-9.98,98.15,0.00,0.00,,,,,,,0.000,0.000,0.0000,50.1
47.624,132.86,4.33,-9.98,98.25,0.00,0.00,,,,,,,0.000,0.000,0.0000,50.1
47.674,132.86,4.33,-9.98,98.35,0.00,0.00,,,,,,,0.000,0.000,0.0000,50.1
47.724,132.86,4.33,-9.98,98.45,0.00,0.00,,,,,,,0.000,0.000,0.0000,50.1
47.774,132.86,4.33,-9.98,98.55,0.00,0.00,,,,,,,0.000,0.000,0.0000,50.1
47.824,132.86,4.33,-9.98,98.65,0.00,0.00,,,,,,,0.000,0.000,0.0000,50.1
47.874,132.86,4.33,-9.98,98.75,0.00,0.00,,,,,,,0.000,0.000,0.0000,50.1
47.924,132.86,4.33,-9.98,98.85,0.00,0.00,,,,,,,0.000,0.000,0.0000,50.1
47.974,132.86,4.33,-9.98,98.95,0.00,0.00,,,,,,,0.000,0.000,0.0000,50.1
48.024,132.86,4.33,-9.98,99.05,0.00,0.00,,,,,,,0.000,0.000,0.0000,50.1
48.075,132.86,4.34,-9.98,99.15,0.00,0.00,,,,,,,0.000,0.000,0.0000,50.9
48.125,132.86,4.34,-9.98,99.25,0.00,0.00,,,,,,,0.000,0.000,0.0000,50.1
48.175,132.86,4.34,-9.98,99.35,0.00,0.00,,,,,,,0.000,0.000,0.0000,50.1
48.225,132.86,4.34,-9.98,99.45,0.00,0.00,,,,,,,0.000,0.000,0.0000,50.1
48.276,132.86,4.34,-9.98,99.55,0.00,0.00,,,,,,,0.000,0.000,0.0000,50.1
48.326,132.86,4.34,-9.98,99.65,0.00,0.00,,,,,,,0.000,0.000,0.0000,50.1
48.376,132.86,4.34,-9.98,99.75,0.00,0.00,,,,,,,0.000,0.000,0.0000,50.1
48.426,132.86,4.34,-9.98,99.85,0.00,0.00,,,,,,,0.000,0.000,0.0000,50.3
48.476,132.86,4.34,-9.98,99.95,0.00,0.00,,,,,,,0.000,0.000,0.0000,50.1
48.526,132.86,4.34,-9.98,100.05,0.00,0.00,,,,,,,0.000,0.000,0.0000,50.1
48.576,132.86,4.34,-9.98,100.15,0.00,0.00,,,,,,,0.000,0.000,0.0000,50.1
48.626,132.86,4.34,-9.98,100.25,0.00,0.00,,,,,,,0.000,0.000,0.0000,50.1
48.676,132.86,4.34,-9.98,100.35,0.00,0.00,,,,,,,0.000,0.000,0.0000,50.1
48.726,132.86,4.34,-9.98,100.45,0.00,0.00,,,,,,,0.000,0.000,0.0000,50.1
48.776,132.86,4.34,-9.98,100.55,0.00,0.00,,,,,,,0.000,0.000,0.0000,50.1
48.826,132.86,4.34,-9.98,100.65,0.00,0.00,,,,,,,0.000,0.000,0.0000,50.1
48.877,132.86,4.34,-9.98,100.75,0.00,0.00,,,,,,,0.000,0.000,0.0000,50.1
48.927,132.86,4.34,-9.98,100.85,0.00,0.00,,,,,,,0.000,0.000,0.0000,50.1
48.977,132.86,4.34,-9.98,100.95,0.00,0.00,,,,,,,0.000,0.000,0.0000,50.1
49.027,132.86,4.34,-9.98,101.05,0.00,0.00,,,,,,,0.000,0.000,0.0000,50.1
49.077,132.86,4.34,-9.98,101.15,0.00,0.00,,,,,,,0.000,0.000,0.0000,50.1
49.127,132.86,4.34,-9.98,101.25,0.00,0.00,,,,,,,0.000,0.000,0.0000,50.1
49.177,132.86,4.34,-9.98,101.35,0.00,0.00,,,,,,,0.000,0.000,0.0000,50.1
49.227,132.86,4.34,-9.98,101.45,0.00,0.00,,,,,,,0.000,0.000,0.0000,50.1
49.277,132.86,4.34,-9.98,101.55,0.00,0.00,,,,,,,0.000,0.000,0.0000,50.1
49.327,132.86,4.34,-9.98,101.65,0.00,0.00,,,,,,,0.000,0.000,0.0000,50.1
49.377,132.86,4.34,-9.98,101.75,0.00,0.00,,,,,,,0.000,0.000,0.0000,50.1
49.427,132.86,4.34,-9.98,101.85,0.00,0.00,,,,,,,0.000,0.000,0.0000,50.1
49.478,132.86,4.34,-9.98,101.96,0.00,0.00,,,,,,,0.000,0.000,0.0000,50.2
49.528,132.86,4.34,-9.98,102.06,0.00,0.00,,,,,,,0.000,0.000,0.0000,50.1
49.578,132.86,4.34,-9.98,102.16,0.00,0.00,,,,,,,0.000,0.000,0.0000,50.1
49.628,132.86,4.34,-9.98,102.26,0.00,0.00,,,,,,,0.000,0.000,0.0000,50.1
49.678,132.86,4.34,-9.98,102.36,0.00,0.00,,,,,,,0.000,0.000,0.0000,50.1
49.728,132.86,4.34,-9.98,102.46,0.00,0.00,,,,,,,0.000,0.000,0.0000,50.1
49.778,132.86,4.34,-9.98,102.56,0.00,0.00,,,,,,,0.000,0.000,0.0000,50.1
49.828,132.86,4.34,-9.98,102.66,0.00,0.00,,,,,,,0.000,0.000,0.0000,50.1
49.878,132.86,4.34,-9.98,102.76,0.00,0.00,,,,,,,0.000,0.000,0.0000,50.1
49.928,132.86,4.34,-9.98,102.86,0.00,0.00,,,,,,,0.000,0.000,0.0000,50.1
49.978,132.86,4.34,-9.98,102.96,0.00,0.00,,,,,,,0.000,0.000,0.0000,50.1
50.028,132.86,4.34,-9.98,103.06,0.00,0.00,,,,,,,0.000,0.000,0.0000,50.1
50.078,132.86,4.34,-9.98,103.16,0.00,0.00,,,,,,,0.000,0.000,0.0000,50.1
50.129,132.86,4.34,-9.98,103.26,0.00,0.00,,,,,,,0.000,0.000,0.0000,50.1
50.179,132.86,4.34,-9.98,103.36,0.00,0.00,,,,,,,0.000,0.000,0.0000,50.1
50.229,132.86,4.34,-9.98,103.46,0.00,0.00,,,,,,,0.000,0.000,0.0000,50.1
50.279,132.86,4.34,-9.98,103.56,0.00,0.00,,,,,,,0.000,0.000,0.0000,50.1
50.329,132.86,4.34,-9.98,103.66,0.00,0.00,,,,,,,0.000,0.000,0.0000,50.1
50.379,132.86,4.34,-9.98,103.76,0.00,0.00,,,,,,,0.000,0.000,0.0000,50.1
50.429,132.86,4.34,-9.98,103.86,0.00,0.00,,,,,,,0.000,0.000,0.0000,50.1
50.479,132.86,4.34,-9.98,103.96,0.00,0.00,,,,,,,0.000,0.000,0.0000,50.1
50.529,132.86,4.34,-9.98,104.06,0.00,0.00,,,,,,,0.000,0.000,0.0000,50.1
50.579,132.86,4.34,-9.98,104.16,0.00,0.00,,,,,,,0.000,0.000,0.0000,50.1
50.629,132.86,4.34,-9.98,104.26,0.00,0.00,,,,,,,0.000,0.000,0.0000,50.1
50.679,132.86,4.34,-9.98,104.36,0.00,0.00,,,,,,,0.000,0.000,0.0000,50.1
50.729,132.86,4.34,-9.98,104.46,0.00,0.00,,,,,,,0.000,0.000,0.0000,50.1
50.779,132.86,4.34,-9.98,104.56,0.00,0.00,,,,,,,0.000,0.000,0.0000,50.1
50.829,132.86,4.34,-9.98,104.66,0.00,0.00,,,,,,,0.000,0.000,0.0000,50.1
50.880,132.86,4.34,-9.98,104.76,0.00,0.00,,,,,,,0.000,0.000,0.0000,50.1
50.930,132.86,4.34,-9.98,104.86,0.00,0.00,,,,,,,0.000,0.000,0.0000,50.1
50.980,132.86,4.34,-9.98,104.96,0.00,0.00,,,,,,,0.000,0.000,0.0000,50.1
51.030,132.86,4.34,-9.98,105.06,0.00,0.00,,,,,,,0.000,0.000,0.0000,50.1
51.080,132.86,4.34,-9.98,105.16,0.00,0.00,,,,,,,0.000,0.000,0.0000,50.1
51.130,132.86,4.34,-9.98,105.26,0.00,0.00,,,,,,,0.000,0.000,0.0000,50.1
51.180,132.86,4.34,-9.98,105.36,0.00,0.00,,,,,,,0.000,0.000,0.0000,50.1
51.230,132.86,4.34,-9.98,105.46,0.00,0.00,,,,,,,0.000,0.000,0.0000,50.1
51.280,132.86,4.34,-9.98,105.56,0.00,0.00,,,,,,,0.000,0.000,0.0000,50.1
51.330,132.86,4.34,-9.98,105.66,0.00,0.00,,,,,,,0.000,0.000,0.0000,50.1
51.380,132.86,4.34,-9.98,105.76,0.00,0.00,,,,,,,0.000,0.000,0.0000,50.1
51.430,132.86,4.34,-9.98,105.86,0.00,0.00,,,,,,,0.000,0.000,0.0000,50.1
51.480,132.86,4.34,-9.98,105.96,0.00,0.00,,,,,,,0.000,0.000,0.0000,50.1
51.530,132.86,4.34,-9.98,106.06,0.00,0.00,,,,,,,0.000,0.000,0.0000,50.1
51.581,132.86,4.34,-9.98,106.16,0.00,0.00,,,,,,,0.000,0.000,0.0000,50.1
51.631,132.86,4.34,-9.98,106.26,0.00,0.00,,,,,,,0.000,0.000,0.0000,50.1
51.681,132.86,4.34,-9.98,106.36,0.00,0.00,,,,,,,0.000,0.000,0.0000,50.1
51.731,132.86,4.34,-9.98,106.46,0.00,0.00,,,,,,,0.000,0.000,0.0000,50.1
51.781,132.86,4.34,-9.98,106.56,0.00,0.00,,,,,,,0.000,0.000,0.0000,50.1
51.831,132.86,4.34,-9.98,106.66,0.00,0.00,,,,,,,0.000,0.000,0.0000,50.1
51.881,132.86,4.34,-9.98,106.76,0.00,0.00,,,,,,,0.000,0.000,0.0000,50.1
51.931,132.86,4.34,-9.98,106.86,0.00,0.00,,,,,,,0.000,0.000,0.0000,50.1
51.981,132.86,4.34,-9.98,106.96,0.00,0.00,,,,,,,0.000,0.000,0.0000,50.1
52.031,132.86,4.34,-9.98,107.06,0.00,0.00,,,,,,,0.000,0.000,0.0000,50.1
52.081,132.86,4.34,-9.98,107.16,0.00,0.00,,,,,,,0.000,0.000,0.0000,50.1
52.131,132.86,4.34,-9.98,107.26,0.00,0.00,,,,,,,0.000,0.000,0.0000,50.1
52.181,132.86,4.34,-9.98,107.36,0.00,0.00,,,,,,,0.000,0.000,0.0000,50.1
52.232,132.86,4.34,-9.98,107.46,0.00,0.00,,,,,,,0.000,0.000,0.0000,50.3
52.282,132.86,4.34,-9.98,107.56,0.00,0.00,,,,,,,0.000,0.000,0.0000,50.1
52.332,132.86,4.34,-9.98,107.66,0.00,0.00,,,,,,,0.000,0.000,0.0000,50.1
52.382,132.86,4.34,-9.98,107.76,0.00,0.00,,,,,,,0.000,0.000,0.0000,50.1
52.432,132.86,4.34,-9.98,107.86,0.00,0.00,,,,,,,0.000,0.000,0.0000,50.1
52.482,132.86,4.34,-9.98,107.96,0.00,0.00,,,,,,,0.000,0.000,0.0000,50.1
52.532,132.86,4.34,-9.98,108.06,0.00,0.00,,,,,,,0.000,0.000,0.0000,50.1
52.582,132.86,4.34,-9.98,108.16,0.00,0.00,,,,,,,0.000,0.000,0.0000,50.1
52.632,132.86,4.34,-9.98,108.26,0.00,0.00,,,,,,,0.000,0.000,0.0000,50.1
52.682,132.86,4.34,-9.98,108.36,0.00,0.00,,,,,,,0.000,0.000,0.0000,50.1
52.732,132.86,4.34,-9.98,108.46,0.00,0.00,,,,,,,0.000,0.000,0.0000,50.1
52.783,132.86,4.34,-9.98,108.57,0.00,0.00,,,,,,,0.000,0.000,0.0000,50.1
52.833,132.86,4.34,-9.98,108.67,0.00,0.00,,,,,,,0.000,0.000,0.0000,50.1
52.883,132.86,4.34,-9.98,108.77,0.00,0.00,,,,,,,0.000,0.000,0.0000,50.3
52.933,132.86,4.34,-9.98,108.87,0.00,0.00,,,,,,,0.000,0.000,0.0000,50.1
52.983,132.86,4.34,-9.98,108.97,0.00,0.00,,,,,,,0.000,0.000,0.0000,50.1
53.033,132.86,4.34,-9.98,109.07,0.00,0.00,,,,,,,0.000,0.000,0.0000,50.1
53.083,132.86,4.34,-9.98,109.17,0.00,0.00,,,,,,,0.000,0.000,0.0000,50.1
53.133,132.86,4.34,-9.98,109.27,0.00,0.00,,,,,,,0.000,0.000,0.0000,50.1
53.183,132.86,4.34,-9.98,109.37,0.00,0.00,,,,,,,0.000,0.000,0.0000,50.1
53.233,132.86,4.34,-9.98,109.47,0.00,0.00,,,,,,,0.000,0.000,0.0000,50.1
53.284,132.86,4.34,-9.98,109.57,0.00,0.00,,,,,,,0.000,0.000,0.0000,50.3
53.334,132.86,4.34,-9.98,109.67,0.00,0.00,,,,,,,0.000,0.000,0.0000,50.1
53.384,132.86,4.34,-9.98,109.77,0.00,0.00,,,,,,,0.000,0.000,0.0000,50.1
53.434,132.86,4.34,-9.98,109.87,0.00,0.00,,,,,,,0.000,0.000,0.0000,50.1
53.484,132.86,4.34,-9.98,109.97,0.00,0.00,,,,,,,0.000,0.000,0.0000,50.1
53.534,132.86,4.34,-9.98,110.07,0.00,0.00,,,,,,,0.000,0.000,0.0000,50.1
53.584,132.86,4.34,-9.98,110.17,0.00,0.00,,,,,,,0.000,0.000,0.0000,50.1
53.634,132.86,4.34,-9.98,110.27,0.00,0.00,,,,,,,0.000,0.000,0.0000,50.1
53.684,132.86,4.34,-9.98,110.37,0.00,0.00,,,,,,,0.000,0.000,0.0000,50.1
53.734,132.86,4.34,-9.98,110.47,0.00,0.00,,,,,,,0.000,0.000,0.0000,50.1
53.784,132.86,4.33,-9.98,110.57,0.00,0.00,,,,,,,0.000,0.000,0.0000,50.1
53.834,132.86,4.33,-9.98,110.67,0.00,0.00,,,,,,,0.000,0.000,0.0000,50.1
53.885,132.86,4.33,-9.98,110.77,0.00,0.00,,,,,,,0.000,0.000,0.0000,50.1
53.935,132.86,4.33,-9.98,110.87,0.00,0.00,,,,,,,0.000,0.000,0.0000,50.1
53.985,132.86,4.33,-9.98,110.97,0.00,0.00,,,,,,,0.000,0.000,0.0000,50.1
54.035,132.86,4.33,-9.98,111.07,0.00,0.00,,,,,,,0.000,0.000,0.0000,50.1
54.085,132.86,4.33,-9.98,111.17,0.00,0.00,,,,,,,0.000,0.000,0.0000,50.1
54.135,132.86,4.33,-9.98,111.27,0.00,0.00,,,,,,,0.000,0.000,0.0000,50.1
54.185,132.86,4.33,-9.98,111.37,0.00,0.00,,,,,,,0.000,0.000,0.0000,50.1
54.235,132.86,4.33,-9.98,111.47,0.00,0.00,,,,,,,0.000,0.000,0.0000,50.1
54.285,132.86,4.33,-9.98,111.57,0.00,0.00,,,,,,,0.000,0.000,0.0000,50.1
54.335,132.86,4.33,-9.98,111.67,0.00,0.00,,,,,,,0.000,0.000,0.0000,50.1
54.385,132.86,4.33,-9.98,111.77,0.00,0.00,,,,,,,0.000,0.000,0.0000,50.1
54.435,132.86,4.33,-9.98,111.87,0.00,0.00,,,,,,,0.000,0.000,0.0000,50.1
54.485,132.86,4.33,-9.98,111.97,0.00,0.00,,,,,,,0.000,0.000,0.0000,50.1
54.535,132.86,4.33,-9.98,112.07,0.00,0.00,,,,,,,0.000,0.000,0.0000,50.1
54.585,132.86,4.33,-9.98,112.17,0.00,0.00,,,,,,,0.000,0.000,0.0000,50.1
54.636,132.86,4.33,-9.98,112.27,0.00,0.00,,,,,,,0.000,0.000,0.0000,50.1
54.686,132.86,4.33,-9.98,112.37,0.00,0.00,,,,,,,0.000,0.000,0.0000,50.1
54.736,132.86,4.33,-9.98,112.47,0.00,0.00,,,,,,,0.000,0.000,0.0000,50.1
54.786,132.86,4.33,-9.98,112.57,0.00,0.00,,,,,,,0.000,0.000,0.0000,50.1
54.836,132.86,4.33,-9.98,112.67,0.00,0.00,,,,,,,0.000,0.000,0.0000,50.1
54.886,132.86,4.33,-9.98,112.77,0.00,0.00,,,,,,,0.000,0.000,0.0000,50.1
54.936,132.86,4.33,-9.98,112.87,0.00,0.00,,,,,,,0.000,0.000,0.0000,50.0
54.986,132.86,4.33,-9.98,112.97,0.00,0.00,,,,,,,0.000,0.000,0.0000,50.1
55.036,132.86,4.33,-9.98,113.07,0.00,0.00,,,,,,,0.000,0.000,0.0000,50.1
55.086,132.86,4.33,-9.98,113.17,0.00,0.00,,,,,,,0.000,0.000,0.0000,50.1
55.136,132.86,4.33,-9.98,113.27,0.00,0.00,,,,,,,0.000,0.000,0.0000,50.1
55.186,132.86,4.33,-9.98,113.37,0.00,0.00,,,,,,,0.000,0.000,0.0000,50.1
55.236,132.86,4.33,-9.98,113.47,0.00,0.00,,,,,,,0.000,0.000,0.0000,50.1
55.286,132.86,4.33,-9.98,113.57,0.00,0.00,,,,,,,0.000,0.000,0.0000,50.1
55.336,132.86,4.33,-9.98,113.67,0.00,0.00,,,,,,,0.000,0.000,0.0000,50.1
55.387,132.86,4.33,-9.98,113.77,0.00,0.00,,,,,,,0.000,0.000,0.0000,50.1
55.437,132.86,4.33,-9.98,113.87,0.00,0.00,,,,,,,0.000,0.000,0.0000,50.1
55.487,132.86,4.33,-9.98,113.97,0.00,0.00,,,,,,,0.000,0.000,0.0000,50.1
55.537,132.86,4.33,-9.98,114.07,0.00,0.00,,,,,,,0.000,0.000,0.0000,50.1
55.587,132.86,4.33,-9.98,114.17,0.00,0.00,,,,,,,0.000,0.000,0.0000,50.1
55.637,132.86,4.33,-9.98,114.27,0.00,0.00,,,,,,,0.000,0.000,0.0000,50.1
55.687,132.86,4.33,-9.98,114.37,0.00,0.00,,,,,,,0.000,0.000,0.0000,50.1
55.737,132.86,4.33,-9.98,114.47,0.00,0.00,,,,,,,0.000,0.000,0.0000,50.1
55.787,132.86,4.33,-9.98,114.57,0.00,0.00,,,,,,,0.000,0.000,0.0000,50.1
55.837,132.86,4.33,-9.98,114.67,0.00,0.00,,,,,,,0.000,0.000,0.0000,50.1
55.887,132.86,4.33,-9.98,114.77,0.00,0.00,,,,,,,0.000,0.000,0.0000,50.1
55.937,132.86,4.33,-9.98,114.87,0.00,0.00,,,,,,,0.000,0.000,0.0000,50.1
55.987,132.86,4.33,-9.98,114.97,0.00,0.00,,,,,,,0.000,0.000,0.0000,50.1
56.037,132.86,4.33,-9.98,115.07,0.00,0.00,,,,,,,0.000,0.000,0.0000,50.1
56.087,132.86,4.33,-9.98,115.17,0.00,0.00,,,,,,,0.000,0.000,0.0000,50.1
56.138,132.86,4.33,-9.98,115.28,0.00,0.00,,,,,,,0.000,0.000,0.0000,50.1
56.188,132.86,4.33,-9.98,115.38,0.00,0.00,,,,,,,0.000,0.000,0.0000,50.1
56.238,132.86,4.33,-9.98,115.48,0.00,0.00,,,,,,,0.000,0.000,0.0000,50.1
56.288,132.86,4.33,-9.98,115.58,0.00,0.00,,,,,,,0.000,0.000,0.0000,50.1
56.338,132.86,4.33,-9.98,115.68,0.00,0.00,,,,,,,0.000,0.000,0.0000,50.1
56.388,132.86,4.33,-9.98,115.78,0.00,0.00,,,,,,,0.000,0.000,0.0000,50.1
56.438,132.86,4.33,-9.98,115.88,0.00,0.00,,,,,,,0.000,0.000,0.0000,50.1
56.488,132.86,4.33,-9.98,115.98,0.00,0.00,,,,,,,0.000,0.000,0.0000,50.1
56.538,132.86,4.33,-9.98,116.08,0.00,0.00,,,,,,,0.000,0.000,0.0000,50.1
56.588,132.86,4.33,-9.98,116.18,0.00,0.00,,,,,,,0.000,0.000,0.0000,50.1
56.638,132.86,4.33,-9.98,116.28,0.00,0.00,,,,,,,0.000,0.000,0.0000,50.1
56.688,132.86,4.33,-9.98,116.38,0.00,0.00,,,,,,,0.000,0.000,0.0000,50.1
56.738,132.86,4.33,-9.98,116.48,0.00,0.00,,,,,,,0.000,0.000,0.0000,50.1
56.788,132.86,4.33,-9.98,116.58,0.00,0.00,,,,,,,0.000,0.000,0.0000,50.1
56.838,132.86,4.33,-9.98,116.68,0.00,0.00,,,,,,,0.000,0.000,0.0000,50.1
56.889,132.86,4.33,-9.98,116.78,0.00,0.00,,,,,,,0.000,0.000,0.0000,50.1
56.939,132.86,4.33,-9.98,116.88,0.00,0.00,,,,,,,0.000,0.000,0.0000,50.1
56.989,132.86,4.33,-9.98,116.98,0.00,0.00,,,,,,,0.000,0.000,0.0000,50.1
57.039,132.86,4.33,-9.98,117.08,0.00,0.00,,,,,,,0.000,0.000,0.0000,50.1
57.089,132.86,4.33,-9.98,117.18,0.00,0.00,,,,,,,0.000,0.000,0.0000,50.1
57.139,132.86,4.33,-9.98,117.28,0.00,0.00,,,,,,,0.000,0.000,0.0000,50.1
57.189,132.86,4.33,-9.98,117.38,0.00,0.00,,,,,,,0.000,0.000,0.0000,50.1
57.239,132.86,4.33,-9.98,117.48,0.00,0.00,,,,,,,0.000,0.000,0.0000,50.1
57.289,132.86,4.33,-9.98,117.58,0.00,0.00,,,,,,,0.000,0.000,0.0000,50.1
57.339,132.86,4.33,-9.98,117.68,0.00,0.00,,,,,,,0.000,0.000,0.0000,50.1
57.389,132.86,4.33,-9.98,117.78,0.00,0.00,,,,,,,0.000,0.000,0.0000,50.1
57.439,132.86,4.33,-9.98,117.88,0.00,0.00,,,,,,,0.000,0.000,0.0000,50.1
57.489,132.86,4.34,-9.98,117.98,0.00,0.00,,,,,,,0.000,0.000,0.0000,50.1
57.539,132.86,4.34,-9.98,118.08,0.00,0.00,,,,,,,0.000,0.000,0.0000,50.1
57.590,132.86,4.34,-9.98,118.18,0.00,0.00,,,,,,,0.000,0.000,0.0000,50.1
57.640,132.86,4.34,-9.98,118.28,0.00,0.00,,,,,,,0.000,0.000,0.0000,50.1
57.690,132.86,4.34,-9.98,118.38,0.00,0.00,,,,,,,0.000,0.000,0.0000,50.1
57.740,132.86,4.34,-9.98,118.48,0.00,0.00,,,,,,,0.000,0.000,0.0000,50.1
57.790,132.86,4.34,-9.98,118.58,0.00,0.00,,,,,,,0.000,0.000,0.0000,50.1
57.840,132.86,4.34,-9.98,118.68,0.00,0.00,,,,,,,0.000,0.000,0.0000,50.1
57.890,132.86,4.34,-9.98,118.78,0.00,0.00,,,,,,,0.000,0.000,0.0000,50.1
57.940,132.86,4.34,-9.98,118.88,0.00,0.00,,,,,,,0.000,0.000,0.0000,50.1
57.990,132.86,4.34,-9.98,118.98,0.00,0.00,,,,,,,0.000,0.000,0.0000,50.1
58.040,132.86,4.34,-9.98,119.08,0.00,0.00,,,,,,,0.000,0.000,0.0000,50.0
58.090,132.86,4.34,-9.98,119.18,0.00,0.00,,,,,,,0.000,0.000,0.0000,50.1
58.140,132.86,4.34,-9.98,119.28,0.00,0.00,,,,,,,0.000,0.000,0.0000,50.1
58.190,132.86,4.34,-9.98,119.38,0.00,0.00,,,,,,,0.000,0.000,0.0000,50.1
58.240,132.86,4.34,-9.98,119.48,0.00,0.00,,,,,,,0.000,0.000,0.0000,50.1
58.290,132.86,4.34,-9.98,119.58,0.00,0.00,,,,,,,0.000,0.000,0.0000,50.1
58.341,132.86,4.34,-9.98,119.68,0.00,0.00,,,,,,,0.000,0.000,0.0000,50.1
58.391,132.86,4.34,-9.98,119.78,0.00,0.00,,,,,,,0.000,0.000,0.0000,50.1
58.441,132.86,4.34,-9.98,119.88,0.00,0.00,,,,,,,0.000,0.000,0.0000,50.1
58.491,132.86,4.34,-9.98,119.98,0.00,0.00,,,,,,,0.000,0.000,0.0000,50.1
58.541,132.86,4.34,-9.98,120.08,0.00,0.00,,,,,,,0.000,0.000,0.0000,50.1
58.591,132.86,4.34,-9.98,120.18,0.00,0.00,,,,,,,0.000,0.000,0.0000,50.1
58.641,132.86,4.34,-9.98,120.28,0.00,0.00,,,,,,,0.000,0.000,0.0000,50.1
58.691,132.86,4.34,-9.98,120.38,0.00,0.00,,,,,,,0.000,0.000,0.0000,50.1
58.741,132.86,4.34,-9.98,120.48,0.00,0.00,,,,,,,0.000,0.000,0.0000,50.1
58.791,132.86,4.34,-9.98,120.58,0.00,0.00,,,,,,,0.000,0.000,0.0000,50.1
58.841,132.86,4.34,-9.98,120.68,0.00,0.00,,,,,,,0.000,0.000,0.0000,50.1
58.891,132.86,4.34,-9.98,120.78,0.00,0.00,,,,,,,0.000,0.000,0.0000,50.1
58.941,132.86,4.34,-9.98,120.88,0.00,0.00,,,,,,,0.000,0.000,0.0000,50.1
58.991,132.86,4.34,-9.98,120.98,0.00,0.00,,,,,,,0.000,0.000,0.0000,50.1
59.041,132.86,4.34,-9.98,121.08,0.00,0.00,,,,,,,0.000,0.000,0.0000,50.1
59.092,132.86,4.34,-9.98,121.18,0.00,0.00,,,,,,,0.000,0.000,0.0000,50.1
59.142,132.86,4.34,-9.98,121.28,0.00,0.00,,,,,,,0.000,0.000,0.0000,50.1
59.192,132.86,4.34,-9.98,121.38,0.00,0.00,,,,,,,0.000,0.000,0.0000,50.1
59.242,132.86,4.34,-9.98,121.48,0.00,0.00,,,,,,,0.000,0.000,0.0000,50.1
59.292,132.86,4.34,-9.98,121.58,0.00,0.00,,,,,,,0.000,0.000,0.0000,50.1
59.342,132.86,4.34,-9.98,121.68,0.00,0.00,,,,,,,0.000,0.000,0.0000,50.1
59.392,132.86,4.34,-9.98,121.78,0.00,0.00,,,,,,,0.000,0.000,0.0000,50.1
59.442,132.86,4.34,-9.98,121.88,0.00,0.00,,,,,,,0.000,0.000,0.0000,50.1
59.492,132.86,4.34,-9.98,121.98,0.00,0.00,,,,,,,0.000,0.000,0.0000,50.1
59.542,132.86,4.34,-9.98,122.08,0.00,0.00,,,,,,,0.000,0.000,0.0000,50.1
59.592,132.86,4.34,-9.98,122.18,0.00,0.00,,,,,,,0.000,0.000,0.0000,50.1
59.642,132.86,4.34,-9.98,122.28,0.00,0.00,,,,,,,0.000,0.000,0.0000,50.1
59.692,132.86,4.34,-9.98,122.38,0.00,0.00,,,,,,,0.000,0.000,0.0000,50.1
59.742,132.86,4.34,-9.98,122.48,0.00,0.00,,,,,,,0.000,0.000,0.0000,50.1
59.792,132.86,4.34,-9.98,122.58,0.00,0.00,,,,,,,0.000,0.000,0.0000,50.1
59.843,132.86,4.34,-9.98,122.69,0.00,0.00,,,,,,,0.000,0.000,0.0000,50.1
59.893,132.86,4.34,-9.98,122.79,0.00,0.00,,,,,,,0.000,0.000,0.0000,50.1
59.943,132.86,4.34,-9.98,122.89,0.00,0.00,,,,,,,0.000,0.000,0.0000,50.1
59.993,132.86,4.34,-9.98,122.99,0.00,0.00,,,,,,,0.000,0.000,0.0000,50.1
