t_s,state,copter_n,copter_e,copter_d,rover_n,rover_e,in_fov,occluded,bbox_cx,bbox_cy,px_err,vx_cmd,vy_cmd
0.0,ACQUIRE,57.09,-0.01,-9.48,57.59,-0.01,1,0,,,,0.0,0.0
0.05,ACQUIRE,57.09,-0.01,-9.48,57.64,-0.01,1,0,,,,0.0,0.0
0.1,ACQUIRE,57.09,-0.01,-9.48,57.69,-0.01,1,0,,,,0.0,0.0
0.15,ACQUIRE,57.09,-0.01,-9.48,57.74,-0.01,1,0,,,,0.0,0.0
0.2,ACQUIRE,57.09,-0.01,-9.48,57.79,-0.01,1,0,,,,0.0,0.0
0.25,ACQUIRE,57.09,-0.01,-9.48,57.84,-0.01,1,0,,,,0.0,0.0
0.3,ACQUIRE,57.09,-0.01,-9.48,57.89,-0.01,1,0,,,,0.0,0.0
0.35,ACQUIRE,57.09,-0.01,-9.48,57.94,-0.01,1,0,,,,0.0,0.0
0.4,ACQUIRE,57.09,-0.01,-9.48,57.99,-0.01,1,0,,,,0.0,0.0
0.45,ACQUIRE,57.09,-0.01,-9.48,58.04,-0.01,1,0,,,,0.0,0.0
0.5,ACQUIRE,57.09,-0.01,-9.48,58.09,-0.01,1,0,,,,0.0,0.0
0.55,ACQUIRE,57.09,-0.01,-9.48,58.14,-0.01,1,0,,,,0.0,0.0
0.6,ACQUIRE,57.09,-0.01,-9.48,58.2,-0.01,1,0,,,,0.0,0.0
0.65,ACQUIRE,57.09,-0.01,-9.48,58.25,-0.01,1,0,,,,0.0,0.0
0.7,ACQUIRE,57.09,-0.01,-9.48,58.3,-0.01,1,0,,,,0.0,0.0
0.75,ACQUIRE,57.09,-0.01,-9.48,58.35,-0.01,1,0,,,,0.0,0.0
0.8,ACQUIRE,57.09,-0.01,-9.48,58.4,-0.01,1,0,,,,0.0,0.0
0.85,ACQUIRE,57.09,-0.01,-9.48,58.45,-0.01,1,0,,,,0.0,0.0
0.9,ACQUIRE,57.09,-0.01,-9.48,58.5,-0.01,1,0,,,,0.0,0.0
0.95,ACQUIRE,57.09,-0.01,-9.48,58.55,-0.01,1,0,,,,0.0,0.0
1.0,ACQUIRE,57.09,-0.01,-9.48,58.6,-0.01,1,0,,,,0.0,0.0
1.05,ACQUIRE,57.09,-0.01,-9.48,58.65,-0.01,1,0,,,,0.0,0.0
1.1,ACQUIRE,57.09,-0.01,-9.48,58.7,-0.01,1,0,,,,0.0,0.0
1.15,ACQUIRE,57.09,-0.01,-9.48,58.75,-0.01,1,0,,,,0.0,0.0
1.2,ACQUIRE,57.09,-0.01,-9.48,58.8,-0.01,1,0,,,,0.0,0.0
1.25,ACQUIRE,57.09,-0.01,-9.48,58.85,-0.01,1,0,,,,0.0,0.0
1.3,ACQUIRE,57.09,-0.01,-9.48,58.9,-0.01,1,0,,,,0.0,0.0
1.35,ACQUIRE,57.09,-0.01,-9.48,58.95,-0.01,1,0,,,,0.0,0.0
1.4,ACQUIRE,57.09,-0.01,-9.48,59.0,-0.01,1,0,,,,0.0,0.0
1.45,ACQUIRE,57.09,-0.01,-9.48,59.05,-0.01,1,0,,,,0.0,0.0
1.5,ACQUIRE,57.09,-0.01,-9.48,59.1,-0.01,1,0,,,,0.0,0.0
1.55,ACQUIRE,57.09,-0.01,-9.48,59.15,-0.01,1,0,,,,0.0,0.0
1.6,ACQUIRE,57.09,-0.01,-9.48,59.2,-0.01,1,0,,,,0.0,0.0
1.65,ACQUIRE,57.09,-0.01,-9.48,59.25,-0.01,1,0,,,,0.0,0.0
1.7,ACQUIRE,57.09,-0.01,-9.48,59.3,-0.01,1,0,,,,0.0,0.0
1.75,ACQUIRE,57.09,-0.01,-9.48,59.35,-0.01,1,0,,,,0.0,0.0
1.8,ACQUIRE,57.09,-0.01,-9.49,59.4,-0.01,1,0,,,,0.0,0.0
1.85,ACQUIRE,57.09,-0.01,-9.49,59.45,-0.01,1,0,,,,0.0,0.0
1.9,ACQUIRE,57.09,-0.01,-9.49,59.5,-0.01,1,0,,,,0.0,0.0
1.95,ACQUIRE,57.09,-0.01,-9.49,59.55,-0.01,1,0,,,,0.0,0.0
2.0,ACQUIRE,57.09,-0.01,-9.49,59.6,-0.01,1,0,,,,0.0,0.0
2.05,ACQUIRE,57.09,-0.01,-9.49,59.65,-0.01,1,0,,,,0.0,0.0
2.1,ACQUIRE,57.09,-0.01,-9.49,59.7,-0.01,1,0,,,,0.0,0.0
2.15,ACQUIRE,57.09,-0.01,-9.49,59.75,-0.01,1,0,,,,0.0,0.0
2.2,ACQUIRE,57.09,-0.01,-9.49,59.8,-0.01,1,0,,,,0.0,0.0
2.25,ACQUIRE,57.09,-0.01,-9.49,59.85,-0.01,1,0,,,,0.0,0.0
2.3,ACQUIRE,57.09,-0.01,-9.49,59.9,-0.01,1,0,,,,0.0,0.0
2.35,ACQUIRE,57.09,-0.01,-9.49,59.95,-0.01,1,0,,,,0.0,0.0
2.4,ACQUIRE,57.09,-0.01,-9.49,60.0,-0.01,1,0,,,,0.0,0.0
2.45,ACQUIRE,57.09,-0.01,-9.49,60.05,-0.01,1,0,,,,0.0,0.0
2.5,ACQUIRE,57.09,-0.01,-9.49,60.1,-0.01,1,0,,,,0.0,0.0
2.55,ACQUIRE,57.09,-0.01,-9.49,60.15,-0.01,1,0,,,,0.0,0.0
2.6,ACQUIRE,57.09,-0.01,-9.49,60.2,-0.01,1,0,,,,0.0,0.0
2.65,ACQUIRE,57.09,-0.01,-9.49,60.25,-0.01,1,0,,,,0.0,0.0
2.7,ACQUIRE,57.09,-0.01,-9.49,60.3,-0.01,1,0,,,,0.0,0.0
2.75,ACQUIRE,57.09,-0.01,-9.49,60.35,-0.01,1,0,,,,0.0,0.0
2.8,ACQUIRE,57.09,-0.01,-9.49,60.4,-0.01,1,0,,,,0.0,0.0
2.85,ACQUIRE,57.09,-0.01,-9.49,60.45,-0.01,1,0,,,,0.0,0.0
2.9,ACQUIRE,57.09,-0.01,-9.49,60.5,-0.01,1,0,,,,0.0,0.0
2.95,ACQUIRE,57.09,-0.01,-9.49,60.55,-0.01,1,0,,,,0.0,0.0
3.0,ACQUIRE,57.09,-0.01,-9.49,60.6,-0.01,1,0,,,,0.0,0.0
3.05,ACQUIRE,57.09,-0.01,-9.49,60.65,-0.01,1,0,,,,0.0,0.0
3.1,ACQUIRE,57.09,-0.01,-9.49,60.7,-0.01,1,0,,,,0.0,0.0
3.15,ACQUIRE,57.09,-0.01,-9.49,60.75,-0.01,1,0,,,,0.0,0.0
3.2,ACQUIRE,57.09,-0.01,-9.49,60.8,-0.01,1,0,,,,0.0,0.0
3.25,ACQUIRE,57.09,-0.01,-9.49,60.85,-0.01,1,0,,,,0.0,0.0
3.3,ACQUIRE,57.09,-0.01,-9.49,60.9,-0.01,1,0,,,,0.0,0.0
3.35,ACQUIRE,57.09,-0.01,-9.49,60.95,-0.01,1,0,,,,0.0,0.0
3.4,ACQUIRE,57.09,-0.01,-9.49,61.0,-0.01,1,0,,,,0.0,0.0
3.45,ACQUIRE,57.09,-0.01,-9.49,61.05,-0.01,1,0,,,,0.0,0.0
3.5,ACQUIRE,57.09,-0.01,-9.49,61.1,-0.01,1,0,,,,0.0,0.0
3.55,ACQUIRE,57.09,-0.01,-9.49,61.15,-0.01,1,0,,,,0.0,0.0
3.6,ACQUIRE,57.09,-0.01,-9.49,61.2,-0.01,1,0,,,,0.0,0.0
3.65,ACQUIRE,57.09,-0.01,-9.49,61.25,-0.01,1,0,,,,0.0,0.0
3.7,ACQUIRE,57.09,-0.01,-9.49,61.3,-0.01,1,0,,,,0.0,0.0
3.75,ACQUIRE,57.09,-0.01,-9.49,61.35,-0.01,1,0,,,,0.0,0.0
3.8,ACQUIRE,57.09,-0.01,-9.49,61.4,-0.01,1,0,,,,0.0,0.0
3.85,ACQUIRE,57.09,-0.01,-9.49,61.45,-0.01,1,0,,,,0.0,0.0
3.9,ACQUIRE,57.09,-0.01,-9.49,61.5,-0.01,1,0,,,,0.0,0.0
3.95,ACQUIRE,57.09,-0.01,-9.49,61.55,-0.01,1,0,,,,0.0,0.0
4.0,ACQUIRE,57.09,-0.01,-9.49,61.6,-0.01,1,0,,,,0.0,0.0
4.05,ACQUIRE,57.09,-0.01,-9.49,61.65,-0.01,1,0,,,,0.0,0.0
4.1,ACQUIRE,57.09,-0.01,-9.49,61.7,-0.01,1,0,,,,0.0,0.0
4.16,ACQUIRE,57.09,-0.01,-9.49,61.75,-0.01,1,0,,,,0.0,0.0
4.21,ACQUIRE,57.09,-0.01,-9.49,61.8,-0.01,1,0,,,,0.0,0.0
4.26,ACQUIRE,57.09,-0.01,-9.49,61.85,-0.01,1,0,,,,0.0,0.0
4.31,ACQUIRE,57.09,-0.01,-9.48,61.9,-0.01,1,0,,,,0.0,0.0
4.36,CARRY,57.09,-0.01,-9.48,61.95,-0.01,1,0,359.2,37.9,205.9,3.0,0.784
4.41,CARRY,57.09,-0.01,-9.48,62.0,-0.01,1,0,359.6,36.4,207.4,3.0,0.792
4.46,CARRY,57.09,-0.01,-9.48,62.05,-0.01,1,0,360.0,35.0,208.9,3.0,0.8
4.51,CARRY,57.09,-0.02,-9.48,62.1,-0.01,1,0,360.5,33.5,210.4,3.0,0.809
4.56,CARRY,57.09,-0.02,-9.48,62.15,-0.01,1,0,360.9,32.1,211.9,3.0,0.817
4.61,CARRY,57.09,-0.02,-9.48,62.2,-0.01,1,0,361.4,30.7,213.4,3.0,0.828
4.66,CARRY,57.09,-0.02,-9.48,62.25,-0.01,1,0,361.8,29.3,214.9,3.0,0.836
4.71,CARRY,57.1,-0.01,-9.48,62.3,-0.01,1,0,362.5,28.1,216.1,3.0,0.85
4.76,CARRY,57.1,-0.01,-9.48,62.35,-0.01,1,0,362.9,26.6,217.6,3.0,0.858
4.81,CARRY,57.12,-0.01,-9.48,62.4,-0.01,1,0,363.8,25.8,218.6,3.0,0.876
4.86,CARRY,57.12,-0.01,-9.48,62.45,-0.01,1,0,364.2,24.4,220.1,3.0,0.884
4.91,CARRY,57.16,-0.01,-9.48,62.5,-0.01,1,0,365.1,24.1,220.5,3.0,0.902
4.96,CARRY,57.16,-0.01,-9.48,62.55,-0.01,1,0,365.5,22.7,222.1,3.0,0.911
5.01,CARRY,57.22,0.0,-9.48,62.6,-0.01,1,0,366.0,23.0,221.8,3.0,0.919
5.06,CARRY,57.22,0.0,-9.48,62.65,-0.01,1,0,366.4,21.6,223.3,3.0,0.928
5.11,CARRY,57.31,0.01,-9.48,62.7,-0.01,1,0,365.9,22.6,222.2,3.0,0.919
5.16,CARRY,57.31,0.01,-9.48,62.75,-0.01,1,0,366.4,21.2,223.7,3.0,0.928
5.21,CARRY,57.42,0.03,-9.48,62.8,-0.01,1,0,365.2,22.9,221.7,3.0,0.904
5.26,CARRY,57.42,0.03,-9.48,62.85,-0.01,1,0,365.6,21.5,223.2,3.0,0.912
5.31,CARRY,57.57,0.05,-9.48,62.9,-0.01,1,0,363.8,24.0,220.4,3.0,0.876
5.36,CARRY,57.57,0.05,-9.48,62.95,-0.01,1,0,364.2,22.6,221.9,3.0,0.884
5.41,CARRY,57.73,0.07,-9.48,63.0,-0.01,1,0,361.9,25.9,218.2,3.0,0.838
5.46,CARRY,57.73,0.07,-9.48,63.05,-0.01,1,0,362.3,24.4,219.7,3.0,0.847
5.51,CARRY,57.92,0.1,-9.48,63.1,-0.01,1,0,359.1,28.4,215.2,3.0,0.783
5.56,CARRY,57.92,0.1,-9.48,63.15,-0.01,1,0,359.6,26.9,216.7,3.0,0.791
5.61,CARRY,58.14,0.13,-9.48,63.2,-0.01,1,0,355.8,31.5,211.5,3.0,0.715
5.66,CARRY,58.14,0.13,-9.48,63.25,-0.01,1,0,356.2,30.1,213.0,3.0,0.724
5.71,CARRY,58.37,0.16,-9.48,63.3,-0.01,1,0,352.3,35.2,207.3,3.0,0.645
5.76,CARRY,58.37,0.16,-9.48,63.35,-0.01,1,0,352.7,33.8,208.8,3.0,0.654
5.81,CARRY,58.62,0.19,-9.48,63.4,-0.01,1,0,348.9,39.4,202.7,3.0,0.577
5.86,CARRY,58.62,0.19,-9.48,63.45,-0.01,1,0,349.3,37.9,204.2,3.0,0.586
5.91,CARRY,58.88,0.22,-9.49,63.5,-0.01,1,0,345.7,43.8,197.8,3.0,0.513
5.96,CARRY,58.88,0.22,-9.49,63.55,-0.01,1,0,346.1,42.4,199.3,3.0,0.522
6.01,CARRY,59.14,0.25,-9.49,63.6,-0.01,1,0,342.7,48.5,192.9,3.0,0.453
6.06,CARRY,59.14,0.25,-9.49,63.65,-0.01,1,0,343.1,47.0,194.4,3.0,0.462
6.11,CARRY,59.42,0.28,-9.49,63.7,-0.01,1,0,339.8,53.4,187.6,3.0,0.395
6.16,CARRY,59.42,0.28,-9.49,63.75,-0.01,1,0,340.2,52.0,189.1,3.0,0.404
6.21,CARRY,59.7,0.3,-9.49,63.8,-0.01,1,0,337.0,58.6,182.2,3.0,0.341
6.26,CARRY,59.7,0.3,-9.49,63.85,-0.01,1,0,337.5,57.1,183.7,3.0,0.349
6.31,CARRY,59.98,0.32,-9.49,63.9,-0.01,1,0,334.5,63.8,176.8,3.0,0.29
6.36,CARRY,59.98,0.32,-9.49,63.95,-0.01,1,0,334.9,62.3,178.3,3.0,0.299
6.41,CARRY,60.27,0.33,-9.49,64.0,-0.01,1,0,332.2,69.1,171.3,3.0,0.244
6.46,CARRY,60.27,0.33,-9.49,64.05,-0.01,1,0,332.6,67.7,172.8,3.0,0.252
6.51,CARRY,60.56,0.34,-9.49,64.1,-0.01,1,0,330.1,74.5,165.8,3.0,0.202
6.56,CARRY,60.56,0.34,-9.49,64.15,-0.01,1,0,330.5,73.1,167.3,3.0,0.21
6.61,CARRY,60.85,0.34,-9.49,64.2,-0.01,1,0,328.2,80.0,160.2,3.0,0.165
6.66,CARRY,60.85,0.34,-9.49,64.25,-0.01,1,0,328.7,78.5,161.7,3.0,0.173
6.71,CARRY,61.14,0.34,-9.49,64.3,-0.01,1,0,326.6,85.5,154.7,3.0,0.133
6.76,CARRY,61.14,0.34,-9.49,64.35,-0.01,1,0,327.1,84.0,156.1,3.0,0.141
6.81,CARRY,61.44,0.34,-9.49,64.4,-0.01,1,0,325.2,91.3,148.8,2.975,0.104
6.86,CARRY,61.44,0.34,-9.49,64.45,-0.01,1,0,325.6,89.8,150.3,3.0,0.113
6.91,CARRY,61.73,0.33,-9.48,64.5,-0.01,1,0,324.1,96.9,143.2,2.863,0.082
6.96,CARRY,61.73,0.33,-9.48,64.55,-0.01,1,0,324.5,95.4,144.6,2.892,0.091
7.01,CARRY,62.02,0.32,-9.48,64.6,-0.01,1,0,323.2,102.5,137.5,2.75,0.065
7.06,CARRY,62.02,0.32,-9.48,64.65,-0.01,1,0,323.7,101.1,139.0,2.779,0.073
7.11,CARRY,62.32,0.3,-9.48,64.7,-0.01,1,0,322.6,108.2,131.8,2.636,0.052
7.16,CARRY,62.32,0.3,-9.48,64.75,-0.01,1,0,323.0,106.7,133.3,2.665,0.061
7.21,CARRY,62.61,0.28,-9.48,64.8,-0.01,1,0,322.2,113.8,126.2,2.523,0.043
7.26,CARRY,62.61,0.28,-9.48,64.85,-0.01,1,0,322.6,112.4,127.6,2.552,0.052
7.31,CARRY,62.9,0.26,-9.48,64.9,-0.01,1,0,321.9,122.0,118.1,2.361,0.037
7.36,CARRY,62.9,0.26,-9.48,64.95,-0.01,1,0,322.3,119.1,121.0,2.419,0.046
7.41,CARRY,63.19,0.23,-9.48,65.0,-0.01,1,0,321.7,132.9,107.1,2.142,0.033
7.46,CARRY,63.19,0.23,-9.48,65.05,-0.01,1,0,322.1,130.0,110.0,2.2,0.042
7.51,CARRY,63.47,0.21,-9.48,65.1,-0.01,1,0,321.6,143.5,96.5,1.93,0.032
7.56,CARRY,63.47,0.21,-9.48,65.15,-0.01,1,0,322.0,140.6,99.4,1.988,0.041
7.61,CARRY,63.74,0.18,-9.48,65.2,-0.01,1,0,321.7,153.7,86.3,1.726,0.033
7.66,CARRY,63.74,0.18,-9.48,65.25,-0.01,1,0,322.1,150.8,89.2,1.784,0.042
7.71,CARRY,64.0,0.16,-9.48,65.3,-0.01,1,0,321.8,163.4,76.7,1.533,0.036
7.76,CARRY,64.0,0.16,-9.48,65.35,-0.01,1,0,322.2,160.5,79.6,1.591,0.045
7.81,CARRY,64.25,0.13,-9.48,65.4,-0.01,1,0,322.0,172.4,67.7,1.353,0.04
7.86,CARRY,64.25,0.13,-9.48,65.45,-0.01,1,0,322.4,169.5,70.6,1.411,0.049
7.91,CARRY,64.49,0.11,-9.48,65.5,-0.01,1,0,322.3,180.6,59.5,1.188,0.045
7.96,CARRY,64.49,0.11,-9.48,65.55,-0.01,1,0,322.7,177.7,62.4,1.246,0.054
8.01,CARRY,64.71,0.08,-9.48,65.6,-0.01,1,0,322.5,187.8,52.3,1.044,0.051
8.06,CARRY,64.71,0.08,-9.48,65.65,-0.01,1,0,323.0,184.9,55.2,1.102,0.06
8.11,CARRY,64.92,0.06,-9.48,65.7,-0.01,1,0,322.9,194.3,45.8,0.913,0.057
8.16,CARRY,64.92,0.06,-9.48,65.75,-0.01,1,0,323.3,191.4,48.7,0.971,0.066
8.21,CARRY,65.12,0.04,-9.48,65.8,-0.01,1,0,323.2,200.0,40.2,0.801,0.064
8.26,CARRY,65.12,0.04,-9.48,65.85,-0.01,1,0,323.6,197.1,43.1,0.859,0.073
8.31,CARRY,65.3,0.02,-9.48,65.9,-0.01,1,0,323.6,204.7,35.5,0.706,0.071
8.36,CARRY,65.3,0.02,-9.48,65.95,-0.01,1,0,324.0,201.8,38.4,0.765,0.08
8.41,CARRY,65.46,0.01,-9.48,66.01,-0.01,1,0,323.9,208.5,31.7,0.63,0.079
8.46,CARRY,65.46,0.01,-9.48,66.06,-0.01,1,0,324.4,205.6,34.7,0.688,0.087
8.51,CARRY,65.61,-0.01,-9.48,66.11,-0.01,1,0,324.3,211.6,28.8,0.569,0.086
8.56,CARRY,65.61,-0.01,-9.48,66.16,-0.01,1,0,324.7,208.7,31.7,0.627,0.094
8.61,CARRY,65.75,-0.02,-9.48,66.21,-0.01,1,0,324.6,213.9,26.5,0.523,0.093
8.66,CARRY,65.75,-0.02,-9.48,66.26,-0.01,1,0,325.1,211.0,29.5,0.581,0.101
8.71,CARRY,65.88,-0.03,-9.48,66.31,-0.01,1,0,325.0,215.5,25.0,0.491,0.099
8.76,CARRY,65.88,-0.03,-9.48,66.36,-0.01,1,0,325.4,212.6,28.0,0.549,0.108
8.81,CARRY,65.99,-0.04,-9.48,66.41,-0.01,1,0,325.3,216.4,24.2,0.473,0.106
8.86,CARRY,65.99,-0.04,-9.48,66.46,-0.01,1,0,325.7,213.5,27.1,0.53,0.114
8.91,CARRY,66.1,-0.04,-9.48,66.51,-0.01,1,0,325.6,216.8,23.8,0.463,0.111
8.96,CARRY,66.1,-0.04,-9.48,66.56,-0.01,1,0,326.0,213.9,26.7,0.521,0.12
9.01,CARRY,66.2,-0.05,-9.48,66.61,-0.01,1,0,325.8,216.6,24.1,0.467,0.117
9.06,CARRY,66.2,-0.05,-9.48,66.66,-0.01,1,0,326.3,213.7,27.0,0.525,0.126
9.11,CARRY,66.28,-0.05,-9.48,66.71,-0.01,1,0,326.1,216.0,24.8,0.48,0.122
9.16,CARRY,66.28,-0.05,-9.48,66.76,-0.01,1,0,326.5,213.1,27.7,0.538,0.13
9.21,CARRY,66.37,-0.05,-9.48,66.81,-0.01,1,0,326.3,215.0,25.8,0.501,0.126
9.26,CARRY,66.37,-0.05,-9.48,66.86,-0.01,1,0,326.7,212.1,28.7,0.559,0.135
9.31,CARRY,66.44,-0.05,-9.48,66.91,-0.01,1,0,326.5,213.6,27.2,0.527,0.13
9.36,CARRY,66.44,-0.05,-9.48,66.96,-0.01,1,0,326.9,210.7,30.1,0.585,0.139
9.41,CARRY,66.52,-0.05,-9.48,67.01,-0.01,1,0,326.7,212.1,28.7,0.559,0.134
9.46,CARRY,66.52,-0.05,-9.48,67.06,-0.01,1,0,327.1,209.2,31.6,0.617,0.142
9.51,CARRY,66.59,-0.05,-9.48,67.11,-0.01,1,0,326.8,210.3,30.4,0.593,0.137
9.56,CARRY,66.59,-0.05,-9.48,67.16,-0.01,1,0,327.3,207.4,33.4,0.651,0.145
9.61,CARRY,66.66,-0.04,-9.48,67.21,-0.01,1,0,327.0,208.5,32.3,0.631,0.139
9.66,CARRY,66.66,-0.04,-9.48,67.26,-0.01,1,0,327.4,205.6,35.2,0.688,0.148
9.71,CARRY,66.72,-0.04,-9.48,67.31,-0.01,1,0,327.1,206.5,34.2,0.669,0.142
9.76,CARRY,66.72,-0.04,-9.48,67.36,-0.01,1,0,327.5,203.7,37.1,0.727,0.15
9.81,CARRY,66.79,-0.04,-9.48,67.41,-0.01,1,0,327.2,204.6,36.1,0.708,0.144
9.86,CARRY,66.79,-0.04,-9.48,67.46,-0.01,1,0,327.6,201.7,39.0,0.766,0.152
9.91,CARRY,66.86,-0.03,-9.49,67.51,-0.01,1,0,327.3,202.7,38.0,0.746,0.145
9.96,CARRY,66.86,-0.03,-9.49,67.56,-0.01,1,0,327.7,199.8,40.9,0.804,0.154
10.01,CARRY,66.93,-0.03,-9.49,67.61,-0.01,1,0,327.4,200.8,39.9,0.784,0.147
10.06,CARRY,66.93,-0.03,-9.49,67.66,-0.01,1,0,327.8,197.9,42.8,0.842,0.156
10.11,CARRY,66.99,-0.03,-9.49,67.71,-0.01,1,0,327.5,199.0,41.7,0.821,0.149
10.16,CARRY,66.99,-0.03,-9.49,67.76,-0.01,1,0,327.9,196.1,44.6,0.879,0.158
10.21,CARRY,67.07,-0.03,-9.49,67.81,-0.01,1,0,327.6,197.3,43.4,0.854,0.151
10.26,CARRY,67.07,-0.03,-9.49,67.86,-0.01,1,0,328.0,194.4,46.3,0.912,0.16
10.31,CARRY,67.14,-0.02,-9.49,67.91,-0.01,1,0,327.6,195.7,44.9,0.886,0.153
10.36,CARRY,67.14,-0.02,-9.49,67.96,-0.01,1,0,328.1,192.8,47.9,0.944,0.161
10.41,CARRY,67.21,-0.02,-9.49,68.01,-0.01,1,0,327.7,194.3,46.4,0.915,0.154
10.46,CARRY,67.21,-0.02,-9.49,68.06,-0.01,1,0,328.2,191.4,49.3,0.972,0.163
10.51,CARRY,67.29,-0.02,-9.49,68.11,-0.01,1,0,327.8,193.0,47.7,0.941,0.156
10.56,CARRY,67.29,-0.02,-9.49,68.16,-0.01,1,0,328.2,190.1,50.6,0.999,0.165
10.61,CARRY,67.37,-0.02,-9.49,68.21,-0.01,1,0,327.9,191.8,48.8,0.964,0.158
10.66,CARRY,67.37,-0.02,-9.49,68.26,-0.01,1,0,328.3,188.9,51.8,1.022,0.166
10.71,CARRY,67.46,-0.02,-9.49,68.31,-0.01,1,0,328.0,190.8,49.9,0.984,0.159
10.76,CARRY,67.46,-0.02,-9.49,68.36,-0.01,1,0,328.4,187.9,52.8,1.042,0.168
10.81,CARRY,67.54,-0.01,-9.49,68.41,-0.01,1,0,328.0,189.9,50.7,1.002,0.16
10.86,CARRY,67.54,-0.01,-9.49,68.46,-0.01,1,0,328.4,187.0,53.7,1.06,0.169
10.91,CARRY,67.63,-0.01,-9.49,68.51,-0.01,1,0,328.0,189.1,51.5,1.017,0.161
10.96,CARRY,67.63,-0.01,-9.49,68.56,-0.01,1,0,328.5,186.2,54.4,1.075,0.17
11.01,CARRY,67.72,-0.01,-9.49,68.61,-0.01,1,0,328.1,188.6,52.0,1.027,0.161
11.06,CARRY,67.72,-0.01,-9.49,68.66,-0.01,1,0,328.5,185.7,54.9,1.085,0.17
11.12,CARRY,67.81,-0.01,-9.49,68.71,-0.01,1,0,328.1,188.1,52.5,1.038,0.162
11.17,CARRY,67.81,-0.01,-9.49,68.76,-0.01,1,0,328.5,185.2,55.5,1.096,0.17
11.22,CARRY,67.9,-0.01,-9.49,68.81,-0.01,1,0,328.1,187.7,52.9,1.046,0.162
11.27,CARRY,67.9,-0.01,-9.49,68.86,-0.01,1,0,328.5,184.8,55.9,1.104,0.171
11.32,CARRY,68.0,-0.01,-9.49,68.91,-0.01,1,0,328.1,187.4,53.2,1.052,0.162
11.37,CARRY,68.0,-0.01,-9.49,68.96,-0.01,1,0,328.6,184.5,56.2,1.11,0.171
11.42,CARRY,68.1,-0.01,-9.49,69.01,-0.01,1,0,328.1,187.2,53.4,1.056,0.162
11.47,CARRY,68.1,-0.01,-9.49,69.06,-0.01,1,0,328.6,184.3,56.4,1.114,0.171
11.52,CARRY,68.19,-0.01,-9.49,69.11,-0.01,1,0,328.1,187.1,53.6,1.059,0.162
11.57,CARRY,68.19,-0.01,-9.49,69.16,-0.01,1,0,328.6,184.2,56.5,1.117,0.171
11.62,CARRY,68.29,-0.01,-9.49,69.21,-0.01,1,0,328.1,187.0,53.6,1.06,0.162
11.67,CARRY,68.29,-0.01,-9.49,69.26,-0.01,1,0,328.5,184.1,56.5,1.118,0.171
11.72,CARRY,68.39,-0.01,-9.49,69.31,-0.01,1,0,328.1,187.0,53.6,1.06,0.161
11.77,CARRY,68.39,-0.01,-9.49,69.36,-0.01,1,0,328.5,184.1,56.5,1.117,0.17
11.82,CARRY,68.49,-0.01,-9.49,69.41,-0.01,1,0,328.0,187.1,53.5,1.058,0.161
11.87,CARRY,68.49,-0.01,-9.49,69.46,-0.01,1,0,328.5,184.2,56.5,1.116,0.169
11.92,CARRY,68.6,-0.01,-9.49,69.51,-0.01,1,0,328.0,187.2,53.4,1.056,0.16
11.97,CARRY,68.6,-0.01,-9.49,69.56,-0.01,1,0,328.4,184.3,56.3,1.114,0.168
12.02,CARRY,68.7,-0.01,-9.49,69.61,-0.01,1,0,327.9,187.3,53.3,1.053,0.159
12.07,CARRY,68.7,-0.01,-9.49,69.66,-0.01,1,0,328.4,184.4,56.2,1.111,0.167
12.12,CARRY,68.8,-0.01,-9.49,69.71,-0.01,1,0,327.9,187.5,53.1,1.05,0.157
12.17,CARRY,68.8,-0.01,-9.49,69.76,-0.01,1,0,328.3,184.6,56.0,1.107,0.166
12.22,CARRY,68.91,-0.01,-9.49,69.81,-0.01,1,0,327.8,187.6,52.9,1.047,0.157
12.27,CARRY,68.91,-0.01,-9.49,69.86,-0.01,1,0,328.3,184.8,55.9,1.105,0.165
12.32,CARRY,69.01,-0.01,-9.49,69.91,-0.01,1,0,327.8,187.9,52.7,1.042,0.155
12.37,CARRY,69.01,-0.01,-9.49,69.96,-0.01,1,0,328.2,185.0,55.6,1.1,0.164
12.42,CARRY,69.11,-0.0,-9.49,70.01,-0.01,1,0,327.7,188.2,52.4,1.036,0.154
12.47,CARRY,69.11,-0.0,-9.49,70.06,-0.01,1,0,328.1,185.3,55.3,1.094,0.163
12.52,CARRY,69.22,-0.0,-9.49,70.11,-0.01,1,0,327.6,188.5,52.1,1.03,0.153
12.57,CARRY,69.22,-0.0,-9.49,70.16,-0.01,1,0,328.1,185.6,55.0,1.088,0.161
12.62,CARRY,69.33,-0.0,-9.49,70.21,-0.01,1,0,327.6,188.8,51.8,1.024,0.152
12.67,CARRY,69.33,-0.0,-9.49,70.26,-0.01,1,0,328.0,185.9,54.7,1.082,0.16
12.72,CARRY,69.43,-0.0,-9.49,70.31,-0.01,1,0,327.5,189.1,51.5,1.018,0.15
12.77,CARRY,69.43,-0.0,-9.49,70.36,-0.01,1,0,328.0,186.2,54.4,1.076,0.159
12.82,CARRY,69.54,-0.0,-9.49,70.41,-0.01,1,0,327.5,189.4,51.2,1.013,0.149
12.87,CARRY,69.54,-0.0,-9.49,70.46,-0.01,1,0,327.9,186.5,54.1,1.07,0.158
12.92,CARRY,69.64,-0.0,-9.49,70.51,-0.01,1,0,327.4,189.7,50.9,1.007,0.148
12.97,CARRY,69.64,-0.0,-9.49,70.56,-0.01,1,0,327.9,186.8,53.8,1.065,0.157
13.02,CARRY,69.75,-0.0,-9.49,70.61,-0.01,1,0,327.4,189.9,50.6,1.001,0.147
13.07,CARRY,69.75,-0.0,-9.49,70.66,-0.01,1,0,327.8,187.0,53.5,1.059,0.156
13.12,CARRY,69.85,-0.0,-9.49,70.71,-0.01,1,0,327.3,190.4,50.2,0.993,0.146
13.17,CARRY,69.85,-0.0,-9.49,70.76,-0.01,1,0,327.7,187.5,53.1,1.051,0.155
13.22,CARRY,69.96,-0.0,-9.49,70.81,-0.01,1,0,327.3,190.6,49.9,0.988,0.145
13.27,CARRY,69.96,-0.0,-9.49,70.86,-0.01,1,0,327.7,187.7,52.8,1.045,0.154
13.32,CARRY,70.06,-0.0,-9.49,70.91,-0.01,1,0,327.2,190.9,49.7,0.983,0.145
13.37,CARRY,70.06,-0.0,-9.49,70.96,-0.01,1,0,327.7,188.0,52.6,1.04,0.153
13.42,CARRY,70.17,-0.0,-9.49,71.01,-0.01,1,0,327.2,191.1,49.4,0.978,0.144
13.47,CARRY,70.17,-0.0,-9.49,71.06,-0.01,1,0,327.6,188.2,52.4,1.036,0.153
13.52,CARRY,70.27,-0.0,-9.49,71.11,-0.01,1,0,327.2,191.3,49.2,0.974,0.144
13.57,CARRY,70.27,-0.0,-9.49,71.16,-0.01,1,0,327.6,188.4,52.1,1.032,0.152
13.62,CARRY,70.37,-0.0,-9.49,71.21,-0.01,1,0,327.2,191.5,49.0,0.97,0.143
13.67,CARRY,70.37,-0.0,-9.49,71.26,-0.01,1,0,327.6,188.6,51.9,1.027,0.152
13.72,CARRY,70.48,-0.0,-9.49,71.31,-0.01,1,0,327.1,191.7,48.8,0.966,0.143
13.77,CARRY,70.48,-0.0,-9.49,71.36,-0.01,1,0,327.6,188.8,51.7,1.024,0.152
13.82,CARRY,70.58,-0.0,-9.49,71.41,-0.01,1,0,327.1,191.9,48.6,0.962,0.143
13.87,CARRY,70.58,-0.0,-9.49,71.46,-0.01,1,0,327.6,189.0,51.6,1.02,0.151
13.92,CARRY,70.68,-0.0,-9.49,71.51,-0.01,1,0,327.1,192.1,48.5,0.959,0.142
13.97,CARRY,70.68,-0.0,-9.49,71.56,-0.01,1,0,327.5,189.2,51.4,1.017,0.151
14.02,CARRY,70.79,-0.0,-9.49,71.61,-0.01,1,0,327.1,192.2,48.3,0.956,0.142
14.07,CARRY,70.79,-0.0,-9.49,71.66,-0.01,1,0,327.5,189.3,51.2,1.014,0.151
14.12,CARRY,70.89,-0.0,-9.49,71.71,-0.01,1,0,327.1,192.3,48.2,0.954,0.142
14.17,CARRY,70.89,-0.0,-9.49,71.76,-0.01,1,0,327.5,189.4,51.1,1.012,0.151
14.22,CARRY,70.99,-0.01,-9.49,71.81,-0.01,1,0,327.1,192.4,48.1,0.952,0.142
14.27,CARRY,70.99,-0.01,-9.49,71.86,-0.01,1,0,327.5,189.5,51.0,1.01,0.15
14.32,CARRY,71.09,-0.01,-9.49,71.91,-0.01,1,0,327.1,192.4,48.1,0.952,0.142
14.37,CARRY,71.09,-0.01,-9.49,71.96,-0.01,1,0,327.5,189.5,51.1,1.01,0.151
14.42,CARRY,71.19,-0.01,-9.49,72.01,-0.01,1,0,327.1,192.4,48.1,0.951,0.142
14.47,CARRY,71.19,-0.01,-9.49,72.06,-0.01,1,0,327.5,189.5,51.0,1.009,0.151
14.52,CARRY,71.29,-0.01,-9.49,72.11,-0.01,1,0,327.1,192.5,48.0,0.95,0.142
14.57,CARRY,71.29,-0.01,-9.49,72.16,-0.01,1,0,327.5,189.6,51.0,1.008,0.151
14.62,CARRY,71.39,-0.01,-9.49,72.21,-0.01,1,0,327.1,192.5,48.0,0.95,0.142
14.67,CARRY,71.39,-0.01,-9.49,72.26,-0.01,1,0,327.5,189.6,50.9,1.008,0.151
14.72,CARRY,71.49,-0.01,-9.49,72.31,-0.01,1,0,327.1,192.5,48.0,0.95,0.143
14.77,CARRY,71.49,-0.01,-9.49,72.36,-0.01,1,0,327.6,189.6,50.9,1.007,0.151
14.82,CARRY,71.59,-0.01,-9.49,72.41,-0.01,1,0,327.2,192.5,48.0,0.949,0.143
14.87,CARRY,71.59,-0.01,-9.49,72.46,-0.01,1,0,327.6,189.6,50.9,1.007,0.152
14.92,CARRY,71.69,-0.01,-9.49,72.51,-0.01,1,0,327.2,192.5,48.0,0.95,0.144
14.97,CARRY,71.69,-0.01,-9.49,72.56,-0.01,1,0,327.6,189.6,50.9,1.007,0.152
15.02,CARRY,71.79,-0.01,-9.49,72.61,-0.01,1,0,327.2,192.5,48.0,0.949,0.144
15.07,CARRY,71.79,-0.01,-9.49,72.66,-0.01,1,0,327.6,189.6,50.9,1.007,0.153
15.12,CARRY,71.89,-0.01,-9.49,72.71,-0.01,1,0,327.2,192.5,48.0,0.949,0.145
15.17,CARRY,71.89,-0.01,-9.49,72.76,-0.01,1,0,327.7,189.6,50.9,1.007,0.153
15.22,CARRY,72.0,-0.01,-9.49,72.82,-0.01,1,0,327.2,192.7,47.9,0.946,0.145
15.27,CARRY,72.0,-0.01,-9.49,72.87,-0.01,1,0,327.7,189.8,50.8,1.004,0.154
15.32,CARRY,72.1,-0.01,-9.49,72.92,-0.01,1,0,327.3,192.7,47.9,0.947,0.145
15.37,CARRY,72.1,-0.01,-9.49,72.97,-0.01,1,0,327.7,189.8,50.8,1.005,0.154
15.42,CARRY,72.19,-0.01,-9.49,73.02,-0.01,1,0,327.3,192.6,47.9,0.948,0.146
15.47,CARRY,72.19,-0.01,-9.49,73.07,-0.01,1,0,327.7,189.7,50.9,1.005,0.154
15.52,CARRY,72.29,-0.01,-9.49,73.12,-0.01,1,0,327.3,192.6,48.0,0.949,0.146
15.57,CARRY,72.29,-0.01,-9.49,73.17,-0.01,1,0,327.7,189.7,50.9,1.007,0.154
15.62,CARRY,72.39,-0.01,-9.49,73.22,-0.01,1,0,327.3,192.5,48.0,0.95,0.146
15.67,CARRY,72.39,-0.01,-9.49,73.27,-0.01,1,0,327.7,189.6,51.0,1.008,0.155
15.72,CARRY,72.49,-0.01,-9.49,73.32,-0.01,1,0,327.3,192.5,48.1,0.951,0.146
15.77,CARRY,72.49,-0.01,-9.49,73.37,-0.01,1,0,327.7,189.6,51.0,1.009,0.155
15.82,CARRY,72.59,-0.01,-9.49,73.42,-0.01,1,0,327.3,192.4,48.2,0.952,0.146
15.87,CARRY,72.59,-0.01,-9.49,73.47,-0.01,1,0,327.7,189.5,51.1,1.01,0.155
15.92,CARRY,72.69,-0.01,-9.48,73.52,-0.01,1,0,327.3,192.3,48.2,0.954,0.146
15.97,CARRY,72.69,-0.01,-9.48,73.57,-0.01,1,0,327.7,189.4,51.2,1.012,0.155
16.02,CARRY,72.79,-0.01,-9.48,73.62,-0.01,1,0,327.3,192.3,48.3,0.955,0.146
16.07,CARRY,72.79,-0.01,-9.48,73.67,-0.01,1,0,327.7,189.4,51.2,1.013,0.154
16.12,CARRY,72.89,-0.01,-9.48,73.72,-0.01,1,0,327.3,192.2,48.3,0.956,0.146
16.17,CARRY,72.89,-0.01,-9.48,73.77,-0.01,1,0,327.7,189.3,51.3,1.014,0.154
16.22,CARRY,72.99,-0.01,-9.48,73.82,-0.01,1,0,327.3,192.2,48.4,0.957,0.145
16.27,CARRY,72.99,-0.01,-9.48,73.87,-0.01,1,0,327.7,189.3,51.3,1.015,0.154
16.32,CARRY,73.09,-0.01,-9.48,73.92,-0.01,1,0,327.3,192.1,48.5,0.958,0.145
16.37,CARRY,73.09,-0.01,-9.48,73.97,-0.01,1,0,327.7,189.2,51.4,1.016,0.154
16.42,CARRY,73.19,-0.01,-9.48,74.02,-0.01,1,0,327.3,192.0,48.6,0.961,0.145
16.47,CARRY,73.19,-0.01,-9.48,74.07,-0.01,1,0,327.7,189.1,51.5,1.019,0.154
16.52,CARRY,73.28,-0.01,-9.48,74.12,-0.01,1,0,327.3,191.9,48.6,0.961,0.145
16.57,CARRY,73.28,-0.01,-9.48,74.17,-0.01,1,0,327.7,189.0,51.5,1.019,0.154
16.62,CARRY,73.38,-0.01,-9.48,74.22,-0.01,1,0,327.2,191.9,48.7,0.962,0.145
16.67,CARRY,73.38,-0.01,-9.48,74.27,-0.01,1,0,327.7,189.0,51.6,1.02,0.154
16.72,CARRY,73.48,-0.01,-9.48,74.32,-0.01,1,0,327.2,191.8,48.7,0.963,0.145
16.77,CARRY,73.48,-0.01,-9.48,74.37,-0.01,1,0,327.7,188.9,51.6,1.021,0.154
16.82,CARRY,73.58,-0.01,-9.48,74.42,-0.01,1,0,327.2,191.8,48.7,0.964,0.145
16.87,CARRY,73.58,-0.01,-9.48,74.47,-0.01,1,0,327.7,188.9,51.7,1.022,0.154
16.92,CARRY,73.68,-0.01,-9.48,74.52,-0.01,1,0,327.2,191.8,48.8,0.965,0.145
16.97,CARRY,73.68,-0.01,-9.48,74.57,-0.01,1,0,327.7,188.9,51.7,1.023,0.154
17.02,CARRY,73.78,-0.01,-9.48,74.62,-0.01,1,0,327.2,191.7,48.8,0.966,0.145
17.07,CARRY,73.78,-0.01,-9.48,74.67,-0.01,1,0,327.7,188.8,51.7,1.023,0.154
17.12,CARRY,73.88,-0.01,-9.48,74.72,-0.01,1,0,327.2,191.7,48.9,0.966,0.145
17.17,CARRY,73.88,-0.01,-9.48,74.77,-0.01,1,0,327.7,188.8,51.8,1.024,0.154
17.22,CARRY,73.98,-0.01,-9.48,74.82,-0.01,1,0,327.2,191.8,48.7,0.964,0.145
17.27,CARRY,73.98,-0.01,-9.48,74.87,-0.01,1,0,327.7,188.9,51.6,1.021,0.153
17.32,CARRY,74.08,-0.01,-9.48,74.92,-0.01,1,0,327.2,191.8,48.7,0.964,0.145
17.37,CARRY,74.08,-0.01,-9.48,74.97,-0.01,1,0,327.7,188.9,51.7,1.022,0.153
17.42,CARRY,74.18,-0.01,-9.48,75.02,-0.01,1,0,327.2,191.8,48.7,0.964,0.145
17.47,CARRY,74.18,-0.01,-9.48,75.07,-0.01,1,0,327.7,188.9,51.7,1.022,0.153
17.52,CARRY,74.28,-0.01,-9.48,75.12,-0.01,1,0,327.2,191.8,48.7,0.964,0.144
17.57,CARRY,74.28,-0.01,-9.48,75.17,-0.01,1,0,327.7,188.9,51.7,1.022,0.153
17.62,CARRY,74.38,-0.01,-9.48,75.22,-0.01,1,0,327.2,191.8,48.7,0.964,0.144
17.67,CARRY,74.38,-0.01,-9.48,75.27,-0.01,1,0,327.7,188.9,51.7,1.022,0.153
17.72,CARRY,74.48,-0.01,-9.48,75.32,-0.01,1,0,327.2,191.8,48.7,0.964,0.144
17.77,CARRY,74.48,-0.01,-9.48,75.37,-0.01,1,0,327.6,188.9,51.7,1.022,0.153
17.82,CARRY,74.58,-0.01,-9.48,75.42,-0.01,1,0,327.2,191.8,48.7,0.964,0.144
17.87,CARRY,74.58,-0.01,-9.48,75.47,-0.01,1,0,327.6,188.9,51.6,1.022,0.153
17.92,CARRY,74.68,-0.01,-9.48,75.52,-0.01,1,0,327.2,191.8,48.7,0.964,0.144
17.97,CARRY,74.68,-0.01,-9.48,75.57,-0.01,1,0,327.6,188.9,51.6,1.022,0.153
18.02,CARRY,74.79,-0.01,-9.48,75.62,-0.01,1,0,327.2,191.8,48.7,0.963,0.144
18.07,CARRY,74.79,-0.01,-9.48,75.67,-0.01,1,0,327.6,188.9,51.6,1.021,0.153
18.12,CARRY,74.89,-0.01,-9.48,75.72,-0.01,1,0,327.2,191.8,48.7,0.963,0.144
18.17,CARRY,74.89,-0.01,-9.48,75.77,-0.01,1,0,327.6,189.0,51.6,1.021,0.152
18.22,CARRY,74.99,-0.01,-9.48,75.82,-0.01,1,0,327.2,191.9,48.7,0.963,0.144
18.27,CARRY,74.99,-0.01,-9.48,75.87,-0.01,1,0,327.6,189.0,51.6,1.021,0.152
18.32,CARRY,75.09,-0.01,-9.48,75.92,-0.01,1,0,327.2,191.9,48.7,0.963,0.144
18.37,CARRY,75.09,-0.01,-9.48,75.97,-0.01,1,0,327.6,189.0,51.6,1.021,0.152
18.42,CARRY,75.18,-0.01,-9.48,76.02,-0.01,1,0,327.2,191.8,48.7,0.964,0.144
18.47,CARRY,75.18,-0.01,-9.48,76.07,-0.01,1,0,327.6,188.9,51.7,1.022,0.152
18.52,CARRY,75.29,-0.01,-9.49,76.12,-0.01,1,0,327.2,191.8,48.7,0.964,0.144
18.57,CARRY,75.29,-0.01,-9.49,76.17,-0.01,1,0,327.6,188.9,51.7,1.022,0.152
18.62,CARRY,75.39,-0.01,-9.49,76.22,-0.01,1,0,327.2,191.8,48.7,0.964,0.144
18.67,CARRY,75.39,-0.01,-9.49,76.27,-0.01,1,0,327.6,188.9,51.6,1.021,0.152
18.72,CARRY,75.49,-0.0,-9.49,76.32,-0.01,1,0,327.2,191.8,48.7,0.964,0.143
18.78,CARRY,75.49,-0.0,-9.49,76.37,-0.01,1,0,327.6,188.9,51.6,1.021,0.152
18.83,CARRY,75.59,-0.0,-9.49,76.42,-0.01,1,0,327.2,191.8,48.7,0.963,0.143
18.88,CARRY,75.59,-0.0,-9.49,76.47,-0.01,1,0,327.6,188.9,51.6,1.021,0.152
18.93,CARRY,75.69,-0.0,-9.49,76.52,-0.01,1,0,327.2,191.9,48.7,0.963,0.143
18.98,CARRY,75.69,-0.0,-9.49,76.57,-0.01,1,0,327.6,189.0,51.6,1.021,0.152
19.03,CARRY,75.79,-0.0,-9.49,76.62,-0.01,1,0,327.2,191.9,48.7,0.963,0.143
19.08,CARRY,75.79,-0.0,-9.49,76.67,-0.01,1,0,327.6,189.0,51.6,1.021,0.152
19.13,CARRY,75.89,-0.0,-9.49,76.72,-0.01,1,0,327.2,191.9,48.7,0.963,0.143
19.18,CARRY,75.89,-0.0,-9.49,76.77,-0.01,1,0,327.6,189.0,51.6,1.021,0.152
19.23,CARRY,75.99,-0.0,-9.49,76.82,-0.01,1,0,327.2,191.9,48.7,0.962,0.143
19.28,CARRY,75.99,-0.0,-9.49,76.87,-0.01,1,0,327.6,189.0,51.6,1.02,0.152
19.33,CARRY,76.09,-0.0,-9.49,76.92,-0.01,1,0,327.1,192.0,48.5,0.96,0.143
19.38,CARRY,76.09,-0.0,-9.49,76.97,-0.01,1,0,327.6,189.1,51.4,1.017,0.151
19.43,CARRY,76.19,-0.0,-9.49,77.02,-0.01,1,0,327.1,192.0,48.5,0.959,0.143
19.48,CARRY,76.19,-0.0,-9.49,77.07,-0.01,1,0,327.6,189.1,51.4,1.017,0.151
19.53,CARRY,76.29,-0.0,-9.49,77.12,-0.01,1,0,327.1,192.0,48.5,0.96,0.143
19.58,CARRY,76.29,-0.0,-9.49,77.17,-0.01,1,0,327.6,189.1,51.4,1.017,0.151
19.63,CARRY,76.39,-0.01,-9.49,77.22,-0.01,1,0,327.1,192.0,48.5,0.959,0.143
19.68,CARRY,76.39,-0.01,-9.49,77.27,-0.01,1,0,327.6,189.1,51.4,1.017,0.152
19.73,CARRY,76.49,-0.01,-9.49,77.32,-0.01,1,0,327.1,192.0,48.5,0.959,0.143
19.78,CARRY,76.49,-0.01,-9.49,77.37,-0.01,1,0,327.6,189.1,51.4,1.017,0.152
19.83,CARRY,76.59,-0.01,-9.49,77.42,-0.01,1,0,327.2,192.0,48.5,0.959,0.143
19.88,CARRY,76.59,-0.01,-9.49,77.47,-0.01,1,0,327.6,189.1,51.4,1.017,0.152
19.93,CARRY,76.69,-0.01,-9.49,77.52,-0.01,1,0,327.2,192.0,48.5,0.96,0.143
19.98,CARRY,76.69,-0.01,-9.49,77.57,-0.01,1,0,327.6,189.1,51.4,1.018,0.152
20.03,CARRY,76.79,-0.01,-9.49,77.62,-0.01,1,0,327.2,192.0,48.5,0.96,0.143
20.08,CARRY,76.79,-0.01,-9.49,77.67,-0.01,1,0,327.6,189.1,51.4,1.018,0.152
20.13,CARRY,76.89,-0.01,-9.49,77.72,-0.01,1,0,327.2,192.0,48.5,0.96,0.143
20.18,CARRY,76.89,-0.01,-9.49,77.77,-0.01,1,0,327.6,189.1,51.4,1.018,0.152
20.23,CARRY,76.99,-0.01,-9.49,77.82,-0.01,1,0,327.2,192.0,48.5,0.96,0.143
20.28,CARRY,76.99,-0.01,-9.49,77.87,-0.01,1,0,327.6,189.1,51.5,1.018,0.152
20.33,CARRY,77.09,-0.01,-9.49,77.92,-0.01,1,0,327.2,192.0,48.6,0.961,0.143
20.38,CARRY,77.09,-0.01,-9.49,77.97,-0.01,1,0,327.6,189.1,51.5,1.019,0.152
20.43,CARRY,77.19,-0.01,-9.49,78.02,-0.01,1,0,327.2,191.9,48.6,0.962,0.143
20.48,CARRY,77.19,-0.01,-9.49,78.07,-0.01,1,0,327.6,189.0,51.5,1.019,0.152
20.53,CARRY,77.29,-0.01,-9.49,78.12,-0.01,1,0,327.2,191.8,48.7,0.964,0.144
20.58,CARRY,77.29,-0.01,-9.49,78.17,-0.01,1,0,327.6,188.9,51.7,1.022,0.153
20.63,CARRY,77.39,-0.01,-9.49,78.22,-0.01,1,0,327.2,191.8,48.8,0.965,0.144
20.68,CARRY,77.39,-0.01,-9.49,78.27,-0.01,1,0,327.6,188.9,51.7,1.023,0.153
20.73,CARRY,77.49,-0.01,-9.49,78.32,-0.01,1,0,327.2,191.7,48.8,0.965,0.144
20.78,CARRY,77.49,-0.01,-9.49,78.37,-0.01,1,0,327.6,188.8,51.7,1.023,0.153
20.83,CARRY,77.59,-0.01,-9.49,78.42,-0.01,1,0,327.2,191.7,48.8,0.966,0.144
20.88,CARRY,77.59,-0.01,-9.49,78.47,-0.01,1,0,327.6,188.8,51.8,1.024,0.153
20.93,CARRY,77.69,-0.01,-9.49,78.52,-0.01,1,0,327.2,191.7,48.9,0.967,0.144
20.98,CARRY,77.69,-0.01,-9.49,78.57,-0.01,1,0,327.7,188.8,51.8,1.025,0.153
21.03,CARRY,77.79,-0.01,-9.49,78.62,-0.01,1,0,327.2,191.6,48.9,0.967,0.145
21.08,CARRY,77.79,-0.01,-9.49,78.67,-0.01,1,0,327.7,188.7,51.8,1.025,0.153
21.13,CARRY,77.89,-0.01,-9.49,78.72,-0.01,1,0,327.2,191.6,48.9,0.968,0.145
21.18,CARRY,77.89,-0.01,-9.49,78.77,-0.01,1,0,327.7,188.7,51.8,1.025,0.153
21.23,CARRY,77.99,-0.01,-9.49,78.82,-0.01,1,0,327.2,191.6,48.9,0.968,0.145
21.28,CARRY,77.99,-0.01,-9.49,78.87,-0.01,1,0,327.7,188.7,51.8,1.026,0.153
21.33,CARRY,78.09,-0.01,-9.49,78.92,-0.01,1,0,327.2,191.6,48.9,0.968,0.145
21.38,CARRY,78.09,-0.01,-9.49,78.97,-0.01,1,0,327.7,188.7,51.8,1.026,0.153
21.43,CARRY,78.19,-0.01,-9.49,79.02,-0.01,1,0,327.2,191.8,48.8,0.964,0.144
21.48,CARRY,78.19,-0.01,-9.49,79.07,-0.01,1,0,327.6,188.9,51.7,1.022,0.153
21.53,CARRY,78.29,-0.01,-9.48,79.12,-0.01,1,0,327.2,191.8,48.7,0.964,0.144
21.58,CARRY,78.29,-0.01,-9.48,79.17,-0.01,1,0,327.6,188.9,51.6,1.022,0.153
21.63,CARRY,78.39,-0.01,-9.48,79.22,-0.01,1,0,327.2,191.9,48.7,0.963,0.144
21.68,CARRY,78.39,-0.01,-9.48,79.27,-0.01,1,0,327.6,189.0,51.6,1.021,0.153
21.73,CARRY,78.49,-0.01,-9.48,79.32,-0.01,1,0,327.2,191.9,48.6,0.962,0.144
21.78,CARRY,78.49,-0.01,-9.48,79.37,-0.01,1,0,327.6,189.0,51.6,1.02,0.153
21.83,CARRY,78.59,-0.01,-9.48,79.42,-0.01,1,0,327.2,192.0,48.6,0.961,0.144
21.88,CARRY,78.59,-0.01,-9.48,79.47,-0.01,1,0,327.6,189.1,51.5,1.019,0.152
21.93,CARRY,78.69,-0.01,-9.48,79.52,-0.01,1,0,327.2,192.0,48.5,0.96,0.143
21.98,CARRY,78.69,-0.01,-9.48,79.57,-0.01,1,0,327.6,189.1,51.5,1.018,0.152
22.03,CARRY,78.79,-0.01,-9.48,79.62,-0.01,1,0,327.2,192.1,48.5,0.959,0.143
22.08,CARRY,78.79,-0.01,-9.48,79.67,-0.01,1,0,327.6,189.2,51.4,1.017,0.152
22.13,CARRY,78.89,-0.01,-9.48,79.72,-0.01,1,0,327.2,192.1,48.4,0.958,0.143
22.18,CARRY,78.89,-0.01,-9.48,79.77,-0.01,1,0,327.6,189.2,51.4,1.016,0.152
22.23,CARRY,79.0,-0.01,-9.48,79.82,-0.01,1,0,327.2,192.1,48.4,0.957,0.143
22.28,CARRY,79.0,-0.01,-9.48,79.87,-0.01,1,0,327.6,189.2,51.3,1.015,0.152
22.33,CARRY,79.1,-0.01,-9.48,79.92,-0.01,1,0,327.1,192.2,48.4,0.957,0.143
22.38,CARRY,79.1,-0.01,-9.48,79.97,-0.01,1,0,327.6,189.3,51.3,1.015,0.152
22.43,CARRY,79.2,-0.01,-9.48,80.02,-0.01,1,0,327.1,192.2,48.4,0.956,0.143
22.48,CARRY,79.2,-0.01,-9.48,80.07,-0.01,1,0,327.6,189.3,51.3,1.014,0.152
22.53,CARRY,79.3,-0.01,-9.48,80.12,-0.01,1,0,327.1,192.2,48.3,0.956,0.143
22.58,CARRY,79.3,-0.01,-9.48,80.17,-0.01,1,0,327.6,189.3,51.3,1.014,0.152
22.63,CARRY,79.4,-0.01,-9.48,80.22,-0.01,1,0,327.2,192.1,48.4,0.958,0.143
22.68,CARRY,79.4,-0.01,-9.48,80.27,-0.01,1,0,327.6,189.2,51.3,1.016,0.152
22.73,CARRY,79.5,-0.01,-9.48,80.32,-0.01,1,0,327.2,192.1,48.4,0.957,0.143
22.78,CARRY,79.5,-0.01,-9.48,80.37,-0.01,1,0,327.6,189.2,51.3,1.015,0.152
22.83,CARRY,79.6,-0.01,-9.48,80.42,-0.01,1,0,327.2,192.1,48.4,0.957,0.143
22.88,CARRY,79.6,-0.01,-9.48,80.47,-0.01,1,0,327.6,189.3,51.3,1.015,0.152
22.93,CARRY,79.7,-0.01,-9.48,80.52,-0.01,1,0,327.2,192.2,48.4,0.957,0.143
22.98,CARRY,79.7,-0.01,-9.48,80.57,-0.01,1,0,327.6,189.3,51.3,1.015,0.152
23.03,CARRY,79.8,-0.01,-9.48,80.62,-0.01,1,0,327.2,192.2,48.4,0.956,0.143
23.08,CARRY,79.8,-0.01,-9.48,80.67,-0.01,1,0,327.6,189.3,51.3,1.014,0.152
23.13,CARRY,79.9,-0.01,-9.48,80.72,-0.01,1,0,327.2,192.2,48.3,0.956,0.143
23.18,CARRY,79.9,-0.01,-9.48,80.77,-0.01,1,0,327.6,189.3,51.3,1.014,0.152
23.23,CARRY,80.0,-0.01,-9.48,80.82,-0.01,1,0,327.2,192.2,48.3,0.956,0.143
23.28,CARRY,80.0,-0.01,-9.48,80.87,-0.01,1,0,327.6,189.3,51.3,1.014,0.152
23.33,CARRY,80.1,-0.01,-9.48,80.92,-0.01,1,0,327.2,192.2,48.3,0.956,0.143
23.38,CARRY,80.1,-0.01,-9.48,80.97,-0.01,1,0,327.6,189.3,51.3,1.014,0.152
23.43,CARRY,80.2,-0.01,-9.48,81.03,-0.01,1,0,327.1,192.2,48.3,0.956,0.143
23.48,CARRY,80.2,-0.01,-9.48,81.08,-0.01,1,0,327.6,189.3,51.2,1.014,0.152
23.53,CARRY,80.3,-0.01,-9.48,81.13,-0.01,1,0,327.1,192.4,48.2,0.953,0.142
23.58,CARRY,80.3,-0.01,-9.48,81.18,-0.01,1,0,327.6,189.5,51.1,1.011,0.151
23.63,CARRY,80.4,-0.01,-9.48,81.23,-0.01,1,0,327.1,192.3,48.2,0.953,0.142
23.68,CARRY,80.4,-0.01,-9.48,81.28,-0.01,1,0,327.5,189.4,51.1,1.011,0.151
23.73,CARRY,80.5,-0.0,-9.48,81.33,-0.01,1,0,327.1,192.3,48.2,0.954,0.142
23.78,CARRY,80.5,-0.0,-9.48,81.38,-0.01,1,0,327.5,189.4,51.2,1.012,0.151
23.83,CARRY,80.6,-0.0,-9.48,81.43,-0.01,1,0,327.1,192.3,48.3,0.955,0.142
23.88,CARRY,80.6,-0.0,-9.48,81.48,-0.01,1,0,327.5,189.4,51.2,1.012,0.15
23.93,CARRY,80.7,-0.0,-9.48,81.53,-0.01,1,0,327.1,192.2,48.3,0.955,0.141
23.98,CARRY,80.7,-0.0,-9.48,81.58,-0.01,1,0,327.5,189.3,51.2,1.013,0.15
24.03,CARRY,80.8,-0.0,-9.48,81.63,-0.01,1,0,327.0,192.2,48.3,0.956,0.141
24.08,CARRY,80.8,-0.0,-9.48,81.68,-0.01,1,0,327.5,189.3,51.2,1.014,0.149
24.13,CARRY,80.9,-0.0,-9.48,81.73,-0.01,1,0,327.0,192.2,48.3,0.956,0.14
24.18,CARRY,80.9,-0.0,-9.48,81.78,-0.01,1,0,327.5,189.3,51.3,1.014,0.149
24.23,CARRY,81.0,-0.0,-9.49,81.83,-0.01,1,0,327.0,192.1,48.4,0.957,0.14
24.28,CARRY,81.0,-0.0,-9.49,81.88,-0.01,1,0,327.4,189.2,51.3,1.015,0.149
24.33,CARRY,81.1,-0.0,-9.49,81.93,-0.01,1,0,327.0,192.1,48.4,0.958,0.14
24.38,CARRY,81.1,-0.0,-9.49,81.98,-0.01,1,0,327.4,189.2,51.4,1.016,0.149
24.43,CARRY,81.2,-0.0,-9.49,82.03,-0.01,1,0,327.0,192.0,48.5,0.959,0.14
24.48,CARRY,81.2,-0.0,-9.49,82.08,-0.01,1,0,327.4,189.1,51.4,1.017,0.149
24.53,CARRY,81.3,-0.0,-9.49,82.13,-0.01,1,0,327.0,192.0,48.5,0.96,0.14
24.58,CARRY,81.3,-0.0,-9.49,82.18,-0.01,1,0,327.4,189.1,51.4,1.018,0.149
24.63,CARRY,81.4,-0.0,-9.49,82.23,-0.01,1,0,327.0,192.0,48.5,0.961,0.14
24.68,CARRY,81.4,-0.0,-9.49,82.28,-0.01,1,0,327.5,189.1,51.5,1.019,0.149
24.73,CARRY,81.49,-0.0,-9.49,82.33,-0.01,1,0,327.0,191.8,48.7,0.964,0.141
24.78,CARRY,81.49,-0.0,-9.49,82.38,-0.01,1,0,327.5,188.9,51.6,1.021,0.15
24.83,CARRY,81.59,-0.0,-9.49,82.43,-0.01,1,0,327.1,191.8,48.7,0.964,0.141
24.88,CARRY,81.59,-0.0,-9.49,82.48,-0.01,1,0,327.5,188.9,51.6,1.022,0.15
24.93,CARRY,81.69,-0.0,-9.49,82.53,-0.01,1,0,327.1,191.8,48.7,0.964,0.141
24.98,CARRY,81.69,-0.0,-9.49,82.58,-0.01,1,0,327.5,188.9,51.7,1.022,0.15
25.03,CARRY,81.79,-0.0,-9.49,82.63,-0.01,1,0,327.1,191.8,48.8,0.965,0.142
25.08,CARRY,81.79,-0.0,-9.49,82.68,-0.01,1,0,327.5,188.9,51.7,1.023,0.151
25.13,CARRY,81.89,-0.0,-9.49,82.73,-0.01,1,0,327.1,191.7,48.8,0.965,0.142
25.18,CARRY,81.89,-0.0,-9.49,82.78,-0.01,1,0,327.5,188.9,51.7,1.023,0.151
25.23,CARRY,81.99,-0.0,-9.49,82.83,-0.01,1,0,327.1,191.7,48.8,0.965,0.143
25.28,CARRY,81.99,-0.0,-9.49,82.88,-0.01,1,0,327.6,188.8,51.7,1.023,0.151
25.33,CARRY,82.09,-0.0,-9.49,82.93,-0.01,1,0,327.2,191.7,48.8,0.965,0.143
25.38,CARRY,82.09,-0.0,-9.49,82.98,-0.01,1,0,327.6,188.8,51.7,1.023,0.152
25.43,CARRY,82.19,-0.0,-9.49,83.03,-0.01,1,0,327.2,191.7,48.8,0.965,0.143
25.48,CARRY,82.19,-0.0,-9.49,83.08,-0.01,1,0,327.6,188.8,51.7,1.023,0.152
25.53,CARRY,82.29,-0.01,-9.49,83.13,-0.01,1,0,327.2,191.7,48.8,0.966,0.144
25.58,CARRY,82.29,-0.01,-9.49,83.18,-0.01,1,0,327.6,188.8,51.7,1.023,0.153
25.63,CARRY,82.4,-0.01,-9.49,83.23,-0.01,1,0,327.2,191.9,48.7,0.963,0.144
25.68,CARRY,82.4,-0.01,-9.49,83.28,-0.01,1,0,327.6,189.0,51.6,1.021,0.152
25.73,CARRY,82.5,-0.01,-9.49,83.33,-0.01,1,0,327.2,191.8,48.7,0.963,0.144
25.78,CARRY,82.5,-0.01,-9.49,83.38,-0.01,1,0,327.6,188.9,51.6,1.021,0.153
25.83,CARRY,82.6,-0.01,-9.49,83.43,-0.01,1,0,327.2,191.8,48.7,0.964,0.144
25.88,CARRY,82.6,-0.01,-9.49,83.48,-0.01,1,0,327.6,188.9,51.6,1.021,0.153
25.93,CARRY,82.69,-0.01,-9.49,83.53,-0.01,1,0,327.2,191.8,48.7,0.964,0.145
25.98,CARRY,82.69,-0.01,-9.49,83.58,-0.01,1,0,327.7,188.9,51.7,1.022,0.153
26.03,CARRY,82.79,-0.01,-9.49,83.63,-0.01,1,0,327.2,191.8,48.8,0.964,0.145
26.08,CARRY,82.79,-0.01,-9.49,83.68,-0.01,1,0,327.7,188.9,51.7,1.022,0.153
26.13,CARRY,82.89,-0.01,-9.49,83.73,-0.01,1,0,327.3,191.8,48.8,0.965,0.145
26.19,CARRY,82.89,-0.01,-9.49,83.78,-0.01,1,0,327.7,188.9,51.7,1.023,0.154
26.24,CARRY,82.99,-0.01,-9.49,83.83,-0.01,1,0,327.3,191.7,48.8,0.965,0.145
26.29,CARRY,82.99,-0.01,-9.49,83.88,-0.01,1,0,327.7,188.9,51.7,1.023,0.154
26.34,CARRY,83.09,-0.01,-9.49,83.93,-0.01,1,0,327.3,191.7,48.8,0.965,0.145
26.39,CARRY,83.09,-0.01,-9.49,83.98,-0.01,1,0,327.7,188.8,51.7,1.023,0.154
26.44,CARRY,83.19,-0.01,-9.49,84.03,-0.01,1,0,327.3,191.7,48.8,0.965,0.145
26.49,CARRY,83.19,-0.01,-9.49,84.08,-0.01,1,0,327.7,188.8,51.7,1.023,0.154
26.54,CARRY,83.29,-0.01,-9.49,84.13,-0.01,1,0,327.3,191.7,48.8,0.965,0.145
26.59,CARRY,83.29,-0.01,-9.49,84.18,-0.01,1,0,327.7,188.8,51.7,1.023,0.154
26.64,CARRY,83.39,-0.01,-9.49,84.23,-0.01,1,0,327.3,191.7,48.8,0.965,0.145
26.69,CARRY,83.39,-0.01,-9.49,84.28,-0.01,1,0,327.7,188.9,51.7,1.023,0.154
26.74,CARRY,83.5,-0.01,-9.49,84.33,-0.01,1,0,327.3,191.8,48.8,0.965,0.146
26.79,CARRY,83.5,-0.01,-9.49,84.38,-0.01,1,0,327.7,188.9,51.7,1.023,0.154
26.84,CARRY,83.59,-0.01,-9.49,84.43,-0.01,1,0,327.3,191.7,48.8,0.965,0.146
26.89,CARRY,83.59,-0.01,-9.49,84.48,-0.01,1,0,327.8,188.8,51.8,1.023,0.155
26.94,CARRY,83.7,-0.01,-9.49,84.53,-0.01,1,0,327.3,191.8,48.8,0.964,0.147
26.99,CARRY,83.7,-0.01,-9.49,84.58,-0.01,1,0,327.8,188.9,51.7,1.022,0.155
27.04,CARRY,83.8,-0.01,-9.49,84.63,-0.01,1,0,327.3,191.8,48.7,0.963,0.147
27.09,CARRY,83.8,-0.01,-9.49,84.68,-0.01,1,0,327.8,188.9,51.6,1.021,0.156
27.14,CARRY,83.9,-0.01,-9.49,84.73,-0.01,1,0,327.4,191.9,48.7,0.962,0.147
27.19,CARRY,83.9,-0.01,-9.49,84.78,-0.01,1,0,327.8,189.0,51.6,1.02,0.156
27.24,CARRY,84.0,-0.01,-9.49,84.83,-0.01,1,0,327.4,191.9,48.6,0.961,0.147
27.29,CARRY,84.0,-0.01,-9.49,84.88,-0.01,1,0,327.8,189.0,51.6,1.019,0.156
27.34,CARRY,84.1,-0.01,-9.49,84.93,-0.01,1,0,327.4,192.0,48.6,0.961,0.148
27.39,CARRY,84.1,-0.01,-9.49,84.98,-0.01,1,0,327.8,189.1,51.5,1.018,0.156
27.44,CARRY,84.2,-0.01,-9.48,85.03,-0.01,1,0,327.4,192.0,48.6,0.96,0.148
27.49,CARRY,84.2,-0.01,-9.48,85.08,-0.01,1,0,327.8,189.1,51.5,1.018,0.156
27.54,CARRY,84.3,-0.01,-9.48,85.13,-0.01,1,0,327.4,192.0,48.5,0.959,0.148
27.59,CARRY,84.3,-0.01,-9.48,85.18,-0.01,1,0,327.8,189.1,51.5,1.017,0.156
27.64,CARRY,84.4,-0.01,-9.48,85.23,-0.01,1,0,327.4,192.1,48.5,0.959,0.148
27.69,CARRY,84.4,-0.01,-9.48,85.28,-0.01,1,0,327.8,189.2,51.4,1.017,0.156
27.74,CARRY,84.5,-0.01,-9.48,85.33,-0.01,1,0,327.3,192.2,48.3,0.955,0.147
27.79,CARRY,84.5,-0.01,-9.48,85.38,-0.01,1,0,327.8,189.3,51.3,1.013,0.156
27.84,CARRY,84.6,-0.01,-9.48,85.43,-0.01,1,0,327.3,192.3,48.3,0.955,0.147
27.89,CARRY,84.6,-0.01,-9.48,85.48,-0.01,1,0,327.8,189.4,51.2,1.013,0.155
27.94,CARRY,84.71,-0.01,-9.48,85.53,-0.01,1,0,327.3,192.3,48.3,0.954,0.146
27.99,CARRY,84.71,-0.01,-9.48,85.58,-0.01,1,0,327.7,189.4,51.2,1.013,0.155
28.04,CARRY,84.81,-0.01,-9.48,85.63,-0.01,1,0,327.3,192.3,48.3,0.955,0.146
28.09,CARRY,84.81,-0.01,-9.48,85.68,-0.01,1,0,327.7,189.4,51.2,1.012,0.155
28.14,CARRY,84.91,-0.01,-9.48,85.73,-0.01,1,0,327.3,192.3,48.3,0.955,0.146
28.19,CARRY,84.91,-0.01,-9.48,85.78,-0.01,1,0,327.7,189.4,51.2,1.013,0.154
28.24,CARRY,85.01,-0.01,-9.48,85.83,-0.01,1,0,327.3,192.3,48.3,0.955,0.145
28.29,CARRY,85.01,-0.01,-9.48,85.88,-0.01,1,0,327.7,189.4,51.2,1.013,0.154
28.34,CARRY,85.11,-0.01,-9.48,85.93,-0.01,1,0,327.3,192.3,48.3,0.955,0.145
28.39,CARRY,85.11,-0.01,-9.48,85.98,-0.01,1,0,327.7,189.4,51.2,1.013,0.154
28.44,CARRY,85.21,-0.01,-9.48,86.03,-0.01,1,0,327.3,192.3,48.3,0.955,0.145
28.49,CARRY,85.21,-0.01,-9.48,86.08,-0.01,1,0,327.7,189.4,51.2,1.013,0.154
28.54,CARRY,85.31,-0.01,-9.48,86.13,-0.01,1,0,327.2,192.2,48.3,0.955,0.145
28.59,CARRY,85.31,-0.01,-9.48,86.18,-0.01,1,0,327.7,189.3,51.2,1.013,0.154
28.64,CARRY,85.41,-0.01,-9.48,86.23,-0.01,1,0,327.2,192.2,48.3,0.956,0.145
28.69,CARRY,85.41,-0.01,-9.48,86.28,-0.01,1,0,327.7,189.3,51.3,1.014,0.154
28.74,CARRY,85.51,-0.01,-9.48,86.33,-0.01,1,0,327.2,192.2,48.4,0.957,0.145
28.79,CARRY,85.51,-0.01,-9.48,86.38,-0.01,1,0,327.7,189.3,51.3,1.015,0.153
28.84,CARRY,85.61,-0.01,-9.48,86.43,-0.01,1,0,327.2,192.1,48.4,0.957,0.145
28.89,CARRY,85.61,-0.01,-9.48,86.48,-0.01,1,0,327.7,189.2,51.3,1.015,0.153
28.94,CARRY,85.7,-0.01,-9.48,86.53,-0.01,1,0,327.2,192.0,48.6,0.96,0.145
28.99,CARRY,85.7,-0.01,-9.48,86.58,-0.01,1,0,327.7,189.1,51.5,1.018,0.153
29.04,CARRY,85.8,-0.01,-9.48,86.63,-0.01,1,0,327.2,191.9,48.6,0.961,0.145
29.09,CARRY,85.8,-0.01,-9.48,86.68,-0.01,1,0,327.7,189.1,51.5,1.019,0.153
29.14,CARRY,85.9,-0.01,-9.48,86.73,-0.01,1,0,327.2,191.9,48.6,0.962,0.145
29.19,CARRY,85.9,-0.01,-9.48,86.78,-0.01,1,0,327.7,189.0,51.6,1.02,0.153
29.24,CARRY,86.0,-0.01,-9.48,86.83,-0.01,1,0,327.2,191.9,48.7,0.963,0.145
29.29,CARRY,86.0,-0.01,-9.48,86.88,-0.01,1,0,327.7,189.0,51.6,1.021,0.153
29.34,CARRY,86.1,-0.01,-9.48,86.93,-0.01,1,0,327.2,191.8,48.7,0.963,0.145
29.39,CARRY,86.1,-0.01,-9.48,86.98,-0.01,1,0,327.7,188.9,51.6,1.021,0.153
29.44,CARRY,86.2,-0.01,-9.48,87.03,-0.01,1,0,327.2,191.8,48.7,0.964,0.145
29.49,CARRY,86.2,-0.01,-9.48,87.08,-0.01,1,0,327.7,188.9,51.7,1.022,0.153
29.54,CARRY,86.3,-0.01,-9.48,87.13,-0.01,1,0,327.2,191.8,48.8,0.965,0.144
29.59,CARRY,86.3,-0.01,-9.48,87.18,-0.01,1,0,327.7,188.9,51.7,1.023,0.153
29.64,CARRY,86.4,-0.01,-9.48,87.23,-0.01,1,0,327.2,191.7,48.8,0.965,0.144
29.69,CARRY,86.4,-0.01,-9.48,87.28,-0.01,1,0,327.7,188.8,51.7,1.023,0.153
29.74,CARRY,86.5,-0.01,-9.48,87.33,-0.01,1,0,327.2,191.9,48.7,0.962,0.144
29.79,CARRY,86.5,-0.01,-9.48,87.38,-0.01,1,0,327.6,189.0,51.6,1.02,0.153
29.84,CARRY,86.6,-0.01,-9.48,87.43,-0.01,1,0,327.2,191.9,48.7,0.962,0.144
29.89,CARRY,86.6,-0.01,-9.48,87.48,-0.01,1,0,327.6,189.0,51.6,1.02,0.153
29.94,CARRY,86.7,-0.01,-9.49,87.54,-0.01,1,0,327.2,191.9,48.7,0.963,0.144
29.99,CARRY,86.7,-0.01,-9.49,87.59,-0.01,1,0,327.6,189.0,51.6,1.02,0.152
30.04,CARRY,86.8,-0.01,-9.49,87.64,-0.01,1,1,,,,0.0,0.0
30.09,CARRY,86.8,-0.01,-9.49,87.69,-0.01,1,1,,,,0.0,0.0
30.14,CARRY,86.9,-0.01,-9.49,87.74,-0.01,1,1,,,,0.0,0.0
30.19,CARRY,86.9,-0.01,-9.49,87.79,-0.01,1,1,,,,0.0,0.0
30.24,CARRY,87.0,-0.01,-9.49,87.84,-0.01,1,1,,,,0.0,0.0
30.29,CARRY,87.0,-0.01,-9.49,87.89,-0.01,1,1,,,,0.0,0.0
30.34,CARRY,87.1,-0.01,-9.49,87.94,-0.01,1,1,,,,0.0,0.0
30.39,CARRY,87.1,-0.01,-9.49,87.99,-0.01,1,1,,,,0.0,0.0
30.44,CARRY,87.19,-0.01,-9.49,88.04,-0.01,1,1,,,,0.0,0.0
30.49,CARRY,87.19,-0.01,-9.49,88.09,-0.01,1,1,,,,0.0,0.0
30.54,CARRY,87.27,-0.01,-9.49,88.14,-0.01,1,1,,,,0.0,0.0
30.59,CARRY,87.27,-0.01,-9.49,88.19,-0.01,1,1,,,,0.0,0.0
30.64,CARRY,87.33,-0.01,-9.48,88.24,-0.01,1,1,,,,0.0,0.0
30.69,CARRY,87.33,-0.01,-9.48,88.29,-0.01,1,1,,,,0.0,0.0
30.74,CARRY,87.38,-0.0,-9.49,88.34,-0.01,1,1,,,,0.0,0.0
30.79,CARRY,87.38,-0.0,-9.49,88.39,-0.01,1,1,,,,0.0,0.0
30.84,CARRY,87.42,-0.0,-9.49,88.44,-0.01,1,1,,,,0.0,0.0
30.89,CARRY,87.42,-0.0,-9.49,88.49,-0.01,1,1,,,,0.0,0.0
30.94,CARRY,87.46,-0.0,-9.49,88.54,-0.01,1,1,,,,0.0,0.0
30.99,CARRY,87.46,-0.0,-9.49,88.59,-0.01,1,1,,,,0.0,0.0
31.04,CARRY,87.48,-0.0,-9.49,88.64,-0.01,1,1,,,,0.0,0.0
31.09,CARRY,87.48,-0.0,-9.49,88.69,-0.01,1,1,,,,0.0,0.0
31.14,CARRY,87.5,-0.0,-9.49,88.74,-0.01,1,1,,,,0.0,0.0
31.19,CARRY,87.5,-0.0,-9.49,88.79,-0.01,1,1,,,,0.0,0.0
31.24,CARRY,87.51,-0.0,-9.49,88.84,-0.01,1,1,,,,0.0,0.0
31.29,CARRY,87.51,-0.0,-9.49,88.89,-0.01,1,1,,,,0.0,0.0
31.34,CARRY,87.52,-0.0,-9.49,88.94,-0.01,1,1,,,,0.0,0.0
31.39,CARRY,87.52,-0.0,-9.49,88.99,-0.01,1,1,,,,0.0,0.0
31.44,CARRY,87.53,-0.0,-9.49,89.04,-0.01,1,1,,,,0.0,0.0
31.49,CARRY,87.53,-0.0,-9.49,89.09,-0.01,1,1,,,,0.0,0.0
31.54,CARRY,87.54,-0.0,-9.49,89.14,-0.01,1,1,,,,0.0,0.0
31.59,CARRY,87.54,-0.0,-9.49,89.19,-0.01,1,1,,,,0.0,0.0
31.64,CARRY,87.55,-0.0,-9.49,89.24,-0.01,1,1,,,,0.0,0.0
31.69,CARRY,87.55,-0.0,-9.49,89.29,-0.01,1,1,,,,0.0,0.0
31.74,CARRY,87.55,-0.0,-9.49,89.34,-0.01,1,1,,,,0.0,0.0
31.79,CARRY,87.55,-0.0,-9.49,89.39,-0.01,1,1,,,,0.0,0.0
31.84,CARRY,87.55,-0.0,-9.49,89.44,-0.01,1,1,,,,0.0,0.0
31.89,CARRY,87.55,-0.0,-9.49,89.49,-0.01,1,1,,,,0.0,0.0
31.94,CARRY,87.56,-0.0,-9.49,89.54,-0.01,1,1,,,,0.0,0.0
31.99,CARRY,87.56,-0.0,-9.49,89.59,-0.01,1,1,,,,0.0,0.0
32.04,CARRY,87.56,-0.0,-9.49,89.64,-0.01,1,1,,,,0.0,0.0
32.09,CARRY,87.56,-0.0,-9.49,89.69,-0.01,1,1,,,,0.0,0.0
32.14,CARRY,87.56,-0.0,-9.49,89.74,-0.01,1,1,,,,0.0,0.0
32.19,CARRY,87.56,-0.0,-9.49,89.79,-0.01,1,1,,,,0.0,0.0
32.24,CARRY,87.56,0.0,-9.49,89.84,-0.01,1,1,,,,0.0,0.0
32.29,CARRY,87.56,0.0,-9.49,89.89,-0.01,1,1,,,,0.0,0.0
32.34,CARRY,87.57,0.0,-9.49,89.94,-0.01,1,1,,,,0.0,0.0
32.39,CARRY,87.57,0.0,-9.49,89.99,-0.01,1,1,,,,0.0,0.0
32.44,CARRY,87.57,0.0,-9.49,90.04,-0.01,1,1,,,,0.0,0.0
32.49,CARRY,87.57,0.0,-9.49,90.09,-0.01,1,1,,,,0.0,0.0
32.54,CARRY,87.57,0.0,-9.49,90.14,-0.01,1,1,,,,0.0,0.0
32.59,CARRY,87.57,0.0,-9.49,90.19,-0.01,1,1,,,,0.0,0.0
32.64,CARRY,87.57,0.0,-9.49,90.24,-0.01,1,1,,,,0.0,0.0
32.69,CARRY,87.57,0.0,-9.49,90.29,-0.01,1,1,,,,0.0,0.0
32.74,CARRY,87.57,0.0,-9.49,90.34,-0.01,1,1,,,,0.0,0.0
32.79,CARRY,87.57,0.0,-9.49,90.39,-0.01,1,1,,,,0.0,0.0
32.84,CARRY,87.57,0.0,-9.49,90.44,-0.01,1,1,,,,0.0,0.0
32.89,CARRY,87.57,0.0,-9.49,90.49,-0.01,1,1,,,,0.0,0.0
32.94,CARRY,87.57,0.0,-9.49,90.54,-0.01,1,1,,,,0.0,0.0
32.99,REGROUND,87.57,0.0,-9.49,90.59,-0.01,1,1,,,,0.0,0.0
33.04,REGROUND,87.57,0.0,-9.49,90.64,-0.01,1,1,,,,0.0,0.0
33.09,REGROUND,87.57,0.0,-9.49,90.69,-0.01,1,1,,,,0.0,0.0
33.14,REGROUND,87.57,0.0,-9.49,90.74,-0.01,1,1,,,,0.0,0.0
33.19,REGROUND,87.57,0.0,-9.49,90.79,-0.01,1,1,,,,0.0,0.0
33.24,REGROUND,87.57,0.0,-9.49,90.84,-0.01,1,1,,,,0.0,0.0
33.29,REGROUND,87.57,0.0,-9.49,90.89,-0.01,1,1,,,,0.0,0.0
33.34,REGROUND,87.57,0.0,-9.49,90.94,-0.01,1,1,,,,0.0,0.0
33.39,REGROUND,87.57,0.0,-9.49,90.99,-0.01,1,1,,,,0.0,0.0
33.44,REGROUND,87.57,0.0,-9.49,91.04,-0.01,1,1,,,,0.0,0.0
33.49,REGROUND,87.57,0.0,-9.49,91.09,-0.01,1,1,,,,0.0,0.0
33.55,REGROUND,87.57,-0.0,-9.49,91.14,-0.01,1,1,,,,0.0,0.0
33.6,REGROUND,87.57,-0.0,-9.49,91.19,-0.01,1,1,,,,0.0,0.0
33.65,REGROUND,87.57,-0.0,-9.49,91.24,-0.01,1,1,,,,0.0,0.0
33.7,REGROUND,87.57,-0.0,-9.49,91.29,-0.01,1,1,,,,0.0,0.0
33.75,REGROUND,87.57,-0.0,-9.49,91.34,-0.01,1,1,,,,0.0,0.0
33.8,REGROUND,87.57,-0.0,-9.49,91.39,-0.01,1,1,,,,0.0,0.0
33.85,REGROUND,87.57,-0.0,-9.49,91.44,-0.01,1,1,,,,0.0,0.0
33.9,REGROUND,87.57,-0.0,-9.49,91.49,-0.01,1,1,,,,0.0,0.0
33.95,REGROUND,87.57,-0.0,-9.49,91.54,-0.01,1,1,,,,0.0,0.0
34.0,REGROUND,87.57,-0.0,-9.49,91.59,-0.01,1,1,,,,0.0,0.0
34.05,REGROUND,87.56,-0.0,-9.49,91.64,-0.01,1,1,,,,0.0,0.0
34.1,REGROUND,87.56,-0.0,-9.49,91.69,-0.01,1,1,,,,0.0,0.0
34.15,REGROUND,87.56,-0.0,-9.49,91.74,-0.01,1,1,,,,0.0,0.0
34.2,REGROUND,87.56,-0.0,-9.49,91.79,-0.01,1,1,,,,0.0,0.0
34.25,REGROUND,87.56,-0.0,-9.49,91.84,-0.01,1,1,,,,0.0,0.0
34.3,REGROUND,87.56,-0.0,-9.49,91.89,-0.01,1,1,,,,0.0,0.0
34.35,REGROUND,87.56,-0.0,-9.49,91.94,-0.01,1,1,,,,0.0,0.0
34.4,REGROUND,87.56,-0.0,-9.49,91.99,-0.01,1,1,,,,0.0,0.0
34.45,REGROUND,87.56,-0.0,-9.49,92.04,-0.01,1,1,,,,0.0,0.0
34.5,REGROUND,87.56,-0.0,-9.49,92.09,-0.01,1,1,,,,0.0,0.0
34.55,REGROUND,87.56,-0.0,-9.49,92.14,-0.01,1,1,,,,0.0,0.0
34.6,REGROUND,87.56,-0.0,-9.49,92.19,-0.01,1,1,,,,0.0,0.0
34.65,REGROUND,87.56,-0.0,-9.48,92.24,-0.01,1,1,,,,0.0,0.0
34.7,REGROUND,87.56,-0.0,-9.48,92.29,-0.01,1,1,,,,0.0,0.0
34.75,REGROUND,87.56,-0.0,-9.48,92.34,-0.01,1,1,,,,0.0,0.0
34.8,REGROUND,87.56,-0.0,-9.48,92.39,-0.01,1,1,,,,0.0,0.0
34.85,REGROUND,87.55,-0.0,-9.48,92.44,-0.01,1,1,,,,0.0,0.0
34.9,REGROUND,87.55,-0.0,-9.48,92.49,-0.01,1,1,,,,0.0,0.0
34.95,REGROUND,87.55,-0.0,-9.48,92.54,-0.01,1,1,,,,0.0,0.0
35.0,REGROUND,87.55,-0.0,-9.48,92.59,-0.01,1,1,,,,0.0,0.0
35.05,REGROUND,87.55,-0.0,-9.48,92.64,-0.01,1,0,,,,0.0,0.0
35.1,REGROUND,87.55,-0.0,-9.48,92.69,-0.01,1,0,,,,0.0,0.0
35.15,REGROUND,87.55,-0.0,-9.48,92.74,-0.01,1,0,,,,0.0,0.0
35.2,REGROUND,87.55,-0.0,-9.48,92.79,-0.01,1,0,,,,0.0,0.0
35.25,REGROUND,87.55,-0.0,-9.48,92.84,-0.01,1,0,,,,0.0,0.0
35.3,REGROUND,87.55,-0.0,-9.48,92.89,-0.01,1,0,,,,0.0,0.0
35.35,REGROUND,87.55,-0.0,-9.48,92.94,-0.01,1,0,,,,0.0,0.0
35.4,REGROUND,87.55,-0.0,-9.48,92.99,-0.01,1,0,,,,0.0,0.0
35.45,REGROUND,87.55,-0.0,-9.48,93.04,-0.01,1,0,,,,0.0,0.0
35.5,REGROUND,87.55,-0.0,-9.48,93.09,-0.01,1,0,,,,0.0,0.0
35.55,REGROUND,87.55,-0.0,-9.48,93.14,-0.01,1,0,,,,0.0,0.0
35.6,REGROUND,87.55,-0.0,-9.48,93.19,-0.01,1,0,,,,0.0,0.0
35.65,REGROUND,87.55,-0.0,-9.48,93.24,-0.01,1,0,,,,0.0,0.0
35.7,REGROUND,87.55,-0.0,-9.48,93.29,-0.01,1,0,,,,0.0,0.0
35.75,REGROUND,87.54,-0.0,-9.48,93.34,-0.01,1,0,,,,0.0,0.0
35.8,REGROUND,87.54,-0.0,-9.48,93.39,-0.01,1,0,,,,0.0,0.0
35.85,REGROUND,87.54,-0.0,-9.48,93.44,-0.01,1,0,,,,0.0,0.0
35.9,REGROUND,87.54,-0.0,-9.48,93.49,-0.01,1,0,,,,0.0,0.0
35.95,REGROUND,87.54,-0.0,-9.48,93.54,-0.01,1,0,,,,0.0,0.0
36.0,REGROUND,87.54,-0.0,-9.48,93.59,-0.01,1,0,,,,0.0,0.0
36.05,REGROUND,87.54,-0.0,-9.48,93.64,-0.01,1,0,,,,0.0,0.0
36.1,REGROUND,87.54,-0.0,-9.48,93.69,-0.01,1,0,,,,0.0,0.0
36.15,REGROUND,87.54,-0.0,-9.48,93.74,-0.01,0,0,,,,0.0,0.0
36.2,REGROUND,87.54,-0.0,-9.48,93.79,-0.01,0,0,,,,0.0,0.0
36.25,REGROUND,87.54,-0.0,-9.48,93.84,-0.01,0,0,,,,0.0,0.0
36.3,REGROUND,87.54,-0.0,-9.48,93.89,-0.01,0,0,,,,0.0,0.0
36.35,REGROUND,87.54,-0.0,-9.48,93.94,-0.01,0,0,,,,0.0,0.0
36.4,REGROUND,87.54,-0.0,-9.48,93.99,-0.01,0,0,,,,0.0,0.0
36.45,REGROUND,87.54,-0.0,-9.48,94.04,-0.01,0,0,,,,0.0,0.0
36.5,REGROUND,87.54,-0.0,-9.48,94.09,-0.01,0,0,,,,0.0,0.0
36.55,REGROUND,87.54,-0.0,-9.48,94.14,-0.01,0,0,,,,0.0,0.0
36.6,REGROUND,87.54,-0.0,-9.48,94.19,-0.01,0,0,,,,0.0,0.0
36.65,REGROUND,87.54,-0.01,-9.48,94.24,-0.01,0,0,,,,0.0,0.0
36.7,REGROUND,87.54,-0.01,-9.48,94.29,-0.01,0,0,,,,0.0,0.0
36.75,REGROUND,87.54,-0.01,-9.48,94.34,-0.01,0,0,,,,0.0,0.0
36.8,REGROUND,87.54,-0.01,-9.48,94.39,-0.01,0,0,,,,0.0,0.0
36.85,REGROUND,87.54,-0.01,-9.48,94.44,-0.01,0,0,,,,0.0,0.0
36.9,REGROUND,87.54,-0.01,-9.48,94.49,-0.01,0,0,,,,0.0,0.0
36.95,REGROUND,87.54,-0.01,-9.48,94.54,-0.01,0,0,,,,0.0,0.0
37.0,REGROUND,87.54,-0.01,-9.48,94.59,-0.01,0,0,,,,0.0,0.0
37.05,REGROUND,87.54,-0.01,-9.48,94.64,-0.01,0,0,,,,0.0,0.0
37.1,REGROUND,87.54,-0.01,-9.48,94.69,-0.01,0,0,,,,0.0,0.0
37.15,REGROUND,87.54,-0.01,-9.48,94.74,-0.01,0,0,,,,0.0,0.0
37.2,REGROUND,87.54,-0.01,-9.48,94.79,-0.01,0,0,,,,0.0,0.0
37.25,REGROUND,87.53,-0.01,-9.48,94.84,-0.01,0,0,,,,0.0,0.0
37.3,REGROUND,87.53,-0.01,-9.48,94.89,-0.01,0,0,,,,0.0,0.0
37.35,REGROUND,87.53,-0.01,-9.49,94.94,-0.01,0,0,,,,0.0,0.0
37.4,REGROUND,87.53,-0.01,-9.49,94.99,-0.01,0,0,,,,0.0,0.0
37.45,REGROUND,87.53,-0.01,-9.49,95.04,-0.01,0,0,,,,0.0,0.0
37.5,REGROUND,87.53,-0.01,-9.49,95.09,-0.01,0,0,,,,0.0,0.0
37.55,REGROUND,87.53,-0.01,-9.49,95.14,-0.01,0,0,,,,0.0,0.0
37.6,REGROUND,87.53,-0.01,-9.49,95.19,-0.01,0,0,,,,0.0,0.0
37.65,REGROUND,87.53,-0.01,-9.49,95.24,-0.01,0,0,,,,0.0,0.0
37.7,REGROUND,87.53,-0.01,-9.49,95.29,-0.01,0,0,,,,0.0,0.0
37.75,REGROUND,87.53,-0.01,-9.49,95.34,-0.01,0,0,,,,0.0,0.0
37.8,REGROUND,87.53,-0.01,-9.49,95.39,-0.01,0,0,,,,0.0,0.0
37.85,REGROUND,87.53,-0.01,-9.49,95.44,-0.01,0,0,,,,0.0,0.0
37.9,REGROUND,87.53,-0.01,-9.49,95.49,-0.01,0,0,,,,0.0,0.0
37.95,REGROUND,87.53,-0.01,-9.49,95.54,-0.01,0,0,,,,0.0,0.0
38.0,REGROUND,87.53,-0.01,-9.49,95.59,-0.01,0,0,,,,0.0,0.0
38.05,REGROUND,87.53,-0.01,-9.49,95.64,-0.01,0,0,,,,0.0,0.0
38.1,REGROUND,87.53,-0.01,-9.49,95.69,-0.01,0,0,,,,0.0,0.0
38.15,REGROUND,87.53,-0.01,-9.49,95.74,-0.01,0,0,,,,0.0,0.0
38.2,REGROUND,87.53,-0.01,-9.49,95.79,-0.01,0,0,,,,0.0,0.0
38.25,REGROUND,87.53,-0.01,-9.49,95.84,-0.01,0,0,,,,0.0,0.0
38.3,REGROUND,87.53,-0.01,-9.49,95.89,-0.01,0,0,,,,0.0,0.0
38.35,REGROUND,87.53,-0.01,-9.49,95.95,-0.01,0,0,,,,0.0,0.0
38.4,REGROUND,87.53,-0.01,-9.49,96.0,-0.01,0,0,,,,0.0,0.0
38.45,REGROUND,87.53,-0.01,-9.49,96.05,-0.01,0,0,,,,0.0,0.0
38.5,REGROUND,87.53,-0.01,-9.49,96.1,-0.01,0,0,,,,0.0,0.0
38.55,REGROUND,87.53,-0.01,-9.49,96.15,-0.01,0,0,,,,0.0,0.0
38.6,REGROUND,87.53,-0.01,-9.49,96.2,-0.01,0,0,,,,0.0,0.0
38.65,REGROUND,87.52,-0.01,-9.49,96.25,-0.01,0,0,,,,0.0,0.0
38.7,REGROUND,87.52,-0.01,-9.49,96.3,-0.01,0,0,,,,0.0,0.0
38.75,REGROUND,87.52,-0.01,-9.49,96.35,-0.01,0,0,,,,0.0,0.0
38.8,REGROUND,87.52,-0.01,-9.49,96.4,-0.01,0,0,,,,0.0,0.0
38.85,REGROUND,87.52,-0.01,-9.49,96.45,-0.01,0,0,,,,0.0,0.0
38.9,REGROUND,87.52,-0.01,-9.49,96.5,-0.01,0,0,,,,0.0,0.0
38.95,REGROUND,87.52,-0.01,-9.49,96.55,-0.01,0,0,,,,0.0,0.0
39.0,REGROUND,87.52,-0.01,-9.49,96.6,-0.01,0,0,,,,0.0,0.0
39.05,REGROUND,87.52,-0.01,-9.49,96.65,-0.01,0,0,,,,0.0,0.0
39.1,REGROUND,87.52,-0.01,-9.49,96.7,-0.01,0,0,,,,0.0,0.0
39.15,REGROUND,87.52,-0.01,-9.49,96.75,-0.01,0,0,,,,0.0,0.0
39.2,REGROUND,87.52,-0.01,-9.49,96.8,-0.01,0,0,,,,0.0,0.0
39.25,REGROUND,87.52,-0.01,-9.49,96.85,-0.01,0,0,,,,0.0,0.0
39.3,REGROUND,87.52,-0.01,-9.49,96.9,-0.01,0,0,,,,0.0,0.0
39.35,REGROUND,87.52,-0.01,-9.49,96.95,-0.01,0,0,,,,0.0,0.0
39.4,REGROUND,87.52,-0.01,-9.48,97.0,-0.01,0,0,,,,0.0,0.0
39.45,REGROUND,87.52,-0.01,-9.48,97.05,-0.01,0,0,,,,0.0,0.0
39.5,REGROUND,87.52,-0.01,-9.48,97.1,-0.01,0,0,,,,0.0,0.0
39.55,REGROUND,87.52,-0.01,-9.48,97.15,-0.01,0,0,,,,0.0,0.0
39.6,REGROUND,87.52,-0.01,-9.48,97.2,-0.01,0,0,,,,0.0,0.0
39.65,REGROUND,87.52,-0.01,-9.48,97.25,-0.01,0,0,,,,0.0,0.0
39.7,REGROUND,87.52,-0.01,-9.48,97.3,-0.01,0,0,,,,0.0,0.0
39.75,REGROUND,87.52,-0.01,-9.48,97.35,-0.01,0,0,,,,0.0,0.0
39.8,REGROUND,87.52,-0.01,-9.48,97.4,-0.01,0,0,,,,0.0,0.0
39.85,REGROUND,87.52,-0.01,-9.48,97.45,-0.01,0,0,,,,0.0,0.0
39.9,REGROUND,87.52,-0.01,-9.48,97.5,-0.01,0,0,,,,0.0,0.0
39.95,REGROUND,87.52,-0.01,-9.48,97.55,-0.01,0,0,,,,0.0,0.0
40.0,REGROUND,87.52,-0.01,-9.48,97.6,-0.01,0,0,,,,0.0,0.0
40.05,REGROUND,87.52,-0.01,-9.48,97.65,-0.01,0,0,,,,0.0,0.0
40.1,REGROUND,87.52,-0.01,-9.48,97.7,-0.01,0,0,,,,0.0,0.0
40.15,REGROUND,87.52,-0.01,-9.48,97.75,-0.01,0,0,,,,0.0,0.0
40.2,REGROUND,87.53,-0.01,-9.48,97.8,-0.01,0,0,,,,0.0,0.0
40.25,REGROUND,87.53,-0.01,-9.48,97.85,-0.01,0,0,,,,0.0,0.0
40.3,REGROUND,87.53,-0.01,-9.48,97.9,-0.01,0,0,,,,0.0,0.0
40.35,REGROUND,87.53,-0.01,-9.48,97.95,-0.01,0,0,,,,0.0,0.0
40.4,REGROUND,87.53,-0.01,-9.48,98.0,-0.01,0,0,,,,0.0,0.0
40.45,REGROUND,87.53,-0.01,-9.48,98.05,-0.01,0,0,,,,0.0,0.0
40.5,REGROUND,87.53,-0.01,-9.48,98.1,-0.01,0,0,,,,0.0,0.0
40.55,REGROUND,87.53,-0.01,-9.48,98.15,-0.01,0,0,,,,0.0,0.0
40.6,REGROUND,87.53,-0.01,-9.48,98.2,-0.01,0,0,,,,0.0,0.0
40.65,REGROUND,87.53,-0.01,-9.48,98.25,-0.01,0,0,,,,0.0,0.0
40.7,REGROUND,87.53,-0.01,-9.48,98.3,-0.01,0,0,,,,0.0,0.0
40.75,REGROUND,87.53,-0.01,-9.48,98.35,-0.01,0,0,,,,0.0,0.0
40.8,REGROUND,87.53,-0.01,-9.48,98.4,-0.01,0,0,,,,0.0,0.0
40.85,REGROUND,87.53,-0.01,-9.48,98.45,-0.01,0,0,,,,0.0,0.0
40.9,REGROUND,87.53,-0.01,-9.48,98.5,-0.01,0,0,,,,0.0,0.0
40.95,REGROUND,87.53,-0.01,-9.48,98.55,-0.01,0,0,,,,0.0,0.0
41.0,REGROUND,87.53,-0.01,-9.48,98.6,-0.01,0,0,,,,0.0,0.0
41.05,REGROUND,87.53,-0.01,-9.48,98.65,-0.01,0,0,,,,0.0,0.0
41.1,REGROUND,87.53,-0.01,-9.48,98.7,-0.01,0,0,,,,0.0,0.0
41.16,REGROUND,87.53,-0.01,-9.48,98.75,-0.01,0,0,,,,0.0,0.0
41.21,REGROUND,87.53,-0.01,-9.48,98.8,-0.01,0,0,,,,0.0,0.0
41.26,REGROUND,87.53,-0.01,-9.48,98.85,-0.01,0,0,,,,0.0,0.0
41.31,REGROUND,87.53,-0.01,-9.48,98.9,-0.01,0,0,,,,0.0,0.0
41.36,REGROUND,87.53,-0.01,-9.48,98.95,-0.01,0,0,,,,0.0,0.0
41.41,REGROUND,87.53,-0.01,-9.48,99.0,-0.01,0,0,,,,0.0,0.0
41.46,REGROUND,87.53,-0.01,-9.48,99.05,-0.01,0,0,,,,0.0,0.0
41.51,REGROUND,87.52,-0.01,-9.48,99.1,-0.01,0,0,,,,0.0,0.0
41.56,REGROUND,87.52,-0.01,-9.48,99.15,-0.01,0,0,,,,0.0,0.0
41.61,REGROUND,87.52,-0.01,-9.48,99.2,-0.01,0,0,,,,0.0,0.0
41.66,REGROUND,87.52,-0.01,-9.48,99.25,-0.01,0,0,,,,0.0,0.0
41.71,REGROUND,87.52,-0.01,-9.48,99.3,-0.01,0,0,,,,0.0,0.0
41.76,REGROUND,87.52,-0.01,-9.48,99.35,-0.01,0,0,,,,0.0,0.0
41.81,REGROUND,87.52,-0.01,-9.48,99.4,-0.01,0,0,,,,0.0,0.0
41.86,REGROUND,87.52,-0.01,-9.48,99.45,-0.01,0,0,,,,0.0,0.0
41.91,REGROUND,87.52,-0.01,-9.48,99.5,-0.01,0,0,,,,0.0,0.0
41.96,REGROUND,87.52,-0.01,-9.48,99.55,-0.01,0,0,,,,0.0,0.0
42.01,REGROUND,87.52,-0.01,-9.48,99.6,-0.01,0,0,,,,0.0,0.0
42.06,REGROUND,87.52,-0.01,-9.48,99.65,-0.01,0,0,,,,0.0,0.0
42.11,REGROUND,87.52,-0.01,-9.48,99.7,-0.01,0,0,,,,0.0,0.0
42.16,REGROUND,87.52,-0.01,-9.48,99.75,-0.01,0,0,,,,0.0,0.0
42.21,REGROUND,87.52,-0.01,-9.49,99.8,-0.01,0,0,,,,0.0,0.0
42.26,REGROUND,87.52,-0.01,-9.49,99.85,-0.01,0,0,,,,0.0,0.0
42.31,REGROUND,87.52,-0.01,-9.49,99.9,-0.01,0,0,,,,0.0,0.0
42.36,REGROUND,87.52,-0.01,-9.49,99.95,-0.01,0,0,,,,0.0,0.0
42.41,REGROUND,87.52,-0.01,-9.49,100.0,-0.01,0,0,,,,0.0,0.0
42.46,REGROUND,87.52,-0.01,-9.49,100.05,-0.01,0,0,,,,0.0,0.0
42.51,REGROUND,87.52,-0.01,-9.49,100.1,-0.01,0,0,,,,0.0,0.0
42.56,REGROUND,87.52,-0.01,-9.49,100.15,-0.01,0,0,,,,0.0,0.0
42.61,REGROUND,87.52,-0.01,-9.49,100.2,-0.01,0,0,,,,0.0,0.0
42.66,REGROUND,87.52,-0.01,-9.49,100.25,-0.01,0,0,,,,0.0,0.0
42.71,REGROUND,87.52,-0.01,-9.49,100.3,-0.01,0,0,,,,0.0,0.0
42.76,REGROUND,87.52,-0.01,-9.49,100.35,-0.01,0,0,,,,0.0,0.0
42.81,REGROUND,87.52,-0.01,-9.49,100.4,-0.01,0,0,,,,0.0,0.0
42.86,REGROUND,87.52,-0.01,-9.49,100.45,-0.01,0,0,,,,0.0,0.0
42.91,REGROUND,87.52,-0.01,-9.49,100.5,-0.01,0,0,,,,0.0,0.0
42.96,REGROUND,87.52,-0.01,-9.49,100.55,-0.01,0,0,,,,0.0,0.0
43.01,REGROUND,87.52,-0.01,-9.49,100.6,-0.01,0,0,,,,0.0,0.0
43.06,REGROUND,87.52,-0.01,-9.49,100.65,-0.01,0,0,,,,0.0,0.0
43.11,REGROUND,87.52,-0.0,-9.49,100.7,-0.01,0,0,,,,0.0,0.0
43.16,REGROUND,87.52,-0.0,-9.49,100.75,-0.01,0,0,,,,0.0,0.0
43.21,REGROUND,87.52,-0.0,-9.49,100.8,-0.01,0,0,,,,0.0,0.0
43.26,REGROUND,87.52,-0.0,-9.49,100.85,-0.01,0,0,,,,0.0,0.0
43.31,REGROUND,87.52,-0.0,-9.49,100.9,-0.01,0,0,,,,0.0,0.0
43.36,REGROUND,87.52,-0.0,-9.49,100.95,-0.01,0,0,,,,0.0,0.0
43.41,REGROUND,87.52,-0.0,-9.49,101.0,-0.01,0,0,,,,0.0,0.0
43.46,REGROUND,87.52,-0.0,-9.49,101.05,-0.01,0,0,,,,0.0,0.0
43.51,REGROUND,87.52,-0.0,-9.49,101.1,-0.01,0,0,,,,0.0,0.0
43.56,REGROUND,87.52,-0.0,-9.49,101.15,-0.01,0,0,,,,0.0,0.0
43.61,REGROUND,87.53,-0.0,-9.49,101.2,-0.01,0,0,,,,0.0,0.0
43.66,REGROUND,87.53,-0.0,-9.49,101.25,-0.01,0,0,,,,0.0,0.0
43.71,REGROUND,87.53,-0.0,-9.49,101.3,-0.01,0,0,,,,0.0,0.0
43.76,REGROUND,87.53,-0.0,-9.49,101.35,-0.01,0,0,,,,0.0,0.0
43.81,REGROUND,87.53,-0.0,-9.49,101.4,-0.01,0,0,,,,0.0,0.0
43.86,REGROUND,87.53,-0.0,-9.49,101.45,-0.01,0,0,,,,0.0,0.0
43.91,REGROUND,87.53,-0.0,-9.49,101.5,-0.01,0,0,,,,0.0,0.0
43.96,REGROUND,87.53,-0.0,-9.49,101.55,-0.01,0,0,,,,0.0,0.0
44.01,REGROUND,87.53,-0.0,-9.49,101.6,-0.01,0,0,,,,0.0,0.0
44.06,REGROUND,87.53,-0.0,-9.49,101.65,-0.01,0,0,,,,0.0,0.0
44.11,REGROUND,87.53,-0.0,-9.49,101.7,-0.01,0,0,,,,0.0,0.0
44.16,REGROUND,87.53,-0.0,-9.49,101.75,-0.01,0,0,,,,0.0,0.0
44.21,REGROUND,87.53,-0.0,-9.49,101.8,-0.01,0,0,,,,0.0,0.0
44.26,REGROUND,87.53,-0.0,-9.49,101.85,-0.01,0,0,,,,0.0,0.0
44.31,REGROUND,87.53,-0.0,-9.49,101.9,-0.01,0,0,,,,0.0,0.0
44.36,REGROUND,87.53,-0.0,-9.49,101.95,-0.01,0,0,,,,0.0,0.0
44.41,REGROUND,87.53,-0.0,-9.49,102.0,-0.01,0,0,,,,0.0,0.0
44.46,REGROUND,87.53,-0.0,-9.49,102.05,-0.01,0,0,,,,0.0,0.0
44.51,REGROUND,87.53,-0.0,-9.49,102.1,-0.01,0,0,,,,0.0,0.0
44.56,REGROUND,87.53,-0.0,-9.49,102.15,-0.01,0,0,,,,0.0,0.0
44.61,REGROUND,87.53,-0.0,-9.49,102.2,-0.01,0,0,,,,0.0,0.0
44.66,REGROUND,87.53,-0.0,-9.49,102.25,-0.01,0,0,,,,0.0,0.0
44.71,REGROUND,87.53,-0.0,-9.49,102.3,-0.01,0,0,,,,0.0,0.0
44.76,REGROUND,87.53,-0.0,-9.49,102.35,-0.01,0,0,,,,0.0,0.0
44.81,REGROUND,87.53,-0.0,-9.49,102.4,-0.01,0,0,,,,0.0,0.0
44.86,REGROUND,87.53,-0.0,-9.49,102.45,-0.01,0,0,,,,0.0,0.0
44.91,REGROUND,87.53,-0.0,-9.49,102.5,-0.01,0,0,,,,0.0,0.0
44.96,REGROUND,87.53,-0.0,-9.49,102.55,-0.01,0,0,,,,0.0,0.0
45.01,REGROUND,87.53,-0.0,-9.48,102.6,-0.01,0,0,,,,0.0,0.0
45.06,REGROUND,87.53,-0.0,-9.48,102.65,-0.01,0,0,,,,0.0,0.0
45.11,REGROUND,87.53,-0.0,-9.48,102.7,-0.01,0,0,,,,0.0,0.0
45.16,REGROUND,87.53,-0.0,-9.48,102.75,-0.01,0,0,,,,0.0,0.0
45.21,REGROUND,87.53,-0.0,-9.48,102.81,-0.01,0,0,,,,0.0,0.0
45.26,REGROUND,87.53,-0.0,-9.48,102.86,-0.01,0,0,,,,0.0,0.0
45.31,REGROUND,87.53,-0.0,-9.48,102.91,-0.01,0,0,,,,0.0,0.0
45.36,REGROUND,87.53,-0.0,-9.48,102.96,-0.01,0,0,,,,0.0,0.0
45.41,REGROUND,87.53,-0.0,-9.48,103.01,-0.01,0,0,,,,0.0,0.0
45.46,REGROUND,87.53,-0.0,-9.48,103.06,-0.01,0,0,,,,0.0,0.0
45.51,REGROUND,87.53,-0.0,-9.48,103.11,-0.01,0,0,,,,0.0,0.0
45.56,REGROUND,87.53,-0.0,-9.48,103.16,-0.01,0,0,,,,0.0,0.0
45.61,REGROUND,87.53,-0.0,-9.48,103.21,-0.01,0,0,,,,0.0,0.0
45.66,REGROUND,87.53,-0.0,-9.48,103.26,-0.01,0,0,,,,0.0,0.0
45.71,REGROUND,87.53,-0.0,-9.48,103.31,-0.01,0,0,,,,0.0,0.0
45.76,REGROUND,87.53,-0.0,-9.48,103.36,-0.01,0,0,,,,0.0,0.0
45.81,REGROUND,87.53,-0.0,-9.48,103.41,-0.01,0,0,,,,0.0,0.0
45.86,REGROUND,87.53,-0.0,-9.48,103.46,-0.01,0,0,,,,0.0,0.0
45.91,REGROUND,87.53,-0.0,-9.48,103.51,-0.01,0,0,,,,0.0,0.0
45.96,REGROUND,87.53,-0.0,-9.48,103.56,-0.01,0,0,,,,0.0,0.0
46.01,REGROUND,87.53,-0.0,-9.48,103.61,-0.01,0,0,,,,0.0,0.0
46.06,REGROUND,87.53,-0.0,-9.48,103.66,-0.01,0,0,,,,0.0,0.0
46.11,REGROUND,87.53,-0.0,-9.48,103.71,-0.01,0,0,,,,0.0,0.0
46.16,REGROUND,87.53,-0.0,-9.48,103.76,-0.01,0,0,,,,0.0,0.0
46.21,REGROUND,87.53,-0.0,-9.48,103.81,-0.01,0,0,,,,0.0,0.0
46.26,REGROUND,87.53,-0.0,-9.48,103.86,-0.01,0,0,,,,0.0,0.0
46.31,REGROUND,87.53,-0.0,-9.48,103.91,-0.01,0,0,,,,0.0,0.0
46.36,REGROUND,87.53,-0.0,-9.48,103.96,-0.01,0,0,,,,0.0,0.0
46.41,REGROUND,87.53,-0.0,-9.48,104.01,-0.01,0,0,,,,0.0,0.0
46.46,REGROUND,87.53,-0.0,-9.48,104.06,-0.01,0,0,,,,0.0,0.0
46.51,REGROUND,87.53,-0.0,-9.48,104.11,-0.01,0,0,,,,0.0,0.0
46.56,REGROUND,87.53,-0.0,-9.48,104.16,-0.01,0,0,,,,0.0,0.0
46.61,REGROUND,87.53,-0.0,-9.48,104.21,-0.01,0,0,,,,0.0,0.0
46.66,REGROUND,87.53,-0.0,-9.48,104.26,-0.01,0,0,,,,0.0,0.0
46.71,REGROUND,87.52,-0.0,-9.48,104.31,-0.01,0,0,,,,0.0,0.0
46.76,REGROUND,87.52,-0.0,-9.48,104.36,-0.01,0,0,,,,0.0,0.0
46.81,REGROUND,87.52,-0.0,-9.48,104.41,-0.01,0,0,,,,0.0,0.0
46.86,REGROUND,87.52,-0.0,-9.48,104.46,-0.01,0,0,,,,0.0,0.0
46.91,REGROUND,87.52,-0.0,-9.48,104.51,-0.01,0,0,,,,0.0,0.0
46.96,REGROUND,87.52,-0.0,-9.48,104.56,-0.01,0,0,,,,0.0,0.0
47.01,REGROUND,87.52,-0.0,-9.48,104.61,-0.01,0,0,,,,0.0,0.0
47.06,REGROUND,87.52,-0.0,-9.48,104.66,-0.01,0,0,,,,0.0,0.0
47.11,REGROUND,87.52,-0.0,-9.48,104.71,-0.01,0,0,,,,0.0,0.0
47.16,REGROUND,87.52,-0.0,-9.48,104.76,-0.01,0,0,,,,0.0,0.0
47.21,REGROUND,87.52,-0.0,-9.48,104.81,-0.01,0,0,,,,0.0,0.0
47.26,REGROUND,87.52,-0.0,-9.48,104.86,-0.01,0,0,,,,0.0,0.0
47.31,REGROUND,87.52,-0.0,-9.48,104.91,-0.01,0,0,,,,0.0,0.0
47.36,REGROUND,87.52,-0.0,-9.48,104.96,-0.01,0,0,,,,0.0,0.0
47.41,REGROUND,87.52,-0.0,-9.49,105.01,-0.01,0,0,,,,0.0,0.0
47.46,REGROUND,87.52,-0.0,-9.49,105.06,-0.01,0,0,,,,0.0,0.0
47.51,REGROUND,87.52,-0.0,-9.49,105.11,-0.01,0,0,,,,0.0,0.0
47.56,REGROUND,87.52,-0.0,-9.49,105.16,-0.01,0,0,,,,0.0,0.0
47.61,REGROUND,87.52,-0.0,-9.49,105.21,-0.01,0,0,,,,0.0,0.0
47.66,REGROUND,87.52,-0.0,-9.49,105.26,-0.01,0,0,,,,0.0,0.0
47.71,REGROUND,87.52,-0.0,-9.49,105.31,-0.01,0,0,,,,0.0,0.0
47.76,REGROUND,87.52,-0.0,-9.49,105.36,-0.01,0,0,,,,0.0,0.0
47.81,REGROUND,87.52,-0.0,-9.49,105.41,-0.01,0,0,,,,0.0,0.0
47.86,REGROUND,87.52,-0.0,-9.49,105.46,-0.01,0,0,,,,0.0,0.0
47.91,REGROUND,87.52,-0.0,-9.49,105.51,-0.01,0,0,,,,0.0,0.0
47.96,REGROUND,87.52,-0.0,-9.49,105.56,-0.01,0,0,,,,0.0,0.0
48.01,REGROUND,87.52,-0.0,-9.49,105.61,-0.01,0,0,,,,0.0,0.0
48.06,REGROUND,87.52,-0.0,-9.49,105.66,-0.01,0,0,,,,0.0,0.0
48.11,REGROUND,87.52,-0.0,-9.49,105.71,-0.01,0,0,,,,0.0,0.0
48.16,REGROUND,87.52,-0.0,-9.49,105.76,-0.01,0,0,,,,0.0,0.0
48.21,REGROUND,87.52,-0.0,-9.49,105.81,-0.01,0,0,,,,0.0,0.0
48.26,REGROUND,87.52,-0.0,-9.49,105.86,-0.01,0,0,,,,0.0,0.0
48.31,REGROUND,87.52,-0.0,-9.49,105.91,-0.01,0,0,,,,0.0,0.0
48.36,REGROUND,87.52,-0.0,-9.49,105.96,-0.01,0,0,,,,0.0,0.0
48.41,REGROUND,87.52,-0.0,-9.49,106.01,-0.01,0,0,,,,0.0,0.0
48.46,REGROUND,87.52,-0.0,-9.49,106.06,-0.01,0,0,,,,0.0,0.0
48.51,REGROUND,87.52,-0.0,-9.49,106.11,-0.01,0,0,,,,0.0,0.0
48.56,REGROUND,87.52,-0.0,-9.49,106.16,-0.01,0,0,,,,0.0,0.0
48.61,REGROUND,87.52,-0.0,-9.49,106.21,-0.01,0,0,,,,0.0,0.0
48.66,REGROUND,87.52,-0.0,-9.49,106.26,-0.01,0,0,,,,0.0,0.0
48.71,REGROUND,87.52,-0.0,-9.49,106.31,-0.01,0,0,,,,0.0,0.0
48.76,REGROUND,87.52,-0.0,-9.49,106.36,-0.01,0,0,,,,0.0,0.0
48.81,REGROUND,87.52,-0.0,-9.49,106.41,-0.01,0,0,,,,0.0,0.0
48.87,REGROUND,87.52,-0.0,-9.49,106.46,-0.01,0,0,,,,0.0,0.0
48.92,REGROUND,87.52,-0.0,-9.49,106.51,-0.01,0,0,,,,0.0,0.0
48.97,REGROUND,87.52,-0.0,-9.49,106.56,-0.01,0,0,,,,0.0,0.0
49.02,REGROUND,87.52,-0.0,-9.49,106.61,-0.01,0,0,,,,0.0,0.0
49.07,REGROUND,87.52,-0.0,-9.49,106.66,-0.01,0,0,,,,0.0,0.0
49.12,REGROUND,87.52,-0.0,-9.49,106.71,-0.01,0,0,,,,0.0,0.0
49.17,REGROUND,87.52,-0.0,-9.49,106.76,-0.01,0,0,,,,0.0,0.0
49.22,REGROUND,87.52,-0.0,-9.49,106.81,-0.01,0,0,,,,0.0,0.0
49.27,REGROUND,87.52,-0.0,-9.49,106.86,-0.01,0,0,,,,0.0,0.0
49.32,REGROUND,87.52,-0.0,-9.49,106.91,-0.01,0,0,,,,0.0,0.0
49.37,REGROUND,87.52,-0.0,-9.49,106.96,-0.01,0,0,,,,0.0,0.0
49.42,REGROUND,87.52,-0.0,-9.49,107.01,-0.01,0,0,,,,0.0,0.0
49.47,REGROUND,87.52,-0.0,-9.49,107.06,-0.01,0,0,,,,0.0,0.0
49.52,REGROUND,87.52,-0.0,-9.49,107.11,-0.01,0,0,,,,0.0,0.0
49.57,REGROUND,87.52,-0.0,-9.49,107.16,-0.01,0,0,,,,0.0,0.0
49.62,REGROUND,87.52,-0.0,-9.49,107.21,-0.01,0,0,,,,0.0,0.0
49.67,REGROUND,87.52,-0.0,-9.49,107.26,-0.01,0,0,,,,0.0,0.0
49.72,REGROUND,87.52,-0.0,-9.49,107.31,-0.01,0,0,,,,0.0,0.0
49.77,REGROUND,87.52,-0.0,-9.49,107.36,-0.01,0,0,,,,0.0,0.0
49.82,REGROUND,87.52,-0.0,-9.49,107.41,-0.01,0,0,,,,0.0,0.0
49.87,REGROUND,87.52,-0.0,-9.49,107.46,-0.01,0,0,,,,0.0,0.0
49.92,REGROUND,87.52,-0.0,-9.49,107.51,-0.01,0,0,,,,0.0,0.0
49.97,REGROUND,87.52,-0.0,-9.49,107.56,-0.01,0,0,,,,0.0,0.0
50.02,REGROUND,87.52,-0.0,-9.49,107.61,-0.01,0,0,,,,0.0,0.0
50.07,REGROUND,87.52,-0.0,-9.49,107.66,-0.01,0,0,,,,0.0,0.0
50.12,REGROUND,87.52,-0.0,-9.49,107.71,-0.01,0,0,,,,0.0,0.0
50.17,REGROUND,87.52,-0.0,-9.49,107.76,-0.01,0,0,,,,0.0,0.0
50.22,REGROUND,87.52,-0.0,-9.49,107.81,-0.01,0,0,,,,0.0,0.0
50.27,REGROUND,87.52,-0.0,-9.49,107.86,-0.01,0,0,,,,0.0,0.0
50.32,REGROUND,87.52,-0.0,-9.49,107.91,-0.01,0,0,,,,0.0,0.0
50.37,REGROUND,87.52,-0.0,-9.49,107.96,-0.01,0,0,,,,0.0,0.0
50.42,REGROUND,87.52,-0.0,-9.49,108.01,-0.01,0,0,,,,0.0,0.0
50.47,REGROUND,87.52,-0.0,-9.49,108.06,-0.01,0,0,,,,0.0,0.0
50.52,REGROUND,87.52,-0.0,-9.49,108.11,-0.01,0,0,,,,0.0,0.0
50.57,REGROUND,87.52,-0.0,-9.49,108.16,-0.01,0,0,,,,0.0,0.0
50.62,REGROUND,87.52,-0.0,-9.49,108.21,-0.01,0,0,,,,0.0,0.0
50.67,REGROUND,87.52,-0.0,-9.49,108.26,-0.01,0,0,,,,0.0,0.0
50.72,REGROUND,87.52,-0.0,-9.49,108.31,-0.01,0,0,,,,0.0,0.0
50.77,REGROUND,87.52,-0.0,-9.49,108.36,-0.01,0,0,,,,0.0,0.0
50.82,REGROUND,87.52,-0.0,-9.49,108.41,-0.01,0,0,,,,0.0,0.0
50.87,REGROUND,87.52,-0.0,-9.49,108.46,-0.01,0,0,,,,0.0,0.0
50.92,REGROUND,87.52,-0.0,-9.49,108.51,-0.01,0,0,,,,0.0,0.0
50.97,REGROUND,87.52,-0.0,-9.49,108.56,-0.01,0,0,,,,0.0,0.0
51.02,REGROUND,87.52,-0.0,-9.49,108.61,-0.01,0,0,,,,0.0,0.0
51.07,REGROUND,87.52,-0.0,-9.49,108.66,-0.01,0,0,,,,0.0,0.0
51.12,REGROUND,87.52,-0.0,-9.49,108.71,-0.01,0,0,,,,0.0,0.0
51.17,REGROUND,87.52,-0.0,-9.49,108.76,-0.01,0,0,,,,0.0,0.0
51.22,REGROUND,87.52,-0.0,-9.49,108.81,-0.01,0,0,,,,0.0,0.0
51.27,REGROUND,87.52,-0.0,-9.49,108.86,-0.01,0,0,,,,0.0,0.0
51.32,REGROUND,87.52,-0.0,-9.49,108.91,-0.01,0,0,,,,0.0,0.0
51.37,REGROUND,87.52,-0.0,-9.49,108.96,-0.01,0,0,,,,0.0,0.0
51.42,REGROUND,87.52,-0.0,-9.49,109.01,-0.01,0,0,,,,0.0,0.0
51.47,REGROUND,87.52,-0.0,-9.49,109.06,-0.01,0,0,,,,0.0,0.0
51.52,REGROUND,87.52,-0.0,-9.49,109.11,-0.01,0,0,,,,0.0,0.0
51.57,REGROUND,87.52,-0.0,-9.49,109.16,-0.01,0,0,,,,0.0,0.0
51.62,REGROUND,87.52,-0.0,-9.49,109.21,-0.01,0,0,,,,0.0,0.0
51.67,REGROUND,87.52,-0.0,-9.49,109.26,-0.01,0,0,,,,0.0,0.0
51.72,REGROUND,87.52,-0.0,-9.48,109.31,-0.01,0,0,,,,0.0,0.0
51.77,REGROUND,87.52,-0.0,-9.48,109.36,-0.01,0,0,,,,0.0,0.0
51.82,REGROUND,87.52,-0.0,-9.48,109.41,-0.01,0,0,,,,0.0,0.0
51.87,REGROUND,87.52,-0.0,-9.48,109.46,-0.01,0,0,,,,0.0,0.0
51.92,REGROUND,87.52,-0.0,-9.48,109.51,-0.01,0,0,,,,0.0,0.0
51.97,REGROUND,87.52,-0.0,-9.48,109.56,-0.01,0,0,,,,0.0,0.0
52.02,REGROUND,87.52,-0.0,-9.48,109.61,-0.01,0,0,,,,0.0,0.0
52.07,REGROUND,87.52,-0.0,-9.48,109.66,-0.01,0,0,,,,0.0,0.0
52.12,REGROUND,87.52,-0.0,-9.48,109.71,-0.01,0,0,,,,0.0,0.0
52.17,REGROUND,87.52,-0.0,-9.48,109.76,-0.01,0,0,,,,0.0,0.0
52.22,REGROUND,87.52,-0.0,-9.48,109.81,-0.01,0,0,,,,0.0,0.0
52.27,REGROUND,87.52,-0.0,-9.48,109.86,-0.01,0,0,,,,0.0,0.0
52.32,REGROUND,87.52,-0.0,-9.48,109.91,-0.01,0,0,,,,0.0,0.0
52.37,REGROUND,87.52,-0.0,-9.48,109.96,-0.01,0,0,,,,0.0,0.0
52.42,REGROUND,87.52,-0.0,-9.48,110.01,-0.01,0,0,,,,0.0,0.0
52.47,REGROUND,87.52,-0.0,-9.48,110.06,-0.01,0,0,,,,0.0,0.0
52.52,REGROUND,87.52,-0.0,-9.48,110.11,-0.01,0,0,,,,0.0,0.0
52.57,REGROUND,87.52,-0.0,-9.48,110.16,-0.01,0,0,,,,0.0,0.0
52.62,REGROUND,87.52,-0.0,-9.48,110.21,-0.01,0,0,,,,0.0,0.0
52.67,REGROUND,87.52,-0.0,-9.48,110.26,-0.01,0,0,,,,0.0,0.0
52.72,REGROUND,87.52,-0.0,-9.48,110.31,-0.01,0,0,,,,0.0,0.0
52.77,REGROUND,87.52,-0.0,-9.48,110.36,-0.01,0,0,,,,0.0,0.0
52.82,REGROUND,87.53,-0.0,-9.48,110.41,-0.01,0,0,,,,0.0,0.0
52.87,REGROUND,87.53,-0.0,-9.48,110.46,-0.01,0,0,,,,0.0,0.0
52.92,REGROUND,87.53,-0.0,-9.48,110.51,-0.01,0,0,,,,0.0,0.0
52.97,REGROUND,87.53,-0.0,-9.48,110.56,-0.01,0,0,,,,0.0,0.0
53.02,REGROUND,87.53,-0.0,-9.48,110.61,-0.01,0,0,,,,0.0,0.0
53.07,REGROUND,87.53,-0.0,-9.48,110.66,-0.01,0,0,,,,0.0,0.0
53.12,REGROUND,87.53,-0.0,-9.48,110.71,-0.01,0,0,,,,0.0,0.0
53.17,REGROUND,87.53,-0.0,-9.48,110.76,-0.01,0,0,,,,0.0,0.0
53.22,REGROUND,87.53,-0.0,-9.48,110.81,-0.01,0,0,,,,0.0,0.0
53.27,REGROUND,87.53,-0.0,-9.48,110.86,-0.01,0,0,,,,0.0,0.0
53.32,REGROUND,87.53,-0.0,-9.48,110.91,-0.01,0,0,,,,0.0,0.0
53.37,REGROUND,87.53,-0.0,-9.48,110.96,-0.01,0,0,,,,0.0,0.0
53.42,REGROUND,87.53,-0.0,-9.48,111.01,-0.01,0,0,,,,0.0,0.0
53.47,REGROUND,87.53,-0.0,-9.48,111.06,-0.01,0,0,,,,0.0,0.0
53.52,REGROUND,87.53,-0.01,-9.48,111.12,-0.01,0,0,,,,0.0,0.0
53.57,REGROUND,87.53,-0.01,-9.48,111.17,-0.01,0,0,,,,0.0,0.0
53.62,REGROUND,87.53,-0.01,-9.48,111.22,-0.01,0,0,,,,0.0,0.0
53.67,REGROUND,87.53,-0.01,-9.48,111.27,-0.01,0,0,,,,0.0,0.0
53.72,REGROUND,87.53,-0.01,-9.48,111.32,-0.01,0,0,,,,0.0,0.0
53.77,REGROUND,87.53,-0.01,-9.48,111.37,-0.01,0,0,,,,0.0,0.0
53.82,REGROUND,87.53,-0.01,-9.48,111.42,-0.01,0,0,,,,0.0,0.0
53.87,REGROUND,87.53,-0.01,-9.48,111.47,-0.01,0,0,,,,0.0,0.0
53.92,REGROUND,87.53,-0.01,-9.48,111.52,-0.01,0,0,,,,0.0,0.0
53.97,REGROUND,87.53,-0.01,-9.48,111.57,-0.01,0,0,,,,0.0,0.0
54.02,REGROUND,87.53,-0.01,-9.48,111.62,-0.01,0,0,,,,0.0,0.0
54.07,REGROUND,87.53,-0.01,-9.48,111.67,-0.01,0,0,,,,0.0,0.0
54.12,REGROUND,87.53,-0.01,-9.48,111.72,-0.01,0,0,,,,0.0,0.0
54.17,REGROUND,87.53,-0.01,-9.48,111.77,-0.01,0,0,,,,0.0,0.0
54.22,REGROUND,87.53,-0.01,-9.48,111.82,-0.01,0,0,,,,0.0,0.0
54.27,REGROUND,87.53,-0.01,-9.48,111.87,-0.01,0,0,,,,0.0,0.0
54.32,REGROUND,87.53,-0.01,-9.48,111.92,-0.01,0,0,,,,0.0,0.0
54.37,REGROUND,87.53,-0.01,-9.48,111.97,-0.01,0,0,,,,0.0,0.0
54.42,REGROUND,87.53,-0.01,-9.49,112.02,-0.01,0,0,,,,0.0,0.0
54.47,REGROUND,87.53,-0.01,-9.49,112.07,-0.01,0,0,,,,0.0,0.0
54.52,REGROUND,87.53,-0.01,-9.49,112.12,-0.01,0,0,,,,0.0,0.0
54.57,REGROUND,87.53,-0.01,-9.49,112.17,-0.01,0,0,,,,0.0,0.0
54.62,REGROUND,87.53,-0.01,-9.49,112.22,-0.01,0,0,,,,0.0,0.0
54.67,REGROUND,87.53,-0.01,-9.49,112.27,-0.01,0,0,,,,0.0,0.0
54.72,REGROUND,87.53,-0.01,-9.49,112.32,-0.01,0,0,,,,0.0,0.0
54.77,REGROUND,87.53,-0.01,-9.49,112.37,-0.01,0,0,,,,0.0,0.0
54.82,REGROUND,87.53,-0.01,-9.49,112.42,-0.01,0,0,,,,0.0,0.0
54.87,REGROUND,87.53,-0.01,-9.49,112.47,-0.01,0,0,,,,0.0,0.0
54.92,REGROUND,87.53,-0.01,-9.49,112.52,-0.01,0,0,,,,0.0,0.0
54.97,REGROUND,87.53,-0.01,-9.49,112.57,-0.01,0,0,,,,0.0,0.0
55.02,REGROUND,87.53,-0.01,-9.49,112.62,-0.01,0,0,,,,0.0,0.0
55.07,REGROUND,87.53,-0.01,-9.49,112.67,-0.01,0,0,,,,0.0,0.0
55.12,REGROUND,87.53,-0.01,-9.49,112.72,-0.01,0,0,,,,0.0,0.0
55.17,REGROUND,87.53,-0.01,-9.49,112.77,-0.01,0,0,,,,0.0,0.0
55.22,REGROUND,87.53,-0.01,-9.49,112.82,-0.01,0,0,,,,0.0,0.0
55.27,REGROUND,87.53,-0.01,-9.49,112.87,-0.01,0,0,,,,0.0,0.0
55.32,REGROUND,87.53,-0.01,-9.49,112.92,-0.01,0,0,,,,0.0,0.0
55.37,REGROUND,87.53,-0.01,-9.49,112.97,-0.01,0,0,,,,0.0,0.0
55.42,REGROUND,87.53,-0.01,-9.49,113.02,-0.01,0,0,,,,0.0,0.0
55.47,REGROUND,87.53,-0.01,-9.49,113.07,-0.01,0,0,,,,0.0,0.0
55.52,REGROUND,87.52,-0.01,-9.49,113.12,-0.01,0,0,,,,0.0,0.0
55.57,REGROUND,87.52,-0.01,-9.49,113.17,-0.01,0,0,,,,0.0,0.0
55.62,REGROUND,87.52,-0.01,-9.49,113.22,-0.01,0,0,,,,0.0,0.0
55.67,REGROUND,87.52,-0.01,-9.49,113.27,-0.01,0,0,,,,0.0,0.0
55.72,REGROUND,87.52,-0.01,-9.49,113.32,-0.01,0,0,,,,0.0,0.0
55.77,REGROUND,87.52,-0.01,-9.49,113.37,-0.01,0,0,,,,0.0,0.0
55.82,REGROUND,87.52,-0.01,-9.49,113.42,-0.01,0,0,,,,0.0,0.0
55.87,REGROUND,87.52,-0.01,-9.49,113.47,-0.01,0,0,,,,0.0,0.0
55.92,REGROUND,87.52,-0.01,-9.49,113.52,-0.01,0,0,,,,0.0,0.0
55.97,REGROUND,87.52,-0.01,-9.49,113.57,-0.01,0,0,,,,0.0,0.0
56.02,REGROUND,87.52,-0.01,-9.49,113.62,-0.01,0,0,,,,0.0,0.0
56.07,REGROUND,87.52,-0.01,-9.49,113.67,-0.01,0,0,,,,0.0,0.0
56.12,REGROUND,87.52,-0.01,-9.49,113.72,-0.01,0,0,,,,0.0,0.0
56.17,REGROUND,87.52,-0.01,-9.49,113.77,-0.01,0,0,,,,0.0,0.0
56.23,REGROUND,87.52,-0.01,-9.49,113.82,-0.01,0,0,,,,0.0,0.0
56.28,REGROUND,87.52,-0.01,-9.49,113.87,-0.01,0,0,,,,0.0,0.0
56.33,REGROUND,87.52,-0.01,-9.49,113.92,-0.01,0,0,,,,0.0,0.0
56.38,REGROUND,87.52,-0.01,-9.49,113.97,-0.01,0,0,,,,0.0,0.0
56.43,REGROUND,87.52,-0.01,-9.49,114.02,-0.01,0,0,,,,0.0,0.0
56.48,REGROUND,87.52,-0.01,-9.49,114.07,-0.01,0,0,,,,0.0,0.0
56.53,REGROUND,87.52,-0.01,-9.49,114.12,-0.01,0,0,,,,0.0,0.0
56.58,REGROUND,87.52,-0.01,-9.49,114.17,-0.01,0,0,,,,0.0,0.0
56.63,REGROUND,87.52,-0.01,-9.49,114.22,-0.01,0,0,,,,0.0,0.0
56.68,REGROUND,87.52,-0.01,-9.49,114.27,-0.01,0,0,,,,0.0,0.0
56.73,REGROUND,87.52,-0.01,-9.49,114.32,-0.01,0,0,,,,0.0,0.0
56.78,REGROUND,87.52,-0.01,-9.49,114.37,-0.01,0,0,,,,0.0,0.0
56.83,REGROUND,87.52,-0.01,-9.49,114.42,-0.01,0,0,,,,0.0,0.0
56.88,REGROUND,87.52,-0.01,-9.49,114.47,-0.01,0,0,,,,0.0,0.0
56.93,REGROUND,87.52,-0.01,-9.49,114.52,-0.01,0,0,,,,0.0,0.0
56.98,REGROUND,87.52,-0.01,-9.49,114.57,-0.01,0,0,,,,0.0,0.0
57.03,REGROUND,87.52,-0.01,-9.49,114.62,-0.01,0,0,,,,0.0,0.0
57.08,REGROUND,87.52,-0.01,-9.49,114.67,-0.01,0,0,,,,0.0,0.0
57.13,REGROUND,87.52,-0.01,-9.49,114.72,-0.01,0,0,,,,0.0,0.0
57.18,REGROUND,87.52,-0.01,-9.49,114.77,-0.01,0,0,,,,0.0,0.0
57.23,REGROUND,87.52,-0.01,-9.49,114.82,-0.01,0,0,,,,0.0,0.0
57.28,REGROUND,87.52,-0.01,-9.49,114.87,-0.01,0,0,,,,0.0,0.0
57.33,REGROUND,87.52,-0.0,-9.48,114.92,-0.01,0,0,,,,0.0,0.0
57.38,REGROUND,87.52,-0.0,-9.48,114.97,-0.01,0,0,,,,0.0,0.0
57.43,REGROUND,87.52,-0.0,-9.48,115.02,-0.01,0,0,,,,0.0,0.0
57.48,REGROUND,87.52,-0.0,-9.48,115.07,-0.01,0,0,,,,0.0,0.0
57.53,REGROUND,87.52,-0.0,-9.48,115.12,-0.01,0,0,,,,0.0,0.0
57.58,REGROUND,87.52,-0.0,-9.48,115.17,-0.01,0,0,,,,0.0,0.0
57.63,REGROUND,87.52,-0.0,-9.48,115.22,-0.01,0,0,,,,0.0,0.0
57.68,REGROUND,87.52,-0.0,-9.48,115.27,-0.01,0,0,,,,0.0,0.0
57.73,REGROUND,87.52,-0.0,-9.48,115.32,-0.01,0,0,,,,0.0,0.0
57.78,REGROUND,87.52,-0.0,-9.48,115.37,-0.01,0,0,,,,0.0,0.0
57.83,REGROUND,87.52,-0.0,-9.48,115.42,-0.01,0,0,,,,0.0,0.0
57.88,REGROUND,87.52,-0.0,-9.48,115.47,-0.01,0,0,,,,0.0,0.0
57.93,REGROUND,87.52,-0.0,-9.48,115.52,-0.01,0,0,,,,0.0,0.0
57.98,REGROUND,87.52,-0.0,-9.48,115.57,-0.01,0,0,,,,0.0,0.0
58.03,REGROUND,87.52,-0.0,-9.48,115.62,-0.01,0,0,,,,0.0,0.0
58.08,REGROUND,87.52,-0.0,-9.48,115.67,-0.01,0,0,,,,0.0,0.0
58.13,REGROUND,87.52,-0.0,-9.48,115.72,-0.01,0,0,,,,0.0,0.0
58.18,REGROUND,87.52,-0.0,-9.48,115.77,-0.01,0,0,,,,0.0,0.0
58.23,REGROUND,87.52,-0.0,-9.48,115.82,-0.01,0,0,,,,0.0,0.0
58.28,REGROUND,87.52,-0.0,-9.48,115.87,-0.01,0,0,,,,0.0,0.0
58.33,REGROUND,87.52,-0.0,-9.48,115.92,-0.01,0,0,,,,0.0,0.0
58.38,REGROUND,87.52,-0.0,-9.48,115.97,-0.01,0,0,,,,0.0,0.0
58.43,REGROUND,87.52,-0.0,-9.48,116.02,-0.01,0,0,,,,0.0,0.0
58.48,REGROUND,87.52,-0.0,-9.48,116.07,-0.01,0,0,,,,0.0,0.0
58.53,REGROUND,87.52,-0.0,-9.48,116.12,-0.01,0,0,,,,0.0,0.0
58.58,REGROUND,87.52,-0.0,-9.48,116.17,-0.01,0,0,,,,0.0,0.0
58.63,REGROUND,87.52,-0.0,-9.48,116.22,-0.01,0,0,,,,0.0,0.0
58.68,REGROUND,87.52,-0.0,-9.48,116.27,-0.01,0,0,,,,0.0,0.0
58.73,REGROUND,87.52,-0.0,-9.48,116.32,-0.01,0,0,,,,0.0,0.0
58.78,REGROUND,87.52,-0.0,-9.48,116.37,-0.01,0,0,,,,0.0,0.0
58.83,REGROUND,87.52,-0.0,-9.48,116.42,-0.01,0,0,,,,0.0,0.0
58.88,REGROUND,87.52,-0.0,-9.48,116.47,-0.01,0,0,,,,0.0,0.0
58.93,REGROUND,87.52,-0.0,-9.48,116.52,-0.01,0,0,,,,0.0,0.0
58.98,REGROUND,87.52,-0.0,-9.48,116.57,-0.01,0,0,,,,0.0,0.0
59.03,REGROUND,87.52,-0.0,-9.48,116.62,-0.01,0,0,,,,0.0,0.0
59.08,REGROUND,87.52,-0.0,-9.48,116.67,-0.01,0,0,,,,0.0,0.0
59.13,REGROUND,87.52,-0.0,-9.48,116.72,-0.01,0,0,,,,0.0,0.0
59.18,REGROUND,87.52,-0.0,-9.48,116.77,-0.01,0,0,,,,0.0,0.0
59.23,REGROUND,87.52,-0.0,-9.48,116.82,-0.01,0,0,,,,0.0,0.0
59.28,REGROUND,87.52,-0.0,-9.48,116.87,-0.01,0,0,,,,0.0,0.0
59.33,REGROUND,87.52,-0.0,-9.48,116.92,-0.01,0,0,,,,0.0,0.0
59.38,REGROUND,87.52,-0.0,-9.48,116.97,-0.01,0,0,,,,0.0,0.0
59.43,REGROUND,87.52,-0.0,-9.48,117.02,-0.01,0,0,,,,0.0,0.0
59.48,REGROUND,87.52,-0.0,-9.48,117.07,-0.01,0,0,,,,0.0,0.0
59.53,REGROUND,87.52,-0.0,-9.48,117.12,-0.01,0,0,,,,0.0,0.0
59.58,REGROUND,87.52,-0.0,-9.48,117.17,-0.01,0,0,,,,0.0,0.0
59.63,REGROUND,87.52,-0.0,-9.48,117.22,-0.01,0,0,,,,0.0,0.0
59.68,REGROUND,87.52,-0.0,-9.48,117.27,-0.01,0,0,,,,0.0,0.0
59.73,REGROUND,87.52,-0.0,-9.48,117.32,-0.01,0,0,,,,0.0,0.0
59.78,REGROUND,87.52,-0.0,-9.48,117.37,-0.01,0,0,,,,0.0,0.0
59.83,REGROUND,87.52,-0.01,-9.48,117.42,-0.01,0,0,,,,0.0,0.0
59.88,REGROUND,87.52,-0.01,-9.48,117.47,-0.01,0,0,,,,0.0,0.0
59.93,REGROUND,87.52,-0.01,-9.48,117.52,-0.01,0,0,,,,0.0,0.0
59.98,REGROUND,87.52,-0.01,-9.48,117.57,-0.01,0,0,,,,0.0,0.0
60.03,REGROUND,87.52,-0.01,-9.48,117.62,-0.01,0,0,,,,0.0,0.0
60.08,REGROUND,87.52,-0.01,-9.48,117.67,-0.01,0,0,,,,0.0,0.0
60.13,REGROUND,87.52,-0.01,-9.48,117.72,-0.01,0,0,,,,0.0,0.0
60.18,REGROUND,87.52,-0.01,-9.48,117.77,-0.01,0,0,,,,0.0,0.0
60.23,REGROUND,87.52,-0.01,-9.48,117.82,-0.01,0,0,,,,0.0,0.0
60.28,REGROUND,87.52,-0.01,-9.48,117.87,-0.01,0,0,,,,0.0,0.0
60.33,REGROUND,87.52,-0.01,-9.49,117.92,-0.01,0,0,,,,0.0,0.0
60.38,REGROUND,87.52,-0.01,-9.49,117.97,-0.01,0,0,,,,0.0,0.0
60.43,REGROUND,87.52,-0.01,-9.49,118.02,-0.01,0,0,,,,0.0,0.0
60.48,REGROUND,87.52,-0.01,-9.49,118.07,-0.01,0,0,,,,0.0,0.0
60.53,REGROUND,87.52,-0.01,-9.49,118.12,-0.01,0,0,,,,0.0,0.0
60.58,REGROUND,87.52,-0.01,-9.49,118.17,-0.01,0,0,,,,0.0,0.0
60.63,REGROUND,87.52,-0.01,-9.49,118.22,-0.01,0,0,,,,0.0,0.0
60.68,REGROUND,87.52,-0.01,-9.49,118.28,-0.01,0,0,,,,0.0,0.0
60.73,REGROUND,87.52,-0.01,-9.49,118.33,-0.01,0,0,,,,0.0,0.0
60.78,REGROUND,87.52,-0.01,-9.49,118.38,-0.01,0,0,,,,0.0,0.0
60.83,REGROUND,87.52,-0.01,-9.49,118.43,-0.01,0,0,,,,0.0,0.0
60.88,REGROUND,87.52,-0.01,-9.49,118.48,-0.01,0,0,,,,0.0,0.0
60.93,REGROUND,87.52,-0.01,-9.49,118.53,-0.01,0,0,,,,0.0,0.0
60.98,REGROUND,87.52,-0.01,-9.49,118.58,-0.01,0,0,,,,0.0,0.0
61.03,REGROUND,87.52,-0.01,-9.49,118.63,-0.01,0,0,,,,0.0,0.0
61.08,REGROUND,87.52,-0.01,-9.49,118.68,-0.01,0,0,,,,0.0,0.0
61.13,REGROUND,87.52,-0.0,-9.49,118.73,-0.01,0,0,,,,0.0,0.0
61.18,REGROUND,87.52,-0.0,-9.49,118.78,-0.01,0,0,,,,0.0,0.0
61.23,REGROUND,87.52,-0.0,-9.49,118.83,-0.01,0,0,,,,0.0,0.0
61.28,REGROUND,87.52,-0.0,-9.49,118.88,-0.01,0,0,,,,0.0,0.0
61.33,REGROUND,87.52,-0.0,-9.49,118.93,-0.01,0,0,,,,0.0,0.0
61.38,REGROUND,87.52,-0.0,-9.49,118.98,-0.01,0,0,,,,0.0,0.0
61.43,REGROUND,87.52,-0.0,-9.49,119.03,-0.01,0,0,,,,0.0,0.0
61.48,REGROUND,87.52,-0.0,-9.49,119.08,-0.01,0,0,,,,0.0,0.0
61.53,REGROUND,87.52,-0.0,-9.49,119.13,-0.01,0,0,,,,0.0,0.0
61.58,REGROUND,87.52,-0.0,-9.49,119.18,-0.01,0,0,,,,0.0,0.0
61.63,REGROUND,87.52,-0.0,-9.49,119.23,-0.01,0,0,,,,0.0,0.0
61.68,REGROUND,87.52,-0.0,-9.49,119.28,-0.01,0,0,,,,0.0,0.0
61.73,REGROUND,87.52,-0.0,-9.49,119.33,-0.01,0,0,,,,0.0,0.0
61.78,REGROUND,87.52,-0.0,-9.49,119.38,-0.01,0,0,,,,0.0,0.0
61.83,REGROUND,87.52,-0.0,-9.49,119.43,-0.01,0,0,,,,0.0,0.0
61.88,REGROUND,87.52,-0.0,-9.49,119.48,-0.01,0,0,,,,0.0,0.0
61.93,REGROUND,87.52,-0.0,-9.49,119.53,-0.01,0,0,,,,0.0,0.0
61.98,REGROUND,87.52,-0.0,-9.49,119.58,-0.01,0,0,,,,0.0,0.0
62.03,REGROUND,87.52,-0.0,-9.49,119.63,-0.01,0,0,,,,0.0,0.0
62.08,REGROUND,87.52,-0.0,-9.49,119.68,-0.01,0,0,,,,0.0,0.0
62.13,REGROUND,87.52,-0.0,-9.49,119.73,-0.01,0,0,,,,0.0,0.0
62.18,REGROUND,87.52,-0.0,-9.49,119.78,-0.01,0,0,,,,0.0,0.0
62.23,REGROUND,87.52,-0.0,-9.49,119.83,-0.01,0,0,,,,0.0,0.0
62.28,REGROUND,87.52,-0.0,-9.49,119.88,-0.01,0,0,,,,0.0,0.0
62.33,REGROUND,87.52,-0.0,-9.49,119.93,-0.01,0,0,,,,0.0,0.0
62.38,REGROUND,87.52,-0.0,-9.49,119.98,-0.01,0,0,,,,0.0,0.0
62.43,REGROUND,87.52,-0.0,-9.49,120.03,-0.01,0,0,,,,0.0,0.0
62.48,REGROUND,87.52,-0.0,-9.49,120.08,-0.01,0,0,,,,0.0,0.0
62.53,REGROUND,87.52,-0.0,-9.49,120.13,-0.01,0,0,,,,0.0,0.0
62.58,REGROUND,87.52,-0.0,-9.49,120.18,-0.01,0,0,,,,0.0,0.0
62.63,REGROUND,87.52,-0.0,-9.49,120.23,-0.01,0,0,,,,0.0,0.0
62.68,REGROUND,87.52,-0.0,-9.49,120.28,-0.01,0,0,,,,0.0,0.0
62.73,REGROUND,87.52,-0.0,-9.49,120.33,-0.01,0,0,,,,0.0,0.0
62.78,REGROUND,87.52,-0.0,-9.49,120.38,-0.01,0,0,,,,0.0,0.0
62.83,REGROUND,87.52,-0.0,-9.49,120.43,-0.01,0,0,,,,0.0,0.0
62.88,REGROUND,87.52,-0.0,-9.49,120.48,-0.01,0,0,,,,0.0,0.0
62.93,REGROUND,87.52,-0.0,-9.49,120.53,-0.01,0,0,,,,0.0,0.0
62.98,REGROUND,87.52,-0.0,-9.49,120.58,-0.01,0,0,,,,0.0,0.0
63.03,REGROUND,87.52,-0.0,-9.49,120.63,-0.01,0,0,,,,0.0,0.0
63.08,REGROUND,87.52,-0.0,-9.49,120.68,-0.01,0,0,,,,0.0,0.0
63.13,REGROUND,87.52,-0.0,-9.49,120.73,-0.01,0,0,,,,0.0,0.0
63.18,REGROUND,87.52,-0.0,-9.49,120.78,-0.01,0,0,,,,0.0,0.0
63.23,REGROUND,87.52,-0.0,-9.48,120.83,-0.01,0,0,,,,0.0,0.0
63.28,REGROUND,87.52,-0.0,-9.48,120.88,-0.01,0,0,,,,0.0,0.0
63.33,REGROUND,87.52,-0.0,-9.48,120.93,-0.01,0,0,,,,0.0,0.0
63.38,REGROUND,87.52,-0.0,-9.48,120.98,-0.01,0,0,,,,0.0,0.0
63.43,REGROUND,87.52,-0.0,-9.48,121.03,-0.01,0,0,,,,0.0,0.0
63.48,REGROUND,87.52,-0.0,-9.48,121.08,-0.01,0,0,,,,0.0,0.0
63.53,REGROUND,87.52,-0.0,-9.48,121.13,-0.01,0,0,,,,0.0,0.0
63.58,REGROUND,87.52,-0.0,-9.48,121.18,-0.01,0,0,,,,0.0,0.0
63.63,REGROUND,87.52,-0.0,-9.48,121.23,-0.01,0,0,,,,0.0,0.0
63.68,REGROUND,87.52,-0.0,-9.48,121.28,-0.01,0,0,,,,0.0,0.0
63.73,REGROUND,87.52,-0.0,-9.48,121.33,-0.01,0,0,,,,0.0,0.0
63.78,REGROUND,87.52,-0.0,-9.48,121.38,-0.01,0,0,,,,0.0,0.0
63.83,REGROUND,87.52,-0.0,-9.48,121.43,-0.01,0,0,,,,0.0,0.0
63.88,REGROUND,87.52,-0.0,-9.48,121.48,-0.01,0,0,,,,0.0,0.0
63.93,REGROUND,87.52,-0.0,-9.48,121.53,-0.01,0,0,,,,0.0,0.0
63.98,REGROUND,87.52,-0.0,-9.48,121.58,-0.01,0,0,,,,0.0,0.0
64.03,REGROUND,87.52,-0.0,-9.48,121.63,-0.01,0,0,,,,0.0,0.0
64.08,REGROUND,87.52,-0.0,-9.48,121.68,-0.01,0,0,,,,0.0,0.0
64.14,REGROUND,87.52,-0.0,-9.48,121.73,-0.01,0,0,,,,0.0,0.0
64.19,REGROUND,87.52,-0.0,-9.48,121.78,-0.01,0,0,,,,0.0,0.0
64.24,REGROUND,87.52,-0.0,-9.48,121.83,-0.01,0,0,,,,0.0,0.0
64.29,REGROUND,87.52,-0.0,-9.48,121.88,-0.01,0,0,,,,0.0,0.0
64.34,REGROUND,87.52,-0.0,-9.48,121.93,-0.01,0,0,,,,0.0,0.0
64.39,REGROUND,87.52,-0.0,-9.48,121.98,-0.01,0,0,,,,0.0,0.0
64.44,REGROUND,87.52,-0.0,-9.48,122.03,-0.01,0,0,,,,0.0,0.0
64.49,REGROUND,87.52,-0.0,-9.48,122.08,-0.01,0,0,,,,0.0,0.0
64.54,REGROUND,87.52,-0.0,-9.48,122.13,-0.01,0,0,,,,0.0,0.0
64.59,REGROUND,87.52,-0.0,-9.48,122.18,-0.01,0,0,,,,0.0,0.0
64.64,REGROUND,87.52,-0.0,-9.48,122.23,-0.01,0,0,,,,0.0,0.0
64.69,REGROUND,87.52,-0.0,-9.48,122.28,-0.01,0,0,,,,0.0,0.0
64.74,REGROUND,87.52,-0.0,-9.48,122.33,-0.01,0,0,,,,0.0,0.0
64.79,REGROUND,87.52,-0.0,-9.48,122.38,-0.01,0,0,,,,0.0,0.0
64.84,REGROUND,87.52,-0.0,-9.48,122.43,-0.01,0,0,,,,0.0,0.0
64.89,REGROUND,87.52,-0.0,-9.48,122.48,-0.01,0,0,,,,0.0,0.0
64.94,REGROUND,87.52,-0.0,-9.48,122.53,-0.01,0,0,,,,0.0,0.0
64.99,REGROUND,87.52,-0.0,-9.48,122.58,-0.01,0,0,,,,0.0,0.0
65.04,REGROUND,87.52,-0.0,-9.48,122.63,-0.01,0,0,,,,0.0,0.0
65.09,REGROUND,87.52,-0.0,-9.48,122.68,-0.01,0,0,,,,0.0,0.0
65.14,REGROUND,87.52,-0.0,-9.48,122.73,-0.01,0,0,,,,0.0,0.0
65.19,REGROUND,87.52,-0.0,-9.48,122.78,-0.01,0,0,,,,0.0,0.0
65.24,REGROUND,87.52,-0.0,-9.48,122.83,-0.01,0,0,,,,0.0,0.0
65.29,REGROUND,87.52,-0.0,-9.48,122.88,-0.01,0,0,,,,0.0,0.0
65.34,REGROUND,87.52,-0.0,-9.48,122.93,-0.01,0,0,,,,0.0,0.0
65.39,REGROUND,87.52,-0.0,-9.48,122.98,-0.01,0,0,,,,0.0,0.0
65.44,REGROUND,87.52,-0.0,-9.48,123.03,-0.01,0,0,,,,0.0,0.0
65.49,REGROUND,87.52,-0.0,-9.48,123.08,-0.01,0,0,,,,0.0,0.0
65.54,REGROUND,87.53,-0.0,-9.48,123.13,-0.01,0,0,,,,0.0,0.0
65.59,REGROUND,87.53,-0.0,-9.48,123.18,-0.01,0,0,,,,0.0,0.0
65.64,REGROUND,87.53,-0.0,-9.48,123.23,-0.01,0,0,,,,0.0,0.0
65.69,REGROUND,87.53,-0.0,-9.48,123.28,-0.01,0,0,,,,0.0,0.0
65.74,REGROUND,87.53,-0.0,-9.48,123.33,-0.01,0,0,,,,0.0,0.0
65.79,REGROUND,87.53,-0.0,-9.48,123.38,-0.01,0,0,,,,0.0,0.0
65.84,REGROUND,87.53,-0.0,-9.49,123.43,-0.01,0,0,,,,0.0,0.0
65.89,REGROUND,87.53,-0.0,-9.49,123.48,-0.01,0,0,,,,0.0,0.0
65.94,REGROUND,87.53,-0.0,-9.49,123.53,-0.01,0,0,,,,0.0,0.0
65.99,REGROUND,87.53,-0.0,-9.49,123.58,-0.01,0,0,,,,0.0,0.0
66.04,REGROUND,87.53,-0.0,-9.49,123.63,-0.01,0,0,,,,0.0,0.0
66.09,REGROUND,87.53,-0.0,-9.49,123.68,-0.01,0,0,,,,0.0,0.0
66.14,REGROUND,87.53,-0.0,-9.49,123.73,-0.01,0,0,,,,0.0,0.0
66.19,REGROUND,87.53,-0.0,-9.49,123.78,-0.01,0,0,,,,0.0,0.0
66.24,REGROUND,87.53,-0.0,-9.49,123.83,-0.01,0,0,,,,0.0,0.0
66.29,REGROUND,87.53,-0.0,-9.49,123.88,-0.01,0,0,,,,0.0,0.0
66.34,REGROUND,87.53,-0.0,-9.49,123.93,-0.01,0,0,,,,0.0,0.0
66.39,REGROUND,87.53,-0.0,-9.49,123.98,-0.01,0,0,,,,0.0,0.0
66.44,REGROUND,87.53,-0.0,-9.49,124.03,-0.01,0,0,,,,0.0,0.0
66.49,REGROUND,87.53,-0.0,-9.49,124.08,-0.01,0,0,,,,0.0,0.0
66.54,REGROUND,87.53,-0.0,-9.49,124.13,-0.01,0,0,,,,0.0,0.0
66.59,REGROUND,87.53,-0.0,-9.49,124.18,-0.01,0,0,,,,0.0,0.0
66.64,REGROUND,87.53,-0.0,-9.49,124.23,-0.01,0,0,,,,0.0,0.0
66.69,REGROUND,87.53,-0.0,-9.49,124.28,-0.01,0,0,,,,0.0,0.0
66.74,REGROUND,87.53,-0.0,-9.49,124.33,-0.01,0,0,,,,0.0,0.0
66.79,REGROUND,87.53,-0.0,-9.49,124.38,-0.01,0,0,,,,0.0,0.0
66.84,REGROUND,87.53,-0.0,-9.49,124.43,-0.01,0,0,,,,0.0,0.0
66.89,REGROUND,87.53,-0.0,-9.49,124.48,-0.01,0,0,,,,0.0,0.0
66.94,REGROUND,87.53,-0.0,-9.49,124.53,-0.01,0,0,,,,0.0,0.0
66.99,REGROUND,87.53,-0.0,-9.49,124.58,-0.01,0,0,,,,0.0,0.0
67.04,REGROUND,87.53,-0.0,-9.49,124.63,-0.01,0,0,,,,0.0,0.0
67.09,REGROUND,87.53,-0.0,-9.49,124.68,-0.01,0,0,,,,0.0,0.0
67.14,REGROUND,87.53,-0.01,-9.49,124.73,-0.01,0,0,,,,0.0,0.0
67.19,REGROUND,87.53,-0.01,-9.49,124.78,-0.01,0,0,,,,0.0,0.0
67.24,REGROUND,87.53,-0.01,-9.49,124.83,-0.01,0,0,,,,0.0,0.0
67.29,REGROUND,87.53,-0.01,-9.49,124.88,-0.01,0,0,,,,0.0,0.0
67.34,REGROUND,87.53,-0.01,-9.49,124.93,-0.01,0,0,,,,0.0,0.0
67.39,REGROUND,87.53,-0.01,-9.49,124.98,-0.01,0,0,,,,0.0,0.0
67.44,REGROUND,87.53,-0.01,-9.49,125.03,-0.01,0,0,,,,0.0,0.0
67.49,REGROUND,87.53,-0.01,-9.49,125.08,-0.01,0,0,,,,0.0,0.0
67.54,REGROUND,87.53,-0.01,-9.49,125.13,-0.01,0,0,,,,0.0,0.0
67.59,REGROUND,87.53,-0.01,-9.49,125.18,-0.01,0,0,,,,0.0,0.0
67.64,REGROUND,87.53,-0.01,-9.49,125.23,-0.01,0,0,,,,0.0,0.0
67.69,REGROUND,87.53,-0.01,-9.49,125.28,-0.01,0,0,,,,0.0,0.0
67.74,REGROUND,87.53,-0.01,-9.49,125.33,-0.01,0,0,,,,0.0,0.0
67.79,REGROUND,87.53,-0.01,-9.49,125.38,-0.01,0,0,,,,0.0,0.0
67.84,REGROUND,87.53,-0.01,-9.49,125.43,-0.01,0,0,,,,0.0,0.0
67.89,REGROUND,87.53,-0.01,-9.49,125.48,-0.01,0,0,,,,0.0,0.0
67.94,REGROUND,87.53,-0.01,-9.49,125.53,-0.01,0,0,,,,0.0,0.0
67.99,REGROUND,87.53,-0.01,-9.49,125.58,-0.01,0,0,,,,0.0,0.0
68.04,REGROUND,87.53,-0.01,-9.49,125.63,-0.01,0,0,,,,0.0,0.0
68.09,REGROUND,87.53,-0.01,-9.49,125.68,-0.01,0,0,,,,0.0,0.0
68.14,REGROUND,87.53,-0.01,-9.49,125.73,-0.01,0,0,,,,0.0,0.0
68.19,REGROUND,87.53,-0.01,-9.49,125.79,-0.01,0,0,,,,0.0,0.0
68.24,REGROUND,87.53,-0.01,-9.49,125.84,-0.01,0,0,,,,0.0,0.0
68.29,REGROUND,87.53,-0.01,-9.49,125.89,-0.01,0,0,,,,0.0,0.0
68.34,REGROUND,87.52,-0.01,-9.49,125.94,-0.01,0,0,,,,0.0,0.0
68.39,REGROUND,87.52,-0.01,-9.49,125.99,-0.01,0,0,,,,0.0,0.0
68.44,REGROUND,87.52,-0.01,-9.48,126.04,-0.01,0,0,,,,0.0,0.0
68.49,REGROUND,87.52,-0.01,-9.48,126.09,-0.01,0,0,,,,0.0,0.0
68.54,REGROUND,87.52,-0.01,-9.48,126.14,-0.01,0,0,,,,0.0,0.0
68.59,REGROUND,87.52,-0.01,-9.48,126.19,-0.01,0,0,,,,0.0,0.0
68.64,REGROUND,87.52,-0.01,-9.48,126.24,-0.01,0,0,,,,0.0,0.0
68.69,REGROUND,87.52,-0.01,-9.48,126.29,-0.01,0,0,,,,0.0,0.0
68.74,REGROUND,87.52,-0.01,-9.48,126.34,-0.01,0,0,,,,0.0,0.0
68.79,REGROUND,87.52,-0.01,-9.48,126.39,-0.01,0,0,,,,0.0,0.0
68.84,REGROUND,87.52,-0.01,-9.48,126.44,-0.01,0,0,,,,0.0,0.0
68.89,REGROUND,87.52,-0.01,-9.48,126.49,-0.01,0,0,,,,0.0,0.0
68.94,REGROUND,87.52,-0.01,-9.48,126.54,-0.01,0,0,,,,0.0,0.0
68.99,REGROUND,87.52,-0.01,-9.48,126.59,-0.01,0,0,,,,0.0,0.0
69.04,REGROUND,87.52,-0.01,-9.48,126.64,-0.01,0,0,,,,0.0,0.0
69.09,REGROUND,87.52,-0.01,-9.48,126.69,-0.01,0,0,,,,0.0,0.0
69.14,REGROUND,87.52,-0.01,-9.48,126.74,-0.01,0,0,,,,0.0,0.0
69.19,REGROUND,87.52,-0.01,-9.48,126.79,-0.01,0,0,,,,0.0,0.0
69.24,REGROUND,87.52,-0.01,-9.48,126.84,-0.01,0,0,,,,0.0,0.0
69.29,REGROUND,87.52,-0.01,-9.48,126.89,-0.01,0,0,,,,0.0,0.0
69.34,REGROUND,87.52,-0.01,-9.48,126.94,-0.01,0,0,,,,0.0,0.0
69.39,REGROUND,87.52,-0.01,-9.48,126.99,-0.01,0,0,,,,0.0,0.0
69.44,REGROUND,87.52,-0.01,-9.48,127.04,-0.01,0,0,,,,0.0,0.0
69.49,REGROUND,87.52,-0.01,-9.48,127.09,-0.01,0,0,,,,0.0,0.0
69.54,REGROUND,87.52,-0.01,-9.48,127.14,-0.01,0,0,,,,0.0,0.0
69.59,REGROUND,87.52,-0.01,-9.48,127.19,-0.01,0,0,,,,0.0,0.0
69.64,REGROUND,87.52,-0.01,-9.48,127.24,-0.01,0,0,,,,0.0,0.0
69.69,REGROUND,87.52,-0.01,-9.48,127.29,-0.01,0,0,,,,0.0,0.0
69.74,REGROUND,87.52,-0.01,-9.48,127.34,-0.01,0,0,,,,0.0,0.0
69.79,REGROUND,87.52,-0.01,-9.48,127.39,-0.01,0,0,,,,0.0,0.0
69.84,REGROUND,87.52,-0.0,-9.48,127.44,-0.01,0,0,,,,0.0,0.0
69.89,REGROUND,87.52,-0.0,-9.48,127.49,-0.01,0,0,,,,0.0,0.0
69.94,REGROUND,87.52,-0.0,-9.48,127.54,-0.01,0,0,,,,0.0,0.0
69.99,REGROUND,87.52,-0.0,-9.48,127.59,-0.01,0,0,,,,0.0,0.0
70.04,REGROUND,87.52,-0.01,-9.48,127.64,-0.01,0,0,,,,0.0,0.0
70.09,REGROUND,87.52,-0.01,-9.48,127.69,-0.01,0,0,,,,0.0,0.0
70.14,REGROUND,87.52,-0.0,-9.48,127.74,-0.01,0,0,,,,0.0,0.0
70.19,REGROUND,87.52,-0.0,-9.48,127.79,-0.01,0,0,,,,0.0,0.0
70.24,REGROUND,87.52,-0.01,-9.48,127.84,-0.01,0,0,,,,0.0,0.0
70.29,REGROUND,87.52,-0.01,-9.48,127.89,-0.01,0,0,,,,0.0,0.0
70.34,REGROUND,87.52,-0.0,-9.48,127.94,-0.01,0,0,,,,0.0,0.0
70.39,REGROUND,87.52,-0.0,-9.48,127.99,-0.01,0,0,,,,0.0,0.0
70.44,REGROUND,87.52,-0.01,-9.48,128.04,-0.01,0,0,,,,0.0,0.0
70.49,REGROUND,87.52,-0.01,-9.48,128.09,-0.01,0,0,,,,0.0,0.0
70.54,REGROUND,87.52,-0.0,-9.48,128.14,-0.01,0,0,,,,0.0,0.0
70.59,REGROUND,87.52,-0.0,-9.48,128.19,-0.01,0,0,,,,0.0,0.0
70.64,REGROUND,87.52,-0.0,-9.48,128.24,-0.01,0,0,,,,0.0,0.0
70.69,REGROUND,87.52,-0.0,-9.48,128.29,-0.01,0,0,,,,0.0,0.0
70.74,REGROUND,87.52,-0.0,-9.48,128.34,-0.01,0,0,,,,0.0,0.0
70.79,REGROUND,87.52,-0.0,-9.48,128.39,-0.01,0,0,,,,0.0,0.0
70.84,REGROUND,87.52,-0.0,-9.48,128.44,-0.01,0,0,,,,0.0,0.0
70.89,REGROUND,87.52,-0.0,-9.48,128.49,-0.01,0,0,,,,0.0,0.0
70.94,REGROUND,87.52,-0.0,-9.48,128.54,-0.01,0,0,,,,0.0,0.0
70.99,REGROUND,87.52,-0.0,-9.48,128.59,-0.01,0,0,,,,0.0,0.0
71.04,REGROUND,87.52,-0.0,-9.48,128.64,-0.01,0,0,,,,0.0,0.0
71.09,REGROUND,87.52,-0.0,-9.48,128.69,-0.01,0,0,,,,0.0,0.0
71.14,REGROUND,87.52,-0.0,-9.48,128.74,-0.01,0,0,,,,0.0,0.0
71.19,REGROUND,87.52,-0.0,-9.48,128.79,-0.01,0,0,,,,0.0,0.0
71.24,REGROUND,87.52,-0.0,-9.48,128.84,-0.01,0,0,,,,0.0,0.0
71.29,REGROUND,87.52,-0.0,-9.48,128.89,-0.01,0,0,,,,0.0,0.0
71.34,REGROUND,87.52,-0.0,-9.49,128.94,-0.01,0,0,,,,0.0,0.0
71.39,REGROUND,87.52,-0.0,-9.49,128.99,-0.01,0,0,,,,0.0,0.0
71.44,REGROUND,87.52,-0.0,-9.49,129.04,-0.01,0,0,,,,0.0,0.0
71.49,REGROUND,87.52,-0.0,-9.49,129.09,-0.01,0,0,,,,0.0,0.0
71.54,REGROUND,87.52,-0.0,-9.49,129.14,-0.01,0,0,,,,0.0,0.0
71.59,REGROUND,87.52,-0.0,-9.49,129.19,-0.01,0,0,,,,0.0,0.0
71.64,REGROUND,87.52,-0.0,-9.49,129.24,-0.01,0,0,,,,0.0,0.0
71.69,REGROUND,87.52,-0.0,-9.49,129.29,-0.01,0,0,,,,0.0,0.0
71.75,REGROUND,87.52,-0.0,-9.49,129.34,-0.01,0,0,,,,0.0,0.0
71.8,REGROUND,87.52,-0.0,-9.49,129.39,-0.01,0,0,,,,0.0,0.0
71.85,REGROUND,87.52,-0.0,-9.49,129.44,-0.01,0,0,,,,0.0,0.0
71.9,REGROUND,87.52,-0.0,-9.49,129.49,-0.01,0,0,,,,0.0,0.0
71.95,REGROUND,87.52,-0.0,-9.49,129.54,-0.01,0,0,,,,0.0,0.0
72.0,REGROUND,87.52,-0.0,-9.49,129.59,-0.01,0,0,,,,0.0,0.0
72.05,REGROUND,87.52,-0.0,-9.49,129.64,-0.01,0,0,,,,0.0,0.0
72.1,REGROUND,87.52,-0.0,-9.49,129.69,-0.01,0,0,,,,0.0,0.0
72.15,REGROUND,87.52,-0.0,-9.49,129.74,-0.01,0,0,,,,0.0,0.0
72.2,REGROUND,87.52,-0.0,-9.49,129.79,-0.01,0,0,,,,0.0,0.0
72.25,REGROUND,87.52,-0.0,-9.49,129.84,-0.01,0,0,,,,0.0,0.0
72.3,REGROUND,87.52,-0.0,-9.49,129.89,-0.01,0,0,,,,0.0,0.0
72.35,REGROUND,87.52,-0.0,-9.49,129.94,-0.01,0,0,,,,0.0,0.0
72.4,REGROUND,87.52,-0.0,-9.49,129.99,-0.01,0,0,,,,0.0,0.0
72.45,REGROUND,87.52,-0.0,-9.49,130.04,-0.01,0,0,,,,0.0,0.0
72.5,REGROUND,87.52,-0.0,-9.49,130.09,-0.01,0,0,,,,0.0,0.0
72.55,REGROUND,87.52,-0.0,-9.49,130.14,-0.01,0,0,,,,0.0,0.0
72.6,REGROUND,87.52,-0.0,-9.49,130.19,-0.01,0,0,,,,0.0,0.0
72.65,REGROUND,87.52,-0.0,-9.49,130.24,-0.01,0,0,,,,0.0,0.0
72.7,REGROUND,87.52,-0.0,-9.49,130.29,-0.01,0,0,,,,0.0,0.0
72.75,REGROUND,87.52,-0.0,-9.49,130.34,-0.01,0,0,,,,0.0,0.0
72.8,REGROUND,87.52,-0.0,-9.49,130.39,-0.01,0,0,,,,0.0,0.0
72.85,REGROUND,87.52,-0.0,-9.49,130.44,-0.01,0,0,,,,0.0,0.0
72.9,REGROUND,87.52,-0.0,-9.49,130.49,-0.01,0,0,,,,0.0,0.0
72.95,REGROUND,87.52,-0.0,-9.49,130.54,-0.01,0,0,,,,0.0,0.0
73.0,REGROUND,87.52,-0.0,-9.49,130.59,-0.01,0,0,,,,0.0,0.0
73.05,REGROUND,87.52,-0.0,-9.49,130.64,-0.01,0,0,,,,0.0,0.0
73.1,REGROUND,87.52,-0.0,-9.49,130.69,-0.01,0,0,,,,0.0,0.0
73.15,REGROUND,87.52,-0.0,-9.49,130.74,-0.01,0,0,,,,0.0,0.0
73.2,REGROUND,87.52,-0.0,-9.49,130.79,-0.01,0,0,,,,0.0,0.0
73.25,REGROUND,87.52,-0.0,-9.49,130.84,-0.01,0,0,,,,0.0,0.0
73.3,REGROUND,87.52,-0.0,-9.49,130.89,-0.01,0,0,,,,0.0,0.0
73.35,REGROUND,87.53,-0.0,-9.49,130.94,-0.01,0,0,,,,0.0,0.0
73.4,REGROUND,87.53,-0.0,-9.49,130.99,-0.01,0,0,,,,0.0,0.0
73.45,REGROUND,87.53,-0.0,-9.49,131.04,-0.01,0,0,,,,0.0,0.0
73.5,REGROUND,87.53,-0.0,-9.49,131.09,-0.01,0,0,,,,0.0,0.0
73.55,REGROUND,87.53,-0.0,-9.49,131.14,-0.01,0,0,,,,0.0,0.0
73.6,REGROUND,87.53,-0.0,-9.49,131.19,-0.01,0,0,,,,0.0,0.0
73.65,REGROUND,87.53,-0.0,-9.49,131.24,-0.01,0,0,,,,0.0,0.0
73.7,REGROUND,87.53,-0.0,-9.49,131.29,-0.01,0,0,,,,0.0,0.0
73.75,REGROUND,87.53,-0.0,-9.49,131.34,-0.01,0,0,,,,0.0,0.0
73.8,REGROUND,87.53,-0.0,-9.49,131.39,-0.01,0,0,,,,0.0,0.0
73.85,REGROUND,87.53,-0.0,-9.49,131.44,-0.01,0,0,,,,0.0,0.0
73.9,REGROUND,87.53,-0.0,-9.49,131.49,-0.01,0,0,,,,0.0,0.0
73.95,REGROUND,87.53,-0.0,-9.49,131.54,-0.01,0,0,,,,0.0,0.0
74.0,REGROUND,87.53,-0.0,-9.49,131.59,-0.01,0,0,,,,0.0,0.0
74.05,REGROUND,87.53,-0.0,-9.49,131.64,-0.01,0,0,,,,0.0,0.0
74.1,REGROUND,87.53,-0.0,-9.49,131.69,-0.01,0,0,,,,0.0,0.0
74.15,REGROUND,87.53,-0.0,-9.49,131.74,-0.01,0,0,,,,0.0,0.0
74.2,REGROUND,87.53,-0.0,-9.49,131.79,-0.01,0,0,,,,0.0,0.0
74.25,REGROUND,87.53,-0.0,-9.49,131.84,-0.01,0,0,,,,0.0,0.0
74.3,REGROUND,87.53,-0.0,-9.49,131.89,-0.01,0,0,,,,0.0,0.0
74.35,REGROUND,87.53,-0.0,-9.48,131.94,-0.01,0,0,,,,0.0,0.0
74.4,REGROUND,87.53,-0.0,-9.48,131.99,-0.01,0,0,,,,0.0,0.0
74.45,REGROUND,87.53,-0.0,-9.48,132.04,-0.01,0,0,,,,0.0,0.0
74.5,REGROUND,87.53,-0.0,-9.48,132.09,-0.01,0,0,,,,0.0,0.0
74.55,REGROUND,87.53,-0.0,-9.48,132.14,-0.01,0,0,,,,0.0,0.0
74.6,REGROUND,87.53,-0.0,-9.48,132.19,-0.01,0,0,,,,0.0,0.0
74.65,REGROUND,87.53,-0.0,-9.48,132.24,-0.01,0,0,,,,0.0,0.0
74.7,REGROUND,87.53,-0.0,-9.48,132.29,-0.01,0,0,,,,0.0,0.0
74.75,REGROUND,87.53,-0.0,-9.48,132.34,-0.01,0,0,,,,0.0,0.0
74.8,REGROUND,87.53,-0.0,-9.48,132.39,-0.01,0,0,,,,0.0,0.0
74.85,REGROUND,87.53,-0.0,-9.48,132.44,-0.01,0,0,,,,0.0,0.0
74.9,REGROUND,87.53,-0.0,-9.48,132.49,-0.01,0,0,,,,0.0,0.0
74.95,REGROUND,87.53,-0.0,-9.48,132.54,-0.01,0,0,,,,0.0,0.0
75.0,REGROUND,87.53,-0.0,-9.48,132.59,-0.01,0,0,,,,0.0,0.0
